Any,Codi_Districte,Nom_Districte,Codi_Barri,Nom_Barri,Seccio_Censal,Import_Euros
2022,1,Ciutat Vella,1,el Raval,1,16403
2022,1,Ciutat Vella,1,el Raval,2,14708
2022,1,Ciutat Vella,1,el Raval,3,13387
2022,1,Ciutat Vella,1,el Raval,4,16566
2022,1,Ciutat Vella,1,el Raval,5,13894
2022,1,Ciutat Vella,1,el Raval,6,14903
2022,1,Ciutat Vella,1,el Raval,7,14184
2022,1,Ciutat Vella,1,el Raval,8,11486
2022,1,Ciutat Vella,1,el Raval,9,14404
2022,1,Ciutat Vella,1,el Raval,10,12662
2022,1,Ciutat Vella,1,el Raval,11,12598
2022,1,Ciutat Vella,1,el Raval,12,15534
2022,1,Ciutat Vella,1,el Raval,13,15645
2022,1,Ciutat Vella,1,el Raval,14,14931
2022,1,Ciutat Vella,1,el Raval,15,15706
2022,1,Ciutat Vella,1,el Raval,16,15272
2022,1,Ciutat Vella,1,el Raval,17,13318
2022,1,Ciutat Vella,1,el Raval,18,14876
2022,1,Ciutat Vella,1,el Raval,19,14772
2022,1,Ciutat Vella,1,el Raval,20,19568
2022,1,Ciutat Vella,1,el Raval,21,19864
2022,1,Ciutat Vella,2,el Barri Gòtic,22,23732
2022,1,Ciutat Vella,2,el Barri Gòtic,23,20758
2022,1,Ciutat Vella,2,el Barri Gòtic,25,19175
2022,1,Ciutat Vella,2,el Barri Gòtic,26,20118
2022,1,Ciutat Vella,2,el Barri Gòtic,27,17967
2022,1,Ciutat Vella,2,el Barri Gòtic,28,19557
2022,1,Ciutat Vella,2,el Barri Gòtic,29,16414
2022,1,Ciutat Vella,2,el Barri Gòtic,30,16549
2022,1,Ciutat Vella,2,el Barri Gòtic,31,15820
2022,1,Ciutat Vella,3,la Barceloneta,32,20263
2022,1,Ciutat Vella,3,la Barceloneta,33,18008
2022,1,Ciutat Vella,3,la Barceloneta,34,18127
2022,1,Ciutat Vella,3,la Barceloneta,35,18351
2022,1,Ciutat Vella,3,la Barceloneta,36,18542
2022,1,Ciutat Vella,3,la Barceloneta,37,19280
2022,1,Ciutat Vella,3,la Barceloneta,38,17161
2022,1,Ciutat Vella,3,la Barceloneta,39,18791
2022,1,Ciutat Vella,3,la Barceloneta,40,19512
2022,1,Ciutat Vella,3,la Barceloneta,41,18181
2022,1,Ciutat Vella,3,la Barceloneta,42,19150
2022,1,Ciutat Vella,4,"Sant Pere, Santa Caterina i la Ribera",43,25355
2022,1,Ciutat Vella,4,"Sant Pere, Santa Caterina i la Ribera",44,20940
2022,1,Ciutat Vella,4,"Sant Pere, Santa Caterina i la Ribera",45,20067
2022,1,Ciutat Vella,4,"Sant Pere, Santa Caterina i la Ribera",46,17922
2022,1,Ciutat Vella,4,"Sant Pere, Santa Caterina i la Ribera",47,20245
2022,1,Ciutat Vella,4,"Sant Pere, Santa Caterina i la Ribera",48,15845
2022,1,Ciutat Vella,4,"Sant Pere, Santa Caterina i la Ribera",49,19132
2022,1,Ciutat Vella,4,"Sant Pere, Santa Caterina i la Ribera",50,17985
2022,1,Ciutat Vella,4,"Sant Pere, Santa Caterina i la Ribera",51,18826
2022,1,Ciutat Vella,4,"Sant Pere, Santa Caterina i la Ribera",52,23539
2022,1,Ciutat Vella,4,"Sant Pere, Santa Caterina i la Ribera",53,18141
2022,1,Ciutat Vella,4,"Sant Pere, Santa Caterina i la Ribera",54,19720
2022,1,Ciutat Vella,4,"Sant Pere, Santa Caterina i la Ribera",55,22722
2022,2,Eixample,5,el Fort Pienc,1,23120
2022,2,Eixample,5,el Fort Pienc,2,23784
2022,2,Eixample,5,el Fort Pienc,3,26779
2022,2,Eixample,5,el Fort Pienc,4,21084
2022,2,Eixample,5,el Fort Pienc,5,24892
2022,2,Eixample,5,el Fort Pienc,6,25749
2022,2,Eixample,5,el Fort Pienc,7,28715
2022,2,Eixample,5,el Fort Pienc,8,25942
2022,2,Eixample,5,el Fort Pienc,9,25143
2022,2,Eixample,5,el Fort Pienc,10,23083
2022,2,Eixample,5,el Fort Pienc,11,25040
2022,2,Eixample,5,el Fort Pienc,12,21018
2022,2,Eixample,5,el Fort Pienc,13,22484
2022,2,Eixample,5,el Fort Pienc,14,21349
2022,2,Eixample,5,el Fort Pienc,15,20743
2022,2,Eixample,5,el Fort Pienc,16,26785
2022,2,Eixample,5,el Fort Pienc,17,26993
2022,2,Eixample,5,el Fort Pienc,18,25107
2022,2,Eixample,5,el Fort Pienc,19,24516
2022,2,Eixample,5,el Fort Pienc,20,23356
2022,2,Eixample,6,la Sagrada Família,21,24017
2022,2,Eixample,6,la Sagrada Família,22,24280
2022,2,Eixample,6,la Sagrada Família,23,24982
2022,2,Eixample,6,la Sagrada Família,24,22410
2022,2,Eixample,6,la Sagrada Família,25,22635
2022,2,Eixample,6,la Sagrada Família,26,22988
2022,2,Eixample,6,la Sagrada Família,27,23339
2022,2,Eixample,6,la Sagrada Família,28,23358
2022,2,Eixample,6,la Sagrada Família,29,23989
2022,2,Eixample,6,la Sagrada Família,30,20735
2022,2,Eixample,6,la Sagrada Família,31,24993
2022,2,Eixample,6,la Sagrada Família,32,24508
2022,2,Eixample,6,la Sagrada Família,33,24335
2022,2,Eixample,6,la Sagrada Família,34,22139
2022,2,Eixample,6,la Sagrada Família,35,24967
2022,2,Eixample,6,la Sagrada Família,36,25790
2022,2,Eixample,6,la Sagrada Família,37,26990
2022,2,Eixample,6,la Sagrada Família,38,26944
2022,2,Eixample,6,la Sagrada Família,39,23674
2022,2,Eixample,6,la Sagrada Família,40,21540
2022,2,Eixample,6,la Sagrada Família,41,23463
2022,2,Eixample,6,la Sagrada Família,42,25517
2022,2,Eixample,6,la Sagrada Família,43,24839
2022,2,Eixample,6,la Sagrada Família,44,21323
2022,2,Eixample,6,la Sagrada Família,45,25502
2022,2,Eixample,6,la Sagrada Família,46,22227
2022,2,Eixample,6,la Sagrada Família,47,23039
2022,2,Eixample,6,la Sagrada Família,48,22934
2022,2,Eixample,6,la Sagrada Família,49,22238
2022,2,Eixample,6,la Sagrada Família,50,23878
2022,2,Eixample,6,la Sagrada Família,51,20974
2022,2,Eixample,6,la Sagrada Família,52,24524
2022,2,Eixample,6,la Sagrada Família,53,24904
2022,2,Eixample,6,la Sagrada Família,54,24460
2022,2,Eixample,7,la Dreta de l'Eixample,55,25562
2022,2,Eixample,7,la Dreta de l'Eixample,56,26318
2022,2,Eixample,7,la Dreta de l'Eixample,57,30714
2022,2,Eixample,7,la Dreta de l'Eixample,58,28604
2022,2,Eixample,7,la Dreta de l'Eixample,59,26810
2022,2,Eixample,7,la Dreta de l'Eixample,60,26205
2022,2,Eixample,7,la Dreta de l'Eixample,61,25146
2022,2,Eixample,7,la Dreta de l'Eixample,62,28556
2022,2,Eixample,7,la Dreta de l'Eixample,63,30454
2022,2,Eixample,7,la Dreta de l'Eixample,64,32171
2022,2,Eixample,7,la Dreta de l'Eixample,65,25798
2022,2,Eixample,7,la Dreta de l'Eixample,66,26320
2022,2,Eixample,7,la Dreta de l'Eixample,67,24563
2022,2,Eixample,7,la Dreta de l'Eixample,68,24214
2022,2,Eixample,7,la Dreta de l'Eixample,69,27040
2022,2,Eixample,7,la Dreta de l'Eixample,70,28181
2022,2,Eixample,7,la Dreta de l'Eixample,71,29529
2022,2,Eixample,7,la Dreta de l'Eixample,72,30951
2022,2,Eixample,7,la Dreta de l'Eixample,73,28755
2022,2,Eixample,7,la Dreta de l'Eixample,74,30471
2022,2,Eixample,7,la Dreta de l'Eixample,75,28011
2022,2,Eixample,7,la Dreta de l'Eixample,76,31741
2022,2,Eixample,7,la Dreta de l'Eixample,77,26804
2022,2,Eixample,7,la Dreta de l'Eixample,78,28193
2022,2,Eixample,7,la Dreta de l'Eixample,79,30817
2022,2,Eixample,7,la Dreta de l'Eixample,80,26091
2022,2,Eixample,7,la Dreta de l'Eixample,81,30594
2022,2,Eixample,7,la Dreta de l'Eixample,82,33423
2022,2,Eixample,7,la Dreta de l'Eixample,83,32339
2022,2,Eixample,8,l'Antiga Esquerra de l'Eixample,84,27840
2022,2,Eixample,8,l'Antiga Esquerra de l'Eixample,85,28971
2022,2,Eixample,8,l'Antiga Esquerra de l'Eixample,86,30643
2022,2,Eixample,8,l'Antiga Esquerra de l'Eixample,87,27159
2022,2,Eixample,8,l'Antiga Esquerra de l'Eixample,88,29208
2022,2,Eixample,8,l'Antiga Esquerra de l'Eixample,89,28475
2022,2,Eixample,8,l'Antiga Esquerra de l'Eixample,90,26532
2022,2,Eixample,8,l'Antiga Esquerra de l'Eixample,91,26853
2022,2,Eixample,8,l'Antiga Esquerra de l'Eixample,92,26089
2022,2,Eixample,8,l'Antiga Esquerra de l'Eixample,93,25826
2022,2,Eixample,8,l'Antiga Esquerra de l'Eixample,94,26959
2022,2,Eixample,8,l'Antiga Esquerra de l'Eixample,95,27039
2022,2,Eixample,8,l'Antiga Esquerra de l'Eixample,96,25021
2022,2,Eixample,8,l'Antiga Esquerra de l'Eixample,97,25333
2022,2,Eixample,8,l'Antiga Esquerra de l'Eixample,98,28631
2022,2,Eixample,8,l'Antiga Esquerra de l'Eixample,99,28884
2022,2,Eixample,8,l'Antiga Esquerra de l'Eixample,100,27790
2022,2,Eixample,8,l'Antiga Esquerra de l'Eixample,101,26814
2022,2,Eixample,8,l'Antiga Esquerra de l'Eixample,102,30277
2022,2,Eixample,8,l'Antiga Esquerra de l'Eixample,103,23813
2022,2,Eixample,8,l'Antiga Esquerra de l'Eixample,104,28061
2022,2,Eixample,8,l'Antiga Esquerra de l'Eixample,105,24213
2022,2,Eixample,8,l'Antiga Esquerra de l'Eixample,106,29125
2022,2,Eixample,8,l'Antiga Esquerra de l'Eixample,107,27831
2022,2,Eixample,8,l'Antiga Esquerra de l'Eixample,108,29748
2022,2,Eixample,8,l'Antiga Esquerra de l'Eixample,109,31293
2022,2,Eixample,9,la Nova Esquerra de l'Eixample,110,26300
2022,2,Eixample,9,la Nova Esquerra de l'Eixample,111,26331
2022,2,Eixample,9,la Nova Esquerra de l'Eixample,112,31524
2022,2,Eixample,9,la Nova Esquerra de l'Eixample,113,30320
2022,2,Eixample,9,la Nova Esquerra de l'Eixample,114,26453
2022,2,Eixample,9,la Nova Esquerra de l'Eixample,115,24487
2022,2,Eixample,9,la Nova Esquerra de l'Eixample,116,29776
2022,2,Eixample,9,la Nova Esquerra de l'Eixample,117,24463
2022,2,Eixample,9,la Nova Esquerra de l'Eixample,118,29154
2022,2,Eixample,9,la Nova Esquerra de l'Eixample,119,27903
2022,2,Eixample,9,la Nova Esquerra de l'Eixample,120,25777
2022,2,Eixample,9,la Nova Esquerra de l'Eixample,121,28323
2022,2,Eixample,9,la Nova Esquerra de l'Eixample,122,27956
2022,2,Eixample,9,la Nova Esquerra de l'Eixample,123,26079
2022,2,Eixample,9,la Nova Esquerra de l'Eixample,124,26816
2022,2,Eixample,9,la Nova Esquerra de l'Eixample,125,25606
2022,2,Eixample,9,la Nova Esquerra de l'Eixample,126,27628
2022,2,Eixample,9,la Nova Esquerra de l'Eixample,127,25051
2022,2,Eixample,9,la Nova Esquerra de l'Eixample,128,24630
2022,2,Eixample,9,la Nova Esquerra de l'Eixample,129,25144
2022,2,Eixample,9,la Nova Esquerra de l'Eixample,130,33805
2022,2,Eixample,9,la Nova Esquerra de l'Eixample,131,25952
2022,2,Eixample,9,la Nova Esquerra de l'Eixample,132,26238
2022,2,Eixample,9,la Nova Esquerra de l'Eixample,133,25050
2022,2,Eixample,9,la Nova Esquerra de l'Eixample,134,24252
2022,2,Eixample,9,la Nova Esquerra de l'Eixample,135,24138
2022,2,Eixample,9,la Nova Esquerra de l'Eixample,136,25556
2022,2,Eixample,9,la Nova Esquerra de l'Eixample,137,23270
2022,2,Eixample,9,la Nova Esquerra de l'Eixample,138,25710
2022,2,Eixample,9,la Nova Esquerra de l'Eixample,139,25315
2022,2,Eixample,9,la Nova Esquerra de l'Eixample,140,25784
2022,2,Eixample,9,la Nova Esquerra de l'Eixample,141,23879
2022,2,Eixample,9,la Nova Esquerra de l'Eixample,142,22543
2022,2,Eixample,9,la Nova Esquerra de l'Eixample,143,24981
2022,2,Eixample,9,la Nova Esquerra de l'Eixample,144,26473
2022,2,Eixample,9,la Nova Esquerra de l'Eixample,145,24324
2022,2,Eixample,9,la Nova Esquerra de l'Eixample,146,23657
2022,2,Eixample,9,la Nova Esquerra de l'Eixample,147,23904
2022,2,Eixample,9,la Nova Esquerra de l'Eixample,148,26668
2022,2,Eixample,9,la Nova Esquerra de l'Eixample,149,24235
2022,2,Eixample,10,Sant Antoni,150,21793
2022,2,Eixample,10,Sant Antoni,151,25018
2022,2,Eixample,10,Sant Antoni,152,25614
2022,2,Eixample,10,Sant Antoni,153,26107
2022,2,Eixample,10,Sant Antoni,154,19896
2022,2,Eixample,10,Sant Antoni,155,22285
2022,2,Eixample,10,Sant Antoni,156,24756
2022,2,Eixample,10,Sant Antoni,157,22594
2022,2,Eixample,10,Sant Antoni,158,23302
2022,2,Eixample,10,Sant Antoni,159,23095
2022,2,Eixample,10,Sant Antoni,160,26632
2022,2,Eixample,10,Sant Antoni,161,24269
2022,2,Eixample,10,Sant Antoni,162,22331
2022,2,Eixample,10,Sant Antoni,163,25382
2022,2,Eixample,10,Sant Antoni,164,24103
2022,2,Eixample,10,Sant Antoni,165,25128
2022,2,Eixample,10,Sant Antoni,166,22912
2022,2,Eixample,10,Sant Antoni,167,23925
2022,2,Eixample,10,Sant Antoni,168,23531
2022,2,Eixample,10,Sant Antoni,169,24553
2022,2,Eixample,10,Sant Antoni,170,23838
2022,2,Eixample,10,Sant Antoni,171,21115
2022,2,Eixample,10,Sant Antoni,172,22802
2022,2,Eixample,10,Sant Antoni,173,23822
2022,3,Sants-Montjuïc,11,el Poble Sec - AEI Parc Montjuïc,1,20408
2022,3,Sants-Montjuïc,11,el Poble Sec - AEI Parc Montjuïc,2,19564
2022,3,Sants-Montjuïc,11,el Poble Sec - AEI Parc Montjuïc,3,18570
2022,3,Sants-Montjuïc,11,el Poble Sec - AEI Parc Montjuïc,4,21630
2022,3,Sants-Montjuïc,11,el Poble Sec - AEI Parc Montjuïc,5,19071
2022,3,Sants-Montjuïc,11,el Poble Sec - AEI Parc Montjuïc,6,19699
2022,3,Sants-Montjuïc,11,el Poble Sec - AEI Parc Montjuïc,7,18798
2022,3,Sants-Montjuïc,11,el Poble Sec - AEI Parc Montjuïc,8,18919
2022,3,Sants-Montjuïc,11,el Poble Sec - AEI Parc Montjuïc,9,20271
2022,3,Sants-Montjuïc,11,el Poble Sec - AEI Parc Montjuïc,10,17912
2022,3,Sants-Montjuïc,11,el Poble Sec - AEI Parc Montjuïc,11,16639
2022,3,Sants-Montjuïc,11,el Poble Sec - AEI Parc Montjuïc,12,19191
2022,3,Sants-Montjuïc,11,el Poble Sec - AEI Parc Montjuïc,13,18258
2022,3,Sants-Montjuïc,11,el Poble Sec - AEI Parc Montjuïc,14,18011
2022,3,Sants-Montjuïc,11,el Poble Sec - AEI Parc Montjuïc,15,18347
2022,3,Sants-Montjuïc,11,el Poble Sec - AEI Parc Montjuïc,16,17928
2022,3,Sants-Montjuïc,11,el Poble Sec - AEI Parc Montjuïc,17,17562
2022,3,Sants-Montjuïc,11,el Poble Sec - AEI Parc Montjuïc,18,19001
2022,3,Sants-Montjuïc,11,el Poble Sec - AEI Parc Montjuïc,19,18273
2022,3,Sants-Montjuïc,11,el Poble Sec - AEI Parc Montjuïc,20,20275
2022,3,Sants-Montjuïc,11,el Poble Sec - AEI Parc Montjuïc,21,20279
2022,3,Sants-Montjuïc,11,el Poble Sec - AEI Parc Montjuïc,22,20853
2022,3,Sants-Montjuïc,11,el Poble Sec - AEI Parc Montjuïc,23,18340
2022,3,Sants-Montjuïc,11,el Poble Sec - AEI Parc Montjuïc,24,18132
2022,3,Sants-Montjuïc,12,la Marina del Prat Vermell - AEI Zona Franca,25,16888
2022,3,Sants-Montjuïc,13,la Marina de Port,26,18809
2022,3,Sants-Montjuïc,13,la Marina de Port,27,20791
2022,3,Sants-Montjuïc,13,la Marina de Port,28,22903
2022,3,Sants-Montjuïc,13,la Marina de Port,29,18851
2022,3,Sants-Montjuïc,13,la Marina de Port,30,20094
2022,3,Sants-Montjuïc,13,la Marina de Port,31,18753
2022,3,Sants-Montjuïc,13,la Marina de Port,32,16790
2022,3,Sants-Montjuïc,13,la Marina de Port,33,15328
2022,3,Sants-Montjuïc,13,la Marina de Port,34,18950
2022,3,Sants-Montjuïc,13,la Marina de Port,35,19882
2022,3,Sants-Montjuïc,13,la Marina de Port,36,21585
2022,3,Sants-Montjuïc,13,la Marina de Port,37,21611
2022,3,Sants-Montjuïc,13,la Marina de Port,38,15763
2022,3,Sants-Montjuïc,13,la Marina de Port,39,15153
2022,3,Sants-Montjuïc,14,la Font de la Guatlla,40,24262
2022,3,Sants-Montjuïc,14,la Font de la Guatlla,41,21021
2022,3,Sants-Montjuïc,14,la Font de la Guatlla,42,21561
2022,3,Sants-Montjuïc,14,la Font de la Guatlla,43,22443
2022,3,Sants-Montjuïc,14,la Font de la Guatlla,44,20514
2022,3,Sants-Montjuïc,14,la Font de la Guatlla,45,22323
2022,3,Sants-Montjuïc,14,la Font de la Guatlla,46,24358
2022,3,Sants-Montjuïc,15,Hostafrancs,47,20875
2022,3,Sants-Montjuïc,15,Hostafrancs,48,25263
2022,3,Sants-Montjuïc,15,Hostafrancs,49,21665
2022,3,Sants-Montjuïc,15,Hostafrancs,50,23265
2022,3,Sants-Montjuïc,15,Hostafrancs,51,18987
2022,3,Sants-Montjuïc,15,Hostafrancs,52,20669
2022,3,Sants-Montjuïc,15,Hostafrancs,53,19658
2022,3,Sants-Montjuïc,15,Hostafrancs,54,22466
2022,3,Sants-Montjuïc,15,Hostafrancs,55,21748
2022,3,Sants-Montjuïc,15,Hostafrancs,56,20509
2022,3,Sants-Montjuïc,16,la Bordeta,57,21045
2022,3,Sants-Montjuïc,16,la Bordeta,58,26590
2022,3,Sants-Montjuïc,16,la Bordeta,59,20360
2022,3,Sants-Montjuïc,16,la Bordeta,60,23679
2022,3,Sants-Montjuïc,16,la Bordeta,61,21415
2022,3,Sants-Montjuïc,16,la Bordeta,62,21892
2022,3,Sants-Montjuïc,16,la Bordeta,63,21730
2022,3,Sants-Montjuïc,16,la Bordeta,64,22256
2022,3,Sants-Montjuïc,16,la Bordeta,65,21835
2022,3,Sants-Montjuïc,16,la Bordeta,66,20123
2022,3,Sants-Montjuïc,16,la Bordeta,67,21917
2022,3,Sants-Montjuïc,16,la Bordeta,68,19069
2022,3,Sants-Montjuïc,16,la Bordeta,69,22541
2022,3,Sants-Montjuïc,17,Sants - Badal,70,18509
2022,3,Sants-Montjuïc,17,Sants - Badal,71,19363
2022,3,Sants-Montjuïc,17,Sants - Badal,72,19341
2022,3,Sants-Montjuïc,17,Sants - Badal,73,22119
2022,3,Sants-Montjuïc,17,Sants - Badal,74,21399
2022,3,Sants-Montjuïc,17,Sants - Badal,75,19677
2022,3,Sants-Montjuïc,17,Sants - Badal,76,20107
2022,3,Sants-Montjuïc,17,Sants - Badal,77,20297
2022,3,Sants-Montjuïc,17,Sants - Badal,78,19683
2022,3,Sants-Montjuïc,17,Sants - Badal,79,19162
2022,3,Sants-Montjuïc,17,Sants - Badal,80,20804
2022,3,Sants-Montjuïc,17,Sants - Badal,81,21178
2022,3,Sants-Montjuïc,17,Sants - Badal,82,23810
2022,3,Sants-Montjuïc,17,Sants - Badal,83,22094
2022,3,Sants-Montjuïc,17,Sants - Badal,84,22431
2022,3,Sants-Montjuïc,17,Sants - Badal,85,25012
2022,3,Sants-Montjuïc,18,Sants,86,26187
2022,3,Sants-Montjuïc,18,Sants,87,25173
2022,3,Sants-Montjuïc,18,Sants,88,22947
2022,3,Sants-Montjuïc,18,Sants,89,24004
2022,3,Sants-Montjuïc,18,Sants,90,26239
2022,3,Sants-Montjuïc,18,Sants,91,23635
2022,3,Sants-Montjuïc,18,Sants,92,22951
2022,3,Sants-Montjuïc,18,Sants,93,24009
2022,3,Sants-Montjuïc,18,Sants,94,24471
2022,3,Sants-Montjuïc,18,Sants,95,23398
2022,3,Sants-Montjuïc,18,Sants,96,20982
2022,3,Sants-Montjuïc,18,Sants,97,17845
2022,3,Sants-Montjuïc,18,Sants,98,19786
2022,3,Sants-Montjuïc,18,Sants,99,22718
2022,3,Sants-Montjuïc,18,Sants,100,22305
2022,3,Sants-Montjuïc,18,Sants,101,22210
2022,3,Sants-Montjuïc,18,Sants,102,22412
2022,3,Sants-Montjuïc,18,Sants,103,22139
2022,3,Sants-Montjuïc,18,Sants,104,21742
2022,3,Sants-Montjuïc,18,Sants,105,21376
2022,3,Sants-Montjuïc,18,Sants,106,22988
2022,3,Sants-Montjuïc,18,Sants,107,22207
2022,3,Sants-Montjuïc,18,Sants,108,22474
2022,3,Sants-Montjuïc,18,Sants,109,23867
2022,3,Sants-Montjuïc,18,Sants,110,24212
2022,3,Sants-Montjuïc,18,Sants,111,24597
2022,3,Sants-Montjuïc,18,Sants,112,25138
2022,3,Sants-Montjuïc,18,Sants,113,28764
2022,3,Sants-Montjuïc,18,Sants,114,27547
2022,3,Sants-Montjuïc,13,la Marina de Port,211,20115
2022,3,Sants-Montjuïc,13,la Marina de Port,212,18428
2022,3,Sants-Montjuïc,13,la Marina de Port,213,16359
2022,4,Les Corts,19,les Corts,1,25581
2022,4,Les Corts,19,les Corts,2,26446
2022,4,Les Corts,19,les Corts,3,26477
2022,4,Les Corts,19,les Corts,4,24943
2022,4,Les Corts,19,les Corts,5,25771
2022,4,Les Corts,19,les Corts,6,26649
2022,4,Les Corts,19,les Corts,7,24466
2022,4,Les Corts,19,les Corts,8,23909
2022,4,Les Corts,19,les Corts,9,26036
2022,4,Les Corts,19,les Corts,10,28752
2022,4,Les Corts,19,les Corts,11,29000
2022,4,Les Corts,19,les Corts,12,28447
2022,4,Les Corts,19,les Corts,13,29362
2022,4,Les Corts,19,les Corts,14,28206
2022,4,Les Corts,19,les Corts,15,27525
2022,4,Les Corts,19,les Corts,16,29630
2022,4,Les Corts,19,les Corts,17,28354
2022,4,Les Corts,19,les Corts,18,29872
2022,4,Les Corts,19,les Corts,19,33129
2022,4,Les Corts,19,les Corts,20,29420
2022,4,Les Corts,19,les Corts,21,31488
2022,4,Les Corts,19,les Corts,22,28066
2022,4,Les Corts,19,les Corts,23,35922
2022,4,Les Corts,19,les Corts,24,37137
2022,4,Les Corts,19,les Corts,25,28323
2022,4,Les Corts,19,les Corts,26,27704
2022,4,Les Corts,19,les Corts,27,28864
2022,4,Les Corts,19,les Corts,28,26437
2022,4,Les Corts,19,les Corts,29,30157
2022,4,Les Corts,19,les Corts,30,28836
2022,4,Les Corts,19,les Corts,31,26535
2022,4,Les Corts,19,les Corts,32,26042
2022,4,Les Corts,19,les Corts,33,25328
2022,4,Les Corts,19,les Corts,34,30072
2022,4,Les Corts,19,les Corts,35,28387
2022,4,Les Corts,20,la Maternitat i Sant Ramon,36,24225
2022,4,Les Corts,20,la Maternitat i Sant Ramon,37,25510
2022,4,Les Corts,20,la Maternitat i Sant Ramon,38,24999
2022,4,Les Corts,20,la Maternitat i Sant Ramon,39,23877
2022,4,Les Corts,20,la Maternitat i Sant Ramon,40,21373
2022,4,Les Corts,20,la Maternitat i Sant Ramon,41,22239
2022,4,Les Corts,20,la Maternitat i Sant Ramon,42,20550
2022,4,Les Corts,20,la Maternitat i Sant Ramon,43,27631
2022,4,Les Corts,20,la Maternitat i Sant Ramon,44,23045
2022,4,Les Corts,20,la Maternitat i Sant Ramon,45,23675
2022,4,Les Corts,20,la Maternitat i Sant Ramon,46,29658
2022,4,Les Corts,20,la Maternitat i Sant Ramon,47,26157
2022,4,Les Corts,20,la Maternitat i Sant Ramon,48,28028
2022,4,Les Corts,20,la Maternitat i Sant Ramon,49,35898
2022,4,Les Corts,21,Pedralbes,50,37200
2022,4,Les Corts,21,Pedralbes,51,30022
2022,4,Les Corts,21,Pedralbes,52,37460
2022,4,Les Corts,21,Pedralbes,53,23417
2022,4,Les Corts,21,Pedralbes,54,31884
2022,4,Les Corts,21,Pedralbes,55,37126
2022,4,Les Corts,21,Pedralbes,56,38022
2022,4,Les Corts,20,la Maternitat i Sant Ramon,84,29808
2022,5,Sarrià-St. Gervasi,22,"Vallvidrera, el Tibidabo i les Planes",1,23129
2022,5,Sarrià-St. Gervasi,22,"Vallvidrera, el Tibidabo i les Planes",2,30424
2022,5,Sarrià-St. Gervasi,22,"Vallvidrera, el Tibidabo i les Planes",3,30350
2022,5,Sarrià-St. Gervasi,23,Sarrià,4,37573
2022,5,Sarrià-St. Gervasi,23,Sarrià,5,28886
2022,5,Sarrià-St. Gervasi,23,Sarrià,6,39096
2022,5,Sarrià-St. Gervasi,23,Sarrià,7,32700
2022,5,Sarrià-St. Gervasi,23,Sarrià,8,39095
2022,5,Sarrià-St. Gervasi,23,Sarrià,9,29981
2022,5,Sarrià-St. Gervasi,23,Sarrià,10,28929
2022,5,Sarrià-St. Gervasi,23,Sarrià,11,29562
2022,5,Sarrià-St. Gervasi,23,Sarrià,12,28211
2022,5,Sarrià-St. Gervasi,23,Sarrià,13,33034
2022,5,Sarrià-St. Gervasi,23,Sarrià,14,32577
2022,5,Sarrià-St. Gervasi,23,Sarrià,15,31704
2022,5,Sarrià-St. Gervasi,23,Sarrià,16,26609
2022,5,Sarrià-St. Gervasi,23,Sarrià,17,38310
2022,5,Sarrià-St. Gervasi,23,Sarrià,18,30827
2022,5,Sarrià-St. Gervasi,23,Sarrià,19,36684
2022,5,Sarrià-St. Gervasi,24,les Tres Torres,20,35821
2022,5,Sarrià-St. Gervasi,24,les Tres Torres,21,40393
2022,5,Sarrià-St. Gervasi,24,les Tres Torres,22,38311
2022,5,Sarrià-St. Gervasi,24,les Tres Torres,23,27818
2022,5,Sarrià-St. Gervasi,24,les Tres Torres,24,37503
2022,5,Sarrià-St. Gervasi,24,les Tres Torres,25,38579
2022,5,Sarrià-St. Gervasi,24,les Tres Torres,26,38461
2022,5,Sarrià-St. Gervasi,24,les Tres Torres,27,36734
2022,5,Sarrià-St. Gervasi,24,les Tres Torres,28,37593
2022,5,Sarrià-St. Gervasi,24,les Tres Torres,29,38391
2022,5,Sarrià-St. Gervasi,24,les Tres Torres,30,38918
2022,5,Sarrià-St. Gervasi,25,Sant Gervasi - la Bonanova,31,37727
2022,5,Sarrià-St. Gervasi,25,Sant Gervasi - la Bonanova,32,39187
2022,5,Sarrià-St. Gervasi,25,Sant Gervasi - la Bonanova,33,36126
2022,5,Sarrià-St. Gervasi,25,Sant Gervasi - la Bonanova,34,30371
2022,5,Sarrià-St. Gervasi,25,Sant Gervasi - la Bonanova,35,36642
2022,5,Sarrià-St. Gervasi,25,Sant Gervasi - la Bonanova,36,36585
2022,5,Sarrià-St. Gervasi,25,Sant Gervasi - la Bonanova,37,20881
2022,5,Sarrià-St. Gervasi,25,Sant Gervasi - la Bonanova,38,28161
2022,5,Sarrià-St. Gervasi,25,Sant Gervasi - la Bonanova,39,34608
2022,5,Sarrià-St. Gervasi,25,Sant Gervasi - la Bonanova,40,28324
2022,5,Sarrià-St. Gervasi,25,Sant Gervasi - la Bonanova,41,30667
2022,5,Sarrià-St. Gervasi,25,Sant Gervasi - la Bonanova,42,31873
2022,5,Sarrià-St. Gervasi,25,Sant Gervasi - la Bonanova,43,28610
2022,5,Sarrià-St. Gervasi,25,Sant Gervasi - la Bonanova,44,29997
2022,5,Sarrià-St. Gervasi,25,Sant Gervasi - la Bonanova,45,34878
2022,5,Sarrià-St. Gervasi,25,Sant Gervasi - la Bonanova,46,36873
2022,5,Sarrià-St. Gervasi,25,Sant Gervasi - la Bonanova,47,30385
2022,5,Sarrià-St. Gervasi,25,Sant Gervasi - la Bonanova,48,36270
2022,5,Sarrià-St. Gervasi,26,Sant Gervasi - Galvany,49,36895
2022,5,Sarrià-St. Gervasi,26,Sant Gervasi - Galvany,50,28703
2022,5,Sarrià-St. Gervasi,26,Sant Gervasi - Galvany,51,33727
2022,5,Sarrià-St. Gervasi,26,Sant Gervasi - Galvany,52,37953
2022,5,Sarrià-St. Gervasi,26,Sant Gervasi - Galvany,53,38662
2022,5,Sarrià-St. Gervasi,26,Sant Gervasi - Galvany,54,38019
2022,5,Sarrià-St. Gervasi,26,Sant Gervasi - Galvany,55,36512
2022,5,Sarrià-St. Gervasi,26,Sant Gervasi - Galvany,56,32831
2022,5,Sarrià-St. Gervasi,26,Sant Gervasi - Galvany,57,38379
2022,5,Sarrià-St. Gervasi,26,Sant Gervasi - Galvany,58,37863
2022,5,Sarrià-St. Gervasi,26,Sant Gervasi - Galvany,59,38285
2022,5,Sarrià-St. Gervasi,26,Sant Gervasi - Galvany,60,37164
2022,5,Sarrià-St. Gervasi,26,Sant Gervasi - Galvany,61,31680
2022,5,Sarrià-St. Gervasi,26,Sant Gervasi - Galvany,62,35048
2022,5,Sarrià-St. Gervasi,26,Sant Gervasi - Galvany,63,34107
2022,5,Sarrià-St. Gervasi,26,Sant Gervasi - Galvany,64,36355
2022,5,Sarrià-St. Gervasi,26,Sant Gervasi - Galvany,65,30213
2022,5,Sarrià-St. Gervasi,26,Sant Gervasi - Galvany,66,34590
2022,5,Sarrià-St. Gervasi,26,Sant Gervasi - Galvany,67,32543
2022,5,Sarrià-St. Gervasi,26,Sant Gervasi - Galvany,68,29765
2022,5,Sarrià-St. Gervasi,26,Sant Gervasi - Galvany,69,30207
2022,5,Sarrià-St. Gervasi,26,Sant Gervasi - Galvany,70,28911
2022,5,Sarrià-St. Gervasi,26,Sant Gervasi - Galvany,71,28727
2022,5,Sarrià-St. Gervasi,26,Sant Gervasi - Galvany,72,27530
2022,5,Sarrià-St. Gervasi,26,Sant Gervasi - Galvany,73,28321
2022,5,Sarrià-St. Gervasi,26,Sant Gervasi - Galvany,74,32790
2022,5,Sarrià-St. Gervasi,26,Sant Gervasi - Galvany,75,29199
2022,5,Sarrià-St. Gervasi,26,Sant Gervasi - Galvany,76,31350
2022,5,Sarrià-St. Gervasi,26,Sant Gervasi - Galvany,77,32179
2022,5,Sarrià-St. Gervasi,26,Sant Gervasi - Galvany,78,33550
2022,5,Sarrià-St. Gervasi,26,Sant Gervasi - Galvany,79,30805
2022,5,Sarrià-St. Gervasi,27,el Putxet i el Farró,80,29777
2022,5,Sarrià-St. Gervasi,27,el Putxet i el Farró,81,27585
2022,5,Sarrià-St. Gervasi,27,el Putxet i el Farró,82,28359
2022,5,Sarrià-St. Gervasi,27,el Putxet i el Farró,83,28586
2022,5,Sarrià-St. Gervasi,27,el Putxet i el Farró,84,28379
2022,5,Sarrià-St. Gervasi,27,el Putxet i el Farró,85,25771
2022,5,Sarrià-St. Gervasi,27,el Putxet i el Farró,86,27703
2022,5,Sarrià-St. Gervasi,27,el Putxet i el Farró,87,28912
2022,5,Sarrià-St. Gervasi,27,el Putxet i el Farró,88,29599
2022,5,Sarrià-St. Gervasi,27,el Putxet i el Farró,89,29256
2022,5,Sarrià-St. Gervasi,27,el Putxet i el Farró,90,27570
2022,5,Sarrià-St. Gervasi,27,el Putxet i el Farró,91,23433
2022,5,Sarrià-St. Gervasi,27,el Putxet i el Farró,92,33403
2022,5,Sarrià-St. Gervasi,27,el Putxet i el Farró,93,29795
2022,5,Sarrià-St. Gervasi,27,el Putxet i el Farró,94,31598
2022,5,Sarrià-St. Gervasi,27,el Putxet i el Farró,95,27590
2022,5,Sarrià-St. Gervasi,27,el Putxet i el Farró,96,26501
2022,5,Sarrià-St. Gervasi,27,el Putxet i el Farró,97,26746
2022,5,Sarrià-St. Gervasi,27,el Putxet i el Farró,98,27843
2022,6,Gràcia,28,Vallcarca i els Penitents,1,23564
2022,6,Gràcia,28,Vallcarca i els Penitents,2,24604
2022,6,Gràcia,28,Vallcarca i els Penitents,3,22423
2022,6,Gràcia,28,Vallcarca i els Penitents,4,25502
2022,6,Gràcia,28,Vallcarca i els Penitents,6,31468
2022,6,Gràcia,28,Vallcarca i els Penitents,7,27621
2022,6,Gràcia,28,Vallcarca i els Penitents,8,24417
2022,6,Gràcia,28,Vallcarca i els Penitents,9,30715
2022,6,Gràcia,28,Vallcarca i els Penitents,10,29316
2022,6,Gràcia,28,Vallcarca i els Penitents,11,26846
2022,6,Gràcia,28,Vallcarca i els Penitents,12,28386
2022,6,Gràcia,29,el Coll,13,24283
2022,6,Gràcia,29,el Coll,14,20987
2022,6,Gràcia,29,el Coll,15,21162
2022,6,Gràcia,29,el Coll,16,20869
2022,6,Gràcia,29,el Coll,17,21976
2022,6,Gràcia,30,la Salut,18,22542
2022,6,Gràcia,30,la Salut,19,23190
2022,6,Gràcia,30,la Salut,20,25571
2022,6,Gràcia,30,la Salut,21,27418
2022,6,Gràcia,30,la Salut,22,24995
2022,6,Gràcia,30,la Salut,23,24750
2022,6,Gràcia,30,la Salut,24,24472
2022,6,Gràcia,30,la Salut,25,27501
2022,6,Gràcia,30,la Salut,26,26338
2022,6,Gràcia,30,la Salut,27,26499
2022,6,Gràcia,31,la Vila de Gràcia,28,22402
2022,6,Gràcia,31,la Vila de Gràcia,29,26225
2022,6,Gràcia,31,la Vila de Gràcia,30,23426
2022,6,Gràcia,31,la Vila de Gràcia,31,25300
2022,6,Gràcia,31,la Vila de Gràcia,32,23997
2022,6,Gràcia,31,la Vila de Gràcia,33,25094
2022,6,Gràcia,31,la Vila de Gràcia,34,23977
2022,6,Gràcia,31,la Vila de Gràcia,35,28579
2022,6,Gràcia,31,la Vila de Gràcia,36,25958
2022,6,Gràcia,31,la Vila de Gràcia,37,25299
2022,6,Gràcia,31,la Vila de Gràcia,38,24306
2022,6,Gràcia,31,la Vila de Gràcia,39,23855
2022,6,Gràcia,31,la Vila de Gràcia,40,26147
2022,6,Gràcia,31,la Vila de Gràcia,41,25645
2022,6,Gràcia,31,la Vila de Gràcia,42,25164
2022,6,Gràcia,31,la Vila de Gràcia,43,26763
2022,6,Gràcia,31,la Vila de Gràcia,44,30342
2022,6,Gràcia,31,la Vila de Gràcia,45,26036
2022,6,Gràcia,31,la Vila de Gràcia,46,24536
2022,6,Gràcia,31,la Vila de Gràcia,47,23652
2022,6,Gràcia,31,la Vila de Gràcia,48,23904
2022,6,Gràcia,31,la Vila de Gràcia,49,25208
2022,6,Gràcia,31,la Vila de Gràcia,50,22570
2022,6,Gràcia,31,la Vila de Gràcia,51,25492
2022,6,Gràcia,31,la Vila de Gràcia,52,25179
2022,6,Gràcia,31,la Vila de Gràcia,53,25552
2022,6,Gràcia,31,la Vila de Gràcia,54,23507
2022,6,Gràcia,31,la Vila de Gràcia,55,25777
2022,6,Gràcia,31,la Vila de Gràcia,56,24772
2022,6,Gràcia,31,la Vila de Gràcia,57,23025
2022,6,Gràcia,31,la Vila de Gràcia,58,25525
2022,6,Gràcia,31,la Vila de Gràcia,59,23924
2022,6,Gràcia,31,la Vila de Gràcia,60,23763
2022,6,Gràcia,31,la Vila de Gràcia,61,23164
2022,6,Gràcia,31,la Vila de Gràcia,62,22630
2022,6,Gràcia,31,la Vila de Gràcia,63,24022
2022,6,Gràcia,32,el Camp d'en Grassot i Gràcia Nova,64,25331
2022,6,Gràcia,32,el Camp d'en Grassot i Gràcia Nova,65,26874
2022,6,Gràcia,32,el Camp d'en Grassot i Gràcia Nova,66,26254
2022,6,Gràcia,32,el Camp d'en Grassot i Gràcia Nova,67,25191
2022,6,Gràcia,32,el Camp d'en Grassot i Gràcia Nova,68,28012
2022,6,Gràcia,32,el Camp d'en Grassot i Gràcia Nova,69,26553
2022,6,Gràcia,32,el Camp d'en Grassot i Gràcia Nova,70,24121
2022,6,Gràcia,32,el Camp d'en Grassot i Gràcia Nova,71,25598
2022,6,Gràcia,32,el Camp d'en Grassot i Gràcia Nova,72,28539
2022,6,Gràcia,32,el Camp d'en Grassot i Gràcia Nova,73,24723
2022,6,Gràcia,32,el Camp d'en Grassot i Gràcia Nova,74,24282
2022,6,Gràcia,32,el Camp d'en Grassot i Gràcia Nova,75,27386
2022,6,Gràcia,32,el Camp d'en Grassot i Gràcia Nova,76,25506
2022,6,Gràcia,32,el Camp d'en Grassot i Gràcia Nova,77,23786
2022,6,Gràcia,32,el Camp d'en Grassot i Gràcia Nova,78,24329
2022,6,Gràcia,32,el Camp d'en Grassot i Gràcia Nova,79,24834
2022,6,Gràcia,32,el Camp d'en Grassot i Gràcia Nova,80,23914
2022,6,Gràcia,32,el Camp d'en Grassot i Gràcia Nova,81,24611
2022,6,Gràcia,32,el Camp d'en Grassot i Gràcia Nova,82,25170
2022,6,Gràcia,32,el Camp d'en Grassot i Gràcia Nova,83,26569
2022,6,Gràcia,32,el Camp d'en Grassot i Gràcia Nova,84,25014
2022,6,Gràcia,32,el Camp d'en Grassot i Gràcia Nova,85,26010
2022,6,Gràcia,32,el Camp d'en Grassot i Gràcia Nova,86,28510
2022,6,Gràcia,32,el Camp d'en Grassot i Gràcia Nova,87,27230
2022,6,Gràcia,32,el Camp d'en Grassot i Gràcia Nova,88,24915
2022,7,Horta-Guinardó,33,el Baix Guinardó,1,25303
2022,7,Horta-Guinardó,33,el Baix Guinardó,2,23412
2022,7,Horta-Guinardó,33,el Baix Guinardó,3,23681
2022,7,Horta-Guinardó,33,el Baix Guinardó,4,21826
2022,7,Horta-Guinardó,33,el Baix Guinardó,5,23000
2022,7,Horta-Guinardó,33,el Baix Guinardó,6,24199
2022,7,Horta-Guinardó,33,el Baix Guinardó,7,22724
2022,7,Horta-Guinardó,33,el Baix Guinardó,8,23098
2022,7,Horta-Guinardó,33,el Baix Guinardó,9,22742
2022,7,Horta-Guinardó,33,el Baix Guinardó,10,24855
2022,7,Horta-Guinardó,33,el Baix Guinardó,11,22980
2022,7,Horta-Guinardó,33,el Baix Guinardó,12,21796
2022,7,Horta-Guinardó,33,el Baix Guinardó,13,24394
2022,7,Horta-Guinardó,33,el Baix Guinardó,14,20185
2022,7,Horta-Guinardó,33,el Baix Guinardó,15,19819
2022,7,Horta-Guinardó,33,el Baix Guinardó,16,25178
2022,7,Horta-Guinardó,33,el Baix Guinardó,17,22457
2022,7,Horta-Guinardó,33,el Baix Guinardó,18,20508
2022,7,Horta-Guinardó,33,el Baix Guinardó,19,22977
2022,7,Horta-Guinardó,34,Can Baró,20,20034
2022,7,Horta-Guinardó,34,Can Baró,21,25089
2022,7,Horta-Guinardó,34,Can Baró,22,21689
2022,7,Horta-Guinardó,34,Can Baró,23,20126
2022,7,Horta-Guinardó,34,Can Baró,24,21409
2022,7,Horta-Guinardó,34,Can Baró,25,20461
2022,7,Horta-Guinardó,34,Can Baró,26,20798
2022,7,Horta-Guinardó,35,el Guinardó,27,20079
2022,7,Horta-Guinardó,35,el Guinardó,28,22302
2022,7,Horta-Guinardó,35,el Guinardó,29,23693
2022,7,Horta-Guinardó,35,el Guinardó,30,20109
2022,7,Horta-Guinardó,35,el Guinardó,31,19637
2022,7,Horta-Guinardó,35,el Guinardó,32,21603
2022,7,Horta-Guinardó,35,el Guinardó,33,22856
2022,7,Horta-Guinardó,35,el Guinardó,34,25004
2022,7,Horta-Guinardó,35,el Guinardó,35,24115
2022,7,Horta-Guinardó,35,el Guinardó,36,24790
2022,7,Horta-Guinardó,35,el Guinardó,37,22087
2022,7,Horta-Guinardó,35,el Guinardó,38,21891
2022,7,Horta-Guinardó,35,el Guinardó,39,23883
2022,7,Horta-Guinardó,35,el Guinardó,40,23185
2022,7,Horta-Guinardó,35,el Guinardó,41,21402
2022,7,Horta-Guinardó,35,el Guinardó,42,22634
2022,7,Horta-Guinardó,35,el Guinardó,43,22860
2022,7,Horta-Guinardó,35,el Guinardó,44,23595
2022,7,Horta-Guinardó,35,el Guinardó,45,21383
2022,7,Horta-Guinardó,35,el Guinardó,46,21544
2022,7,Horta-Guinardó,35,el Guinardó,47,21393
2022,7,Horta-Guinardó,35,el Guinardó,48,22447
2022,7,Horta-Guinardó,35,el Guinardó,49,21728
2022,7,Horta-Guinardó,35,el Guinardó,50,21462
2022,7,Horta-Guinardó,35,el Guinardó,51,22219
2022,7,Horta-Guinardó,36,la Font d'en Fargues,52,27347
2022,7,Horta-Guinardó,36,la Font d'en Fargues,53,23773
2022,7,Horta-Guinardó,36,la Font d'en Fargues,54,28627
2022,7,Horta-Guinardó,36,la Font d'en Fargues,55,30697
2022,7,Horta-Guinardó,36,la Font d'en Fargues,56,24117
2022,7,Horta-Guinardó,36,la Font d'en Fargues,57,24152
2022,7,Horta-Guinardó,36,la Font d'en Fargues,58,23393
2022,7,Horta-Guinardó,37,el Carmel,59,18672
2022,7,Horta-Guinardó,37,el Carmel,60,18378
2022,7,Horta-Guinardó,37,el Carmel,61,18811
2022,7,Horta-Guinardó,37,el Carmel,62,18975
2022,7,Horta-Guinardó,37,el Carmel,63,16315
2022,7,Horta-Guinardó,37,el Carmel,64,17047
2022,7,Horta-Guinardó,37,el Carmel,65,15469
2022,7,Horta-Guinardó,37,el Carmel,66,16143
2022,7,Horta-Guinardó,37,el Carmel,67,16294
2022,7,Horta-Guinardó,37,el Carmel,68,15542
2022,7,Horta-Guinardó,37,el Carmel,69,16332
2022,7,Horta-Guinardó,37,el Carmel,70,16609
2022,7,Horta-Guinardó,37,el Carmel,71,18579
2022,7,Horta-Guinardó,37,el Carmel,72,18308
2022,7,Horta-Guinardó,37,el Carmel,73,16424
2022,7,Horta-Guinardó,37,el Carmel,74,17238
2022,7,Horta-Guinardó,37,el Carmel,75,16403
2022,7,Horta-Guinardó,37,el Carmel,76,17127
2022,7,Horta-Guinardó,37,el Carmel,77,16901
2022,7,Horta-Guinardó,37,el Carmel,78,17022
2022,7,Horta-Guinardó,37,el Carmel,79,16720
2022,7,Horta-Guinardó,37,el Carmel,80,18193
2022,7,Horta-Guinardó,38,la Teixonera,81,19589
2022,7,Horta-Guinardó,38,la Teixonera,82,18484
2022,7,Horta-Guinardó,38,la Teixonera,83,17398
2022,7,Horta-Guinardó,38,la Teixonera,84,18306
2022,7,Horta-Guinardó,38,la Teixonera,85,19145
2022,7,Horta-Guinardó,38,la Teixonera,86,17721
2022,7,Horta-Guinardó,38,la Teixonera,87,19201
2022,7,Horta-Guinardó,38,la Teixonera,88,18954
2022,7,Horta-Guinardó,39,Sant Genís dels Agudells,89,20916
2022,7,Horta-Guinardó,39,Sant Genís dels Agudells,90,19918
2022,7,Horta-Guinardó,39,Sant Genís dels Agudells,91,20274
2022,7,Horta-Guinardó,39,Sant Genís dels Agudells,92,15639
2022,7,Horta-Guinardó,39,Sant Genís dels Agudells,93,18918
2022,7,Horta-Guinardó,40,Montbau,94,21314
2022,7,Horta-Guinardó,40,Montbau,95,21205
2022,7,Horta-Guinardó,40,Montbau,96,19900
2022,7,Horta-Guinardó,40,Montbau,97,24061
2022,7,Horta-Guinardó,41,la Vall d'Hebron,98,27790
2022,7,Horta-Guinardó,41,la Vall d'Hebron,99,24587
2022,7,Horta-Guinardó,41,la Vall d'Hebron,100,21055
2022,7,Horta-Guinardó,41,la Vall d'Hebron,101,21637
2022,7,Horta-Guinardó,42,la Clota,102,21805
2022,7,Horta-Guinardó,43,Horta,103,19815
2022,7,Horta-Guinardó,43,Horta,104,18984
2022,7,Horta-Guinardó,43,Horta,105,23703
2022,7,Horta-Guinardó,43,Horta,106,22054
2022,7,Horta-Guinardó,43,Horta,107,25399
2022,7,Horta-Guinardó,43,Horta,108,22386
2022,7,Horta-Guinardó,43,Horta,109,18945
2022,7,Horta-Guinardó,43,Horta,110,22241
2022,7,Horta-Guinardó,43,Horta,111,24556
2022,7,Horta-Guinardó,43,Horta,112,22336
2022,7,Horta-Guinardó,43,Horta,113,20498
2022,7,Horta-Guinardó,43,Horta,114,23276
2022,7,Horta-Guinardó,43,Horta,115,26501
2022,7,Horta-Guinardó,43,Horta,116,21814
2022,7,Horta-Guinardó,43,Horta,117,22820
2022,7,Horta-Guinardó,43,Horta,118,21882
2022,7,Horta-Guinardó,43,Horta,119,19734
2022,7,Horta-Guinardó,43,Horta,120,20074
2022,7,Horta-Guinardó,43,Horta,121,17827
2022,7,Horta-Guinardó,43,Horta,122,20961
2022,7,Horta-Guinardó,43,Horta,123,22826
2022,8,Nou Barris,44,Vilapicina i la Torre Llobeta,1,20603
2022,8,Nou Barris,44,Vilapicina i la Torre Llobeta,2,22590
2022,8,Nou Barris,44,Vilapicina i la Torre Llobeta,3,20109
2022,8,Nou Barris,44,Vilapicina i la Torre Llobeta,4,19159
2022,8,Nou Barris,44,Vilapicina i la Torre Llobeta,5,20820
2022,8,Nou Barris,44,Vilapicina i la Torre Llobeta,6,20801
2022,8,Nou Barris,44,Vilapicina i la Torre Llobeta,7,21676
2022,8,Nou Barris,44,Vilapicina i la Torre Llobeta,8,21521
2022,8,Nou Barris,44,Vilapicina i la Torre Llobeta,9,20013
2022,8,Nou Barris,44,Vilapicina i la Torre Llobeta,10,23605
2022,8,Nou Barris,44,Vilapicina i la Torre Llobeta,11,22082
2022,8,Nou Barris,44,Vilapicina i la Torre Llobeta,12,22137
2022,8,Nou Barris,44,Vilapicina i la Torre Llobeta,13,20369
2022,8,Nou Barris,44,Vilapicina i la Torre Llobeta,14,19557
2022,8,Nou Barris,44,Vilapicina i la Torre Llobeta,15,18698
2022,8,Nou Barris,44,Vilapicina i la Torre Llobeta,16,20514
2022,8,Nou Barris,44,Vilapicina i la Torre Llobeta,17,21353
2022,8,Nou Barris,44,Vilapicina i la Torre Llobeta,18,20329
2022,8,Nou Barris,44,Vilapicina i la Torre Llobeta,19,18858
2022,8,Nou Barris,45,Porta,20,19831
2022,8,Nou Barris,45,Porta,21,21225
2022,8,Nou Barris,45,Porta,22,20220
2022,8,Nou Barris,45,Porta,23,18699
2022,8,Nou Barris,45,Porta,24,18488
2022,8,Nou Barris,45,Porta,25,17999
2022,8,Nou Barris,45,Porta,26,20724
2022,8,Nou Barris,45,Porta,27,22404
2022,8,Nou Barris,45,Porta,28,18833
2022,8,Nou Barris,45,Porta,29,17284
2022,8,Nou Barris,45,Porta,30,18828
2022,8,Nou Barris,45,Porta,31,19091
2022,8,Nou Barris,45,Porta,32,19859
2022,8,Nou Barris,45,Porta,33,16926
2022,8,Nou Barris,45,Porta,34,16373
2022,8,Nou Barris,45,Porta,35,19209
2022,8,Nou Barris,45,Porta,36,16107
2022,8,Nou Barris,45,Porta,37,18003
2022,8,Nou Barris,46,el Turó de la Peira,38,16824
2022,8,Nou Barris,46,el Turó de la Peira,39,17511
2022,8,Nou Barris,46,el Turó de la Peira,40,15681
2022,8,Nou Barris,46,el Turó de la Peira,41,13600
2022,8,Nou Barris,46,el Turó de la Peira,42,19627
2022,8,Nou Barris,46,el Turó de la Peira,43,18310
2022,8,Nou Barris,46,el Turó de la Peira,44,15685
2022,8,Nou Barris,46,el Turó de la Peira,45,15392
2022,8,Nou Barris,46,el Turó de la Peira,46,17312
2022,8,Nou Barris,46,el Turó de la Peira,47,14697
2022,8,Nou Barris,47,Can Peguera,48,13614
2022,8,Nou Barris,47,Can Peguera,49,16806
2022,8,Nou Barris,48,la Guineueta,50,22974
2022,8,Nou Barris,48,la Guineueta,51,21747
2022,8,Nou Barris,48,la Guineueta,52,20363
2022,8,Nou Barris,48,la Guineueta,53,22582
2022,8,Nou Barris,48,la Guineueta,54,20286
2022,8,Nou Barris,48,la Guineueta,55,23915
2022,8,Nou Barris,48,la Guineueta,56,18664
2022,8,Nou Barris,48,la Guineueta,57,19650
2022,8,Nou Barris,48,la Guineueta,58,18475
2022,8,Nou Barris,48,la Guineueta,59,19383
2022,8,Nou Barris,49,Canyelles,60,20884
2022,8,Nou Barris,49,Canyelles,61,18820
2022,8,Nou Barris,49,Canyelles,62,20298
2022,8,Nou Barris,49,Canyelles,63,21859
2022,8,Nou Barris,49,Canyelles,64,18213
2022,8,Nou Barris,50,les Roquetes,65,14370
2022,8,Nou Barris,50,les Roquetes,66,13559
2022,8,Nou Barris,50,les Roquetes,67,16696
2022,8,Nou Barris,50,les Roquetes,68,14372
2022,8,Nou Barris,50,les Roquetes,69,14591
2022,8,Nou Barris,50,les Roquetes,70,14336
2022,8,Nou Barris,50,les Roquetes,71,15386
2022,8,Nou Barris,50,les Roquetes,72,16721
2022,8,Nou Barris,50,les Roquetes,73,13345
2022,8,Nou Barris,50,les Roquetes,74,14466
2022,8,Nou Barris,51,Verdun,75,16674
2022,8,Nou Barris,51,Verdun,76,17128
2022,8,Nou Barris,51,Verdun,77,14597
2022,8,Nou Barris,51,Verdun,78,15544
2022,8,Nou Barris,51,Verdun,79,15471
2022,8,Nou Barris,51,Verdun,80,16229
2022,8,Nou Barris,51,Verdun,81,14592
2022,8,Nou Barris,51,Verdun,82,16797
2022,8,Nou Barris,52,la Prosperitat,83,16819
2022,8,Nou Barris,52,la Prosperitat,84,18050
2022,8,Nou Barris,52,la Prosperitat,85,16755
2022,8,Nou Barris,52,la Prosperitat,86,17409
2022,8,Nou Barris,52,la Prosperitat,87,17501
2022,8,Nou Barris,52,la Prosperitat,88,17101
2022,8,Nou Barris,52,la Prosperitat,89,17799
2022,8,Nou Barris,52,la Prosperitat,90,18412
2022,8,Nou Barris,52,la Prosperitat,91,18024
2022,8,Nou Barris,52,la Prosperitat,92,18530
2022,8,Nou Barris,52,la Prosperitat,93,17192
2022,8,Nou Barris,52,la Prosperitat,94,17940
2022,8,Nou Barris,52,la Prosperitat,95,20995
2022,8,Nou Barris,52,la Prosperitat,96,18156
2022,8,Nou Barris,52,la Prosperitat,97,17361
2022,8,Nou Barris,52,la Prosperitat,98,16660
2022,8,Nou Barris,52,la Prosperitat,99,16765
2022,8,Nou Barris,52,la Prosperitat,100,17105
2022,8,Nou Barris,52,la Prosperitat,101,17836
2022,8,Nou Barris,52,la Prosperitat,102,15529
2022,8,Nou Barris,53,la Trinitat Nova,103,13315
2022,8,Nou Barris,53,la Trinitat Nova,104,15098
2022,8,Nou Barris,53,la Trinitat Nova,105,15228
2022,8,Nou Barris,53,la Trinitat Nova,106,13998
2022,8,Nou Barris,53,la Trinitat Nova,107,15262
2022,8,Nou Barris,54,Torre Baró,108,13726
2022,8,Nou Barris,54,Torre Baró,109,13380
2022,8,Nou Barris,55,Ciutat Meridiana,110,11466
2022,8,Nou Barris,55,Ciutat Meridiana,111,12160
2022,8,Nou Barris,55,Ciutat Meridiana,112,12728
2022,8,Nou Barris,55,Ciutat Meridiana,113,12372
2022,8,Nou Barris,55,Ciutat Meridiana,114,13366
2022,8,Nou Barris,55,Ciutat Meridiana,115,12945
2022,8,Nou Barris,56,Vallbona,116,14194
2022,8,Nou Barris,48,la Guineueta,215,20721
2022,9,Sant Andreu,57,la Trinitat Vella,1,12053
2022,9,Sant Andreu,57,la Trinitat Vella,2,13193
2022,9,Sant Andreu,57,la Trinitat Vella,3,13452
2022,9,Sant Andreu,57,la Trinitat Vella,4,14455
2022,9,Sant Andreu,57,la Trinitat Vella,5,18027
2022,9,Sant Andreu,58,Baró de Viver,6,14836
2022,9,Sant Andreu,58,Baró de Viver,7,14054
2022,9,Sant Andreu,59,el Bon Pastor,8,26016
2022,9,Sant Andreu,59,el Bon Pastor,9,19834
2022,9,Sant Andreu,59,el Bon Pastor,10,17592
2022,9,Sant Andreu,59,el Bon Pastor,11,15478
2022,9,Sant Andreu,59,el Bon Pastor,13,13180
2022,9,Sant Andreu,59,el Bon Pastor,14,15558
2022,9,Sant Andreu,59,el Bon Pastor,15,15603
2022,9,Sant Andreu,60,Sant Andreu,16,21925
2022,9,Sant Andreu,60,Sant Andreu,17,22852
2022,9,Sant Andreu,60,Sant Andreu,18,21621
2022,9,Sant Andreu,60,Sant Andreu,19,23625
2022,9,Sant Andreu,60,Sant Andreu,20,22575
2022,9,Sant Andreu,60,Sant Andreu,21,23694
2022,9,Sant Andreu,60,Sant Andreu,22,24867
2022,9,Sant Andreu,60,Sant Andreu,23,24293
2022,9,Sant Andreu,60,Sant Andreu,24,23986
2022,9,Sant Andreu,60,Sant Andreu,25,24519
2022,9,Sant Andreu,60,Sant Andreu,26,24683
2022,9,Sant Andreu,60,Sant Andreu,27,23801
2022,9,Sant Andreu,60,Sant Andreu,28,27670
2022,9,Sant Andreu,60,Sant Andreu,29,21692
2022,9,Sant Andreu,60,Sant Andreu,30,24194
2022,9,Sant Andreu,60,Sant Andreu,31,24688
2022,9,Sant Andreu,60,Sant Andreu,32,19049
2022,9,Sant Andreu,60,Sant Andreu,33,22148
2022,9,Sant Andreu,60,Sant Andreu,34,19078
2022,9,Sant Andreu,60,Sant Andreu,35,21655
2022,9,Sant Andreu,60,Sant Andreu,36,22467
2022,9,Sant Andreu,60,Sant Andreu,37,19015
2022,9,Sant Andreu,60,Sant Andreu,38,23077
2022,9,Sant Andreu,60,Sant Andreu,39,22460
2022,9,Sant Andreu,60,Sant Andreu,40,23728
2022,9,Sant Andreu,60,Sant Andreu,41,21513
2022,9,Sant Andreu,60,Sant Andreu,42,24188
2022,9,Sant Andreu,60,Sant Andreu,43,21526
2022,9,Sant Andreu,60,Sant Andreu,44,22789
2022,9,Sant Andreu,60,Sant Andreu,45,22696
2022,9,Sant Andreu,60,Sant Andreu,46,24234
2022,9,Sant Andreu,60,Sant Andreu,47,24408
2022,9,Sant Andreu,60,Sant Andreu,48,22185
2022,9,Sant Andreu,60,Sant Andreu,49,20829
2022,9,Sant Andreu,60,Sant Andreu,50,23159
2022,9,Sant Andreu,60,Sant Andreu,51,23622
2022,9,Sant Andreu,60,Sant Andreu,52,22602
2022,9,Sant Andreu,60,Sant Andreu,53,24075
2022,9,Sant Andreu,60,Sant Andreu,54,23532
2022,9,Sant Andreu,61,la Sagrera,55,17564
2022,9,Sant Andreu,61,la Sagrera,56,21923
2022,9,Sant Andreu,61,la Sagrera,57,20448
2022,9,Sant Andreu,61,la Sagrera,58,23027
2022,9,Sant Andreu,61,la Sagrera,59,22700
2022,9,Sant Andreu,61,la Sagrera,60,20871
2022,9,Sant Andreu,61,la Sagrera,61,24338
2022,9,Sant Andreu,61,la Sagrera,62,23314
2022,9,Sant Andreu,61,la Sagrera,63,25225
2022,9,Sant Andreu,61,la Sagrera,64,22094
2022,9,Sant Andreu,61,la Sagrera,65,20766
2022,9,Sant Andreu,61,la Sagrera,66,24385
2022,9,Sant Andreu,61,la Sagrera,67,20102
2022,9,Sant Andreu,61,la Sagrera,68,22572
2022,9,Sant Andreu,61,la Sagrera,69,21490
2022,9,Sant Andreu,61,la Sagrera,70,16634
2022,9,Sant Andreu,61,la Sagrera,71,20029
2022,9,Sant Andreu,61,la Sagrera,72,18528
2022,9,Sant Andreu,61,la Sagrera,73,21747
2022,9,Sant Andreu,62,el Congrés i els Indians,74,20416
2022,9,Sant Andreu,62,el Congrés i els Indians,75,19740
2022,9,Sant Andreu,62,el Congrés i els Indians,76,20858
2022,9,Sant Andreu,62,el Congrés i els Indians,77,22475
2022,9,Sant Andreu,62,el Congrés i els Indians,78,22499
2022,9,Sant Andreu,62,el Congrés i els Indians,79,22095
2022,9,Sant Andreu,62,el Congrés i els Indians,80,22362
2022,9,Sant Andreu,62,el Congrés i els Indians,81,21903
2022,9,Sant Andreu,62,el Congrés i els Indians,82,21213
2022,9,Sant Andreu,63,Navas,83,21496
2022,9,Sant Andreu,63,Navas,84,23240
2022,9,Sant Andreu,63,Navas,85,22405
2022,9,Sant Andreu,63,Navas,86,21460
2022,9,Sant Andreu,63,Navas,87,23449
2022,9,Sant Andreu,63,Navas,88,20249
2022,9,Sant Andreu,63,Navas,89,20858
2022,9,Sant Andreu,63,Navas,90,20187
2022,9,Sant Andreu,63,Navas,91,21718
2022,9,Sant Andreu,63,Navas,92,22089
2022,9,Sant Andreu,63,Navas,93,22145
2022,9,Sant Andreu,63,Navas,94,22181
2022,9,Sant Andreu,63,Navas,95,22463
2022,9,Sant Andreu,61,la Sagrera,156,19365
2022,10,Sant Martí,64,el Camp de l'Arpa del Clot,1,20487
2022,10,Sant Martí,64,el Camp de l'Arpa del Clot,2,22160
2022,10,Sant Martí,64,el Camp de l'Arpa del Clot,3,22647
2022,10,Sant Martí,64,el Camp de l'Arpa del Clot,4,21679
2022,10,Sant Martí,64,el Camp de l'Arpa del Clot,5,22400
2022,10,Sant Martí,64,el Camp de l'Arpa del Clot,6,24852
2022,10,Sant Martí,64,el Camp de l'Arpa del Clot,7,28832
2022,10,Sant Martí,64,el Camp de l'Arpa del Clot,8,23051
2022,10,Sant Martí,64,el Camp de l'Arpa del Clot,9,23409
2022,10,Sant Martí,64,el Camp de l'Arpa del Clot,10,22303
2022,10,Sant Martí,64,el Camp de l'Arpa del Clot,11,24684
2022,10,Sant Martí,64,el Camp de l'Arpa del Clot,12,23533
2022,10,Sant Martí,64,el Camp de l'Arpa del Clot,13,23348
2022,10,Sant Martí,64,el Camp de l'Arpa del Clot,14,22620
2022,10,Sant Martí,64,el Camp de l'Arpa del Clot,15,22397
2022,10,Sant Martí,64,el Camp de l'Arpa del Clot,16,24150
2022,10,Sant Martí,64,el Camp de l'Arpa del Clot,17,22261
2022,10,Sant Martí,64,el Camp de l'Arpa del Clot,18,21429
2022,10,Sant Martí,64,el Camp de l'Arpa del Clot,19,22592
2022,10,Sant Martí,64,el Camp de l'Arpa del Clot,20,20962
2022,10,Sant Martí,64,el Camp de l'Arpa del Clot,21,20536
2022,10,Sant Martí,64,el Camp de l'Arpa del Clot,22,22586
2022,10,Sant Martí,64,el Camp de l'Arpa del Clot,23,22035
2022,10,Sant Martí,64,el Camp de l'Arpa del Clot,24,23405
2022,10,Sant Martí,64,el Camp de l'Arpa del Clot,25,22046
2022,10,Sant Martí,65,el Clot,26,24355
2022,10,Sant Martí,65,el Clot,27,22859
2022,10,Sant Martí,65,el Clot,28,21824
2022,10,Sant Martí,65,el Clot,29,21590
2022,10,Sant Martí,65,el Clot,30,21606
2022,10,Sant Martí,65,el Clot,31,22345
2022,10,Sant Martí,65,el Clot,32,24144
2022,10,Sant Martí,65,el Clot,33,24666
2022,10,Sant Martí,65,el Clot,34,21292
2022,10,Sant Martí,65,el Clot,35,24382
2022,10,Sant Martí,65,el Clot,36,25638
2022,10,Sant Martí,65,el Clot,37,18468
2022,10,Sant Martí,65,el Clot,38,23729
2022,10,Sant Martí,65,el Clot,39,21304
2022,10,Sant Martí,65,el Clot,40,22291
2022,10,Sant Martí,65,el Clot,41,22558
2022,10,Sant Martí,66,el Parc i la Llacuna del Poblenou,42,21075
2022,10,Sant Martí,66,el Parc i la Llacuna del Poblenou,43,23121
2022,10,Sant Martí,66,el Parc i la Llacuna del Poblenou,44,22589
2022,10,Sant Martí,66,el Parc i la Llacuna del Poblenou,45,25522
2022,10,Sant Martí,66,el Parc i la Llacuna del Poblenou,46,24660
2022,10,Sant Martí,66,el Parc i la Llacuna del Poblenou,47,24041
2022,10,Sant Martí,66,el Parc i la Llacuna del Poblenou,48,25822
2022,10,Sant Martí,66,el Parc i la Llacuna del Poblenou,49,22896
2022,10,Sant Martí,66,el Parc i la Llacuna del Poblenou,50,24646
2022,10,Sant Martí,67,la Vila Olímpica del Poblenou,51,25153
2022,10,Sant Martí,67,la Vila Olímpica del Poblenou,52,32043
2022,10,Sant Martí,67,la Vila Olímpica del Poblenou,53,37494
2022,10,Sant Martí,67,la Vila Olímpica del Poblenou,54,29885
2022,10,Sant Martí,67,la Vila Olímpica del Poblenou,55,32396
2022,10,Sant Martí,68,el Poblenou,56,21628
2022,10,Sant Martí,68,el Poblenou,57,21845
2022,10,Sant Martí,68,el Poblenou,58,21908
2022,10,Sant Martí,68,el Poblenou,59,25071
2022,10,Sant Martí,68,el Poblenou,60,22499
2022,10,Sant Martí,68,el Poblenou,61,25117
2022,10,Sant Martí,68,el Poblenou,62,23577
2022,10,Sant Martí,68,el Poblenou,63,24243
2022,10,Sant Martí,68,el Poblenou,64,25666
2022,10,Sant Martí,68,el Poblenou,65,24840
2022,10,Sant Martí,68,el Poblenou,66,24548
2022,10,Sant Martí,68,el Poblenou,67,31580
2022,10,Sant Martí,68,el Poblenou,68,27337
2022,10,Sant Martí,68,el Poblenou,69,27823
2022,10,Sant Martí,68,el Poblenou,70,23550
2022,10,Sant Martí,68,el Poblenou,71,25738
2022,10,Sant Martí,68,el Poblenou,72,23715
2022,10,Sant Martí,68,el Poblenou,73,21466
2022,10,Sant Martí,68,el Poblenou,74,22036
2022,10,Sant Martí,68,el Poblenou,75,21393
2022,10,Sant Martí,69,Diagonal Mar i el Front Marítim del Poblenou,76,27143
2022,10,Sant Martí,69,Diagonal Mar i el Front Marítim del Poblenou,77,29574
2022,10,Sant Martí,69,Diagonal Mar i el Front Marítim del Poblenou,78,29290
2022,10,Sant Martí,69,Diagonal Mar i el Front Marítim del Poblenou,79,24991
2022,10,Sant Martí,69,Diagonal Mar i el Front Marítim del Poblenou,80,28727
2022,10,Sant Martí,70,el Besòs i el Maresme,81,17552
2022,10,Sant Martí,70,el Besòs i el Maresme,82,11312
2022,10,Sant Martí,70,el Besòs i el Maresme,83,10298
2022,10,Sant Martí,70,el Besòs i el Maresme,84,13363
2022,10,Sant Martí,70,el Besòs i el Maresme,85,12431
2022,10,Sant Martí,70,el Besòs i el Maresme,86,14519
2022,10,Sant Martí,70,el Besòs i el Maresme,87,14295
2022,10,Sant Martí,70,el Besòs i el Maresme,88,19333
2022,10,Sant Martí,70,el Besòs i el Maresme,89,14431
2022,10,Sant Martí,70,el Besòs i el Maresme,90,16374
2022,10,Sant Martí,70,el Besòs i el Maresme,91,18178
2022,10,Sant Martí,70,el Besòs i el Maresme,92,20591
2022,10,Sant Martí,70,el Besòs i el Maresme,93,21680
2022,10,Sant Martí,71,Provençals del Poblenou,94,24205
2022,10,Sant Martí,71,Provençals del Poblenou,95,20180
2022,10,Sant Martí,71,Provençals del Poblenou,96,24884
2022,10,Sant Martí,71,Provençals del Poblenou,97,25685
2022,10,Sant Martí,71,Provençals del Poblenou,98,24160
2022,10,Sant Martí,71,Provençals del Poblenou,99,17066
2022,10,Sant Martí,71,Provençals del Poblenou,100,18951
2022,10,Sant Martí,71,Provençals del Poblenou,101,19409
2022,10,Sant Martí,71,Provençals del Poblenou,102,19179
2022,10,Sant Martí,71,Provençals del Poblenou,103,20366
2022,10,Sant Martí,71,Provençals del Poblenou,104,23202
2022,10,Sant Martí,72,Sant Martí de Provençals,105,21593
2022,10,Sant Martí,72,Sant Martí de Provençals,106,20714
2022,10,Sant Martí,72,Sant Martí de Provençals,107,24863
2022,10,Sant Martí,72,Sant Martí de Provençals,108,20519
2022,10,Sant Martí,72,Sant Martí de Provençals,109,19339
2022,10,Sant Martí,72,Sant Martí de Provençals,110,19206
2022,10,Sant Martí,72,Sant Martí de Provençals,111,20058
2022,10,Sant Martí,72,Sant Martí de Provençals,112,22920
2022,10,Sant Martí,72,Sant Martí de Provençals,113,19980
2022,10,Sant Martí,72,Sant Martí de Provençals,114,17221
2022,10,Sant Martí,72,Sant Martí de Provençals,115,18729
2022,10,Sant Martí,72,Sant Martí de Provençals,116,18359
2022,10,Sant Martí,72,Sant Martí de Provençals,117,19842
2022,10,Sant Martí,72,Sant Martí de Provençals,118,23782
2022,10,Sant Martí,72,Sant Martí de Provençals,119,18170
2022,10,Sant Martí,72,Sant Martí de Provençals,120,19040
2022,10,Sant Martí,72,Sant Martí de Provençals,121,18454
2022,10,Sant Martí,72,Sant Martí de Provençals,122,22374
2022,10,Sant Martí,73,la Verneda i la Pau,123,20711
2022,10,Sant Martí,73,la Verneda i la Pau,124,20493
2022,10,Sant Martí,73,la Verneda i la Pau,125,18747
2022,10,Sant Martí,73,la Verneda i la Pau,126,19733
2022,10,Sant Martí,73,la Verneda i la Pau,127,21726
2022,10,Sant Martí,73,la Verneda i la Pau,128,21729
2022,10,Sant Martí,73,la Verneda i la Pau,129,21561
2022,10,Sant Martí,73,la Verneda i la Pau,130,20427
2022,10,Sant Martí,73,la Verneda i la Pau,131,23297
2022,10,Sant Martí,73,la Verneda i la Pau,132,18165
2022,10,Sant Martí,73,la Verneda i la Pau,133,17540
2022,10,Sant Martí,73,la Verneda i la Pau,134,17974
2022,10,Sant Martí,73,la Verneda i la Pau,135,18138
2022,10,Sant Martí,73,la Verneda i la Pau,136,18022
2022,10,Sant Martí,73,la Verneda i la Pau,137,16861
2022,10,Sant Martí,73,la Verneda i la Pau,138,14952
2022,10,Sant Martí,73,la Verneda i la Pau,139,16690
2022,10,Sant Martí,73,la Verneda i la Pau,140,16756
2022,10,Sant Martí,73,la Verneda i la Pau,141,16991
2022,10,Sant Martí,73,la Verneda i la Pau,142,16202
2022,10,Sant Martí,73,la Verneda i la Pau,143,17131
2022,10,Sant Martí,65,el Clot,234,21467
2022,10,Sant Martí,69,Diagonal Mar i el Front Marítim del Poblenou,235,19011
2022,10,Sant Martí,69,Diagonal Mar i el Front Marítim del Poblenou,236,19889
2022,10,Sant Martí,71,Provençals del Poblenou,237,18513
