measure,band,n,pop,A_pre_mean,dA_mean,dA_median,dA_min,dA_max,pct_mean,n_loss,n_gain,pop_weighted_pct
car15_x100,0-250m,46,70583.0,1597862.0217391304,-319441.4130434783,-8981.0,-1600184.0,-5409.0,-19.981193640783957,46,0,-20.885907692422204
car15_x100,250-500m,42,62943.0,1597009.8095238097,-8182.0952380952385,-8492.0,-10446.0,-5409.0,-0.5126492424397205,42,0,-0.503225651778432
car15_x100,500m-1km,98,160104.0,1592218.9285714286,-9231.969387755102,-8981.0,-12923.0,-5409.0,-0.580367372331441,98,0,-0.5793785917417088
car15_x100,1-2km,250,386368.0,1534101.252,-10167.992,-10251.0,-15688.0,0.0,-0.6392032189709526,241,0,-0.6374524003811534
car15_x100,2-3.5km,296,455288.0,1567379.0743243245,-12112.27027027027,-12923.0,-15510.0,0.0,-0.7626103213151154,292,0,-0.761580084248234
car15_x100,>3.5km,335,503826.0,1545167.8597014926,-16546.650746268657,-17586.0,-23479.0,0.0,-1.0622327758401875,330,0,-1.0612729272829524
car15_x100,city,1067,1639112.0,1557370.4517338332,-25879.141518275537,-12923.0,-1600184.0,0.0,-1.629731600661187,1049,0,-1.6633102321228064
car15_drop,0-250m,46,70583.0,1597862.0217391304,-141977.5652173913,-2874.0,-1603411.0,-945.0,-8.87094584058308,46,0,-9.580344896912145
car15_drop,250-500m,42,62943.0,1597009.8095238097,-2908.8809523809523,-2874.0,-4339.0,-2874.0,-0.1821392070258106,42,0,-0.1817401283790802
car15_drop,500m-1km,98,160104.0,1592218.9285714286,-2894.30612244898,-2874.0,-4864.0,-2874.0,-0.1817925718731316,98,0,-0.1815994201832045
car15_drop,1-2km,250,386368.0,1534101.252,-2770.536,-2874.0,-2874.0,0.0,-0.1741361554809837,241,0,-0.1730044553398859
car15_drop,2-3.5km,296,455288.0,1567379.0743243245,-2835.162162162162,-2874.0,-2874.0,0.0,-0.1785421000840207,292,0,-0.1784811064709492
car15_drop,>3.5km,335,503826.0,1545167.8597014926,-2843.823880597015,-2874.0,-6128.0,0.0,-0.1825429432634975,330,0,-0.1825745962411465
car15_drop,city,1067,1639112.0,1557370.4517338332,-8829.715089034677,-2874.0,-1603411.0,0.0,-0.5539488415125214,1049,0,-0.583738674512678
car30_x100,0-250m,46,70583.0,1606885.0,-5048.239130434783,-1674.0,-112169.0,0.0,-0.3141630627228945,29,0,-0.3770230348918812
car30_x100,250-500m,42,62943.0,1606947.357142857,-717.4285714285714,0.0,-1674.0,0.0,-0.0446450781879221,18,0,-0.0389574262158877
car30_x100,500m-1km,98,160104.0,1606952.642857143,-819.9183673469388,0.0,-1674.0,0.0,-0.0510243236681806,48,0,-0.050708626005808
car30_x100,1-2km,250,386368.0,1549177.748,-957.528,-1674.0,-1674.0,0.0,-0.0595852626170565,143,0,-0.0606866816315914
car30_x100,2-3.5km,296,455288.0,1585196.9493243245,-1589.168918918919,-1674.0,-1674.0,0.0,-0.098897190677291,281,0,-0.0988629084078965
car30_x100,>3.5km,335,503826.0,1587729.9462686568,-1862.8567164179103,-1674.0,-12923.0,0.0,-0.1159290499941798,331,0,-0.117242002080678
car30_x100,city,1067,1639112.0,1581342.1968134958,-1571.261480787254,-1674.0,-112169.0,0.0,-0.0977817185861481,850,0,-0.1004874740714868
hansen_beta0.05,0-250m,46,70583.0,1187585.2336061487,-161696.42885505265,-11352.833521110704,-768809.9508161802,-7224.972734306008,-13.561340969251312,46,0,-14.078220520445276
hansen_beta0.05,250-500m,42,62943.0,1180900.3976547932,-8129.928371116879,-8114.993743548635,-11673.723926854786,-7376.517663268372,-0.6890769671134641,42,0,-0.6856668511476398
hansen_beta0.05,500m-1km,98,160104.0,1156255.0599256598,-7831.055116625678,-7799.079524590634,-10235.26930127223,-6903.851701184176,-0.6786214157425828,98,0,-0.6803149600708533
hansen_beta0.05,1-2km,250,386368.0,1108583.043419273,-7117.175285464972,-7316.883406740962,-9070.92774893227,0.0,-0.6208925640869196,241,0,-0.6188782785371033
hansen_beta0.05,2-3.5km,296,455288.0,1115805.292030393,-6927.67240817672,-6997.873026072746,-8481.344412985723,0.0,-0.6141102708300158,292,0,-0.6138060669442515
hansen_beta0.05,>3.5km,335,503826.0,1063118.5653466634,-5978.369008325988,-6050.580452190712,-6871.473165951204,0.0,-0.5567654473761798,331,0,-0.5566835398162264
hansen_beta0.05,city,1067,1639112.0,1106943.373952245,-13476.63973038838,-7022.358600993175,-768809.9508161802,0.0,-1.1647460374934715,1050,0,-1.18650040658219
car15_x100,on_axis_net0,15,23479.0,1599342.8666666667,-962115.2,-1341708.0,-1600184.0,-37879.0,-60.179213050935466,15,0,-61.71761847990468
car15_x100,off_axis,1052,1615633.0,1556771.9857414449,-12529.768060836503,-12923.0,-23479.0,0.0,-0.7949005913892152,1034,0,-0.7905779325537392
car15_drop,on_axis_net0,15,23479.0,1599342.8666666667,-429165.26666666666,-4955.0,-1603411.0,-945.0,-26.813989561272702,15,0,-28.419105824354197
car15_drop,off_axis,1052,1615633.0,1556771.9857414449,-2836.3374524714827,-2874.0,-6128.0,0.0,-0.179518603112899,1034,0,-0.1792244158220414
car30_x100,on_axis_net0,15,23479.0,1606885.0,-13918.866666666667,-5553.0,-112169.0,-1674.0,-0.8662017920801215,15,0,-1.039362113076595
car30_x100,off_axis,1052,1615633.0,1580977.9933460075,-1395.2024714828897,-1674.0,-12923.0,0.0,-0.08682515860286906,835,0,-0.08684338680092418
hansen_beta0.05,on_axis_net0,15,23479.0,1194271.5501139523,-472393.6615121829,-534100.0052465004,-768809.9508161802,-198617.5629592582,-39.59581795443152,15,0,-40.35892429283732
hansen_beta0.05,off_axis,1052,1615633.0,1105698.2003377723,-6933.146073803858,-7003.795215171063,-38775.08727916284,0.0,-0.6167744797424535,1035,0,-0.6172316800673292
