intervention_id,intervention_name,id_priority,match_role,station_id,station_desc,n_lanes,lon,lat,n_years,years,n_pre,n_post,has_pre_post,pre_years,post_years
BCN-2016-POBLENOU,Poblenou Superilla,B,cross_street,4030,AV. DIAGONAL - LLACUNA (Baixada),3,2.19457865442584,41.4050943577355,9,"2017,2018,2019,2020,2021,2022,2023,2024,2025",2,3,1,"2017,2018","2019,2021,2022"
BCN-2016-POBLENOU,Poblenou Superilla,B,on_street,5026,PG. PUJADES - ROGER DE FLOR (Besós),4,2.18510436978086,41.3901035183585,9,"2017,2018,2019,2020,2021,2022,2023,2024,2025",2,3,1,"2017,2018","2019,2021,2022"
BCN-2016-POBLENOU,Poblenou Superilla,B,on_street,5027,PG. PUJADES - WELLINGTON (Llobregat),1,2.18501329421997,41.3901733502094,8,"2017,2019,2020,2021,2022,2023,2024,2025",1,3,1,2017,"2019,2021,2022"
BCN-2016-POBLENOU,Poblenou Superilla,B,on_street,10019,BADAJOZ - PUJADES (sentit muntanya),3,2.19543251945246,41.3987156768697,9,"2017,2018,2019,2020,2021,2022,2023,2024,2025",2,3,1,"2017,2018","2019,2021,2022"
BCN-2016-POBLENOU,Poblenou Superilla,B,cross_street,17005,AV. DIAGONAL - PERE IV (Pujada),3,2.20015975809711,41.4067401081025,9,"2017,2018,2019,2020,2021,2022,2023,2024,2025",2,3,1,"2017,2018","2019,2021,2022"
BCN-2018-SANTANTONI,Sant Antoni Superilla phase 1,B,on_street,2018,PG. SANT ANTONI - ALCOLEA (Besòs),2,2.136317347654,41.3762008780484,9,"2017,2018,2019,2020,2021,2022,2023,2024,2025",2,3,1,"2017,2018","2019,2021,2022"
BCN-2018-SANTANTONI,Sant Antoni Superilla phase 1,B,on_street,3005,RONDA SANT ANTONI - PL. PES DE LA PALLA (Sentit Urgell),2,2.163349079,41.380996415,1,2017,1,0,0,2017,
BCN-2018-SANTANTONI,Sant Antoni Superilla phase 1,B,cross_street,3012,SEPÚLVEDA - COMTE BORRELL  (sentit Llobregat),3,2.15830635936938,41.3800228406693,9,"2017,2018,2019,2020,2021,2022,2023,2024,2025",2,3,1,"2017,2018","2019,2021,2022"
BCN-2018-SANTANTONI,Sant Antoni Superilla phase 1,B,on_street,3018,COMTE URGELL- FLORIDABLANCA,3,2.16047984134544,41.3807267821097,9,"2017,2018,2019,2020,2021,2022,2023,2024,2025",2,3,1,"2017,2018","2019,2021,2022"
BCN-2018-SANTANTONI,Sant Antoni Superilla phase 1,B,cross_street,3024,ROCAFORT - TAMARIT (mar),2,2.15788193499247,41.3757853800346,8,"2017,2019,2020,2021,2022,2023,2024,2025",1,3,1,2017,"2019,2021,2022"
BCN-2018-SANTANTONI,Sant Antoni Superilla phase 1,B,cross_street,3027,AV. PARAL·LEL - COMTE BORRELL (Muntanya),3,2.16545762827654,41.375002586274,8,"2017,2019,2020,2021,2022,2023,2024,2025",1,3,1,2017,"2019,2021,2022"
BCN-2018-SANTANTONI,Sant Antoni Superilla phase 1,B,on_street,3031,FLORIDABLANCA - ROCAFORT  (sentit Besòs),3,2.15697555342451,41.3773211414533,9,"2017,2018,2019,2020,2021,2022,2023,2024,2025",2,3,1,"2017,2018","2019,2021,2022"
BCN-2018-SANTANTONI,Sant Antoni Superilla phase 1,B,on_street,3032,COMTE BORRELL- MARQUÈS DE CAMPO SAGRADO  (sentit mar),1,2.16475845609665,41.3757177171978,9,"2017,2018,2019,2020,2021,2022,2023,2024,2025",2,3,1,"2017,2018","2019,2021,2022"
BCN-2014-HOSTAFRANCS,Hostafrancs Superilla (multi-phase),B,on_street,3021,CREU COBERTA - BÉJAR (Baixada),2,2.14676982982649,41.3751288229608,9,"2017,2018,2019,2020,2021,2022,2023,2024,2025",2,3,1,"2017,2018","2019,2021,2022"
BCN-2014-HOSTAFRANCS,Hostafrancs Superilla (multi-phase),B,on_street,3022,CREU COBERTA - PL. ESPANYA (Pujada),2,2.1467520255421,41.3752006812414,9,"2017,2018,2019,2020,2021,2022,2023,2024,2025",2,3,1,"2017,2018","2019,2021,2022"
BCN-2019-ARAGO-S1,Carrer d'Aragó bus-lane stage 1,C,on_street,2006,ARAGÓ - ENTENÇA (sentit Llobregat),4,2.14793621,41.381069189,7,"2017,2018,2019,2020,2021,2022,2023",2,2,1,"2018,2019","2021,2022"
BCN-2019-ARAGO-S1,Carrer d'Aragó bus-lane stage 1,C,on_street,4029,ARAGÓ - MUNTANER (sentit Llobregat),5,2.15817038508185,41.3870958130359,9,"2017,2018,2019,2020,2021,2022,2023,2024,2025",2,2,1,"2018,2019","2021,2022"
BCN-2019-ARAGO-S1,Carrer d'Aragó bus-lane stage 1,C,on_street,4053,ARAGÓ - RAMBLA DE CATALUNYA (sentit Llobregat),5,2.16298401194208,41.3907020230178,9,"2017,2018,2019,2020,2021,2022,2023,2024,2025",2,2,1,"2018,2019","2021,2022"
BCN-2019-ARAGO-S1,Carrer d'Aragó bus-lane stage 1,C,on_street,4057,ARAGÓ - INDEPENDÈNCIA (sentit Llobregat),4,2.18431180885805,41.4067177814795,8,"2017,2019,2020,2021,2022,2023,2024,2025",1,2,1,2019,"2021,2022"
BCN-2019-ARAGO-S1,Carrer d'Aragó bus-lane stage 1,C,on_street,4076,ARAGÓ - PADILLA (sentit Llobregat),4,2.17932605908427,41.4029586518706,8,"2017,2019,2020,2021,2022,2023,2024,2025",1,2,1,2019,"2021,2022"
BCN-2019-ARAGO-S1,Carrer d'Aragó bus-lane stage 1,C,on_street,4077,ARAGÓ - NÀPOLS (sentit Llobregat),5,2.17395160686523,41.3989680268534,9,"2017,2018,2019,2020,2021,2022,2023,2024,2025",2,2,1,"2018,2019","2021,2022"
BCN-2019-ARAGO-S1,Carrer d'Aragó bus-lane stage 1,C,on_street,4079,ARAGÓ - BAILÈN (sentit Llobregat),5,2.17055853655275,41.3964247174287,9,"2017,2018,2019,2020,2021,2022,2023,2024,2025",2,2,1,"2018,2019","2021,2022"
BCN-2019-ARAGO-S1,Carrer d'Aragó bus-lane stage 1,C,cross_street,4090,ARIBAU - ARAGÓ  (sentit muntanya),4,2.15924172322705,41.3884915607715,9,"2017,2018,2019,2020,2021,2022,2023,2024,2025",2,2,1,"2018,2019","2021,2022"
BCN-2019-ARAGO-S1,Carrer d'Aragó bus-lane stage 1,C,cross_street,4095,VILLARROEL - ARAGÓ  (sentit mar),3,2.1569179201233,41.3850904392878,8,"2017,2019,2020,2021,2022,2023,2024,2025",1,2,1,2019,"2021,2022"
BCN-2019-ARAGO-S1,Carrer d'Aragó bus-lane stage 1,C,cross_street,4098,PG. GRÀCIA - ARAGÓ (Baixada),2,2.16520071322411,41.3917338254457,9,"2017,2018,2019,2020,2021,2022,2023,2024,2025",2,2,1,"2018,2019","2021,2022"
BCN-2019-ARAGO-S1,Carrer d'Aragó bus-lane stage 1,C,on_street,10001,ARAGÓ - NAVAS (Llobregat),2,2.19073536914761,41.4116798138391,9,"2017,2018,2019,2020,2021,2022,2023,2024,2025",2,2,1,"2018,2019","2021,2022"
BCN-2019-ARAGO-S1,Carrer d'Aragó bus-lane stage 1,C,on_street,10005,ARAGÓ - BILBAO (Besòs),2,2.19188571810162,41.4122858738082,9,"2017,2018,2019,2020,2021,2022,2023,2024,2025",2,2,1,"2018,2019","2021,2022"
BCN-2019-ARAGO-S1,Carrer d'Aragó bus-lane stage 1,C,on_street,4104,ARAGÓ - COMTE D'URGELL (sentit Llobregat),3,2.154269038,41.38422424,4,"2022,2023,2024,2025",0,1,0,,2022
BCN-2019-ARAGO-S1,Carrer d'Aragó bus-lane stage 1,C,on_street,4109,ARAGÓ - MARINA (sentit Llobregat),6,2.17747765111273,41.4017230342086,2,"2024,2025",0,0,0,,
BCN-2020-CONSELLDECENT-TAC,Consell de Cent tactical sidewalk,C,cross_street,2014,TARRAGONA - CONSELL DE CENT (calçada Besòs),4,2.14733648474262,41.3770104507661,9,"2017,2018,2019,2020,2021,2022,2023,2024,2025",2,2,1,"2018,2019","2021,2022"
BCN-2020-CONSELLDECENT-TAC,Consell de Cent tactical sidewalk,C,cross_street,4002,MUNTANER - CONSELL DE CENT  (sentit mar),4,2.15999405057183,41.3861943064478,9,"2017,2018,2019,2020,2021,2022,2023,2024,2025",2,2,1,"2018,2019","2021,2022"
BCN-2020-CONSELLDECENT-TAC,Consell de Cent tactical sidewalk,C,cross_street,4013,SARDENYA - CONSELL DE CENT  (sentit mar),2,2.17812842998448,41.3997627169729,9,"2017,2018,2019,2020,2021,2022,2023,2024,2025",2,2,1,"2018,2019","2021,2022"
BCN-2020-CONSELLDECENT-TAC,Consell de Cent tactical sidewalk,C,on_street,4056,CONSELL DE CENT - CASTILLEJOS,2,2.1830778515996,41.4040640465821,7,"2017,2018,2019,2020,2021,2022,2025",2,2,1,"2018,2019","2021,2022"
BCN-2020-CONSELLDECENT-TAC,Consell de Cent tactical sidewalk,C,cross_street,4061,PAU CLARIS - CONSELL DE CENT  (sentit mar),3,2.16782623743917,41.392200590956,9,"2017,2018,2019,2020,2021,2022,2023,2024,2025",2,2,1,"2018,2019","2021,2022"
BCN-2020-CONSELLDECENT-TAC,Consell de Cent tactical sidewalk,C,cross_street,4066,GIRONA - CONSELL DE CENT (sentit muntanaya),2,2.170492432,41.395294749,6,"2017,2018,2019,2020,2021,2022",2,2,1,"2018,2019","2021,2022"
BCN-2020-CONSELLDECENT-TAC,Consell de Cent tactical sidewalk,C,on_street,4067,CONSELL DE CENT - BRUC (sentit Besòs),2,2.170175343,41.394429536,6,"2017,2018,2019,2020,2021,2022",2,2,1,"2018,2019","2021,2022"
BCN-2020-CONSELLDECENT-TAC,Consell de Cent tactical sidewalk,C,cross_street,4072,CASANOVA - CONSELL DE CENT  (sentit muntanya),3,2.1580927938814,41.3859229631157,9,"2017,2018,2019,2020,2021,2022,2023,2024,2025",2,2,1,"2018,2019","2021,2022"
BCN-2020-CONSELLDECENT-TAC,Consell de Cent tactical sidewalk,C,cross_street,7007,AV. MERIDIANA - CONSELL DE CENT (Entrada),2,2.1866805713494,41.4063190756375,9,"2017,2018,2019,2020,2021,2022,2023,2024,2025",2,2,1,"2018,2019","2021,2022"
BCN-2020-CONSELLDECENT-TAC,Consell de Cent tactical sidewalk,C,cross_street,2015,TARRAGONA - CONSELL DE CENT (calçada Llobregat),2,2.147192326,41.376902176,2,"2018,2019",2,0,0,"2018,2019",
BCN-2020-CONSELLDECENT-TAC,Consell de Cent tactical sidewalk,C,cross_street,4107,INDEPENDENCIA - CONSELL DE CENT (sentit muntanya),3,2.185349486,41.4062980115002,3,"2022,2024,2025",0,1,0,,2022
BCN-2020-CONSELLDECENT-TAC,Consell de Cent tactical sidewalk,C,cross_street,4106,VILAMARI - CONSELL DE CENT (sentit muntanya),2,2.14950352907181,41.3787849800429,3,"2022,2023,2025",0,1,0,,2022
BCN-2020-GIRONA-TAC,Girona tactical sidewalk,C,cross_street,4025,AV. DIAGONAL - GIRONA (Baixada),2,2.167817154,41.398487563,4,"2017,2018,2019,2020",2,0,0,"2018,2019",
BCN-2020-GIRONA-TAC,Girona tactical sidewalk,C,cross_street,4047,VALÈNCIA - GIRONA,3,2.16905147086661,41.397001041925,9,"2017,2018,2019,2020,2021,2022,2023,2024,2025",2,2,1,"2018,2019","2021,2022"
BCN-2020-GIRONA-TAC,Girona tactical sidewalk,C,on_street,4066,GIRONA - CONSELL DE CENT (sentit muntanaya),2,2.170492432,41.395294749,6,"2017,2018,2019,2020,2021,2022",2,2,1,"2018,2019","2021,2022"
BCN-2020-GIRONA-TAC,Girona tactical sidewalk,C,cross_street,4068,GRAN VIA - GIRONA,5,2.17356197276934,41.39342660503,9,"2017,2018,2019,2020,2021,2022,2023,2024,2025",2,2,1,"2018,2019","2021,2022"
BCN-2020-GIRONA-TAC,Girona tactical sidewalk,C,cross_street,5013,RONDA SANT PERE - GIRONA  (sentit Llobregat),3,2.17644635091381,41.3902823026524,7,"2017,2018,2019,2020,2021,2022,2025",2,2,1,"2018,2019","2021,2022"
BCN-2020-ROGERDELLURIA,Roger de Llúria bike lane,C,on_street,4031,ROGER DE LLÚRIA - DIPUTACIÓ (sentit muntanya),3,2.16932663816795,41.3927596717768,9,"2017,2018,2019,2020,2021,2022,2023,2024,2025",2,2,1,"2018,2019","2021,2022"
BCN-2020-ROGERDELLURIA,Roger de Llúria bike lane,C,on_street,4046,ROGER DE LLÚRIA - MALLORCA,3,2.16449119773735,41.3964376684823,9,"2017,2018,2019,2020,2021,2022,2023,2024,2025",2,2,1,"2018,2019","2021,2022"
BCN-2020-ROGERDELLURIA,Roger de Llúria bike lane,C,on_street,4065,ROGER DE LLÚRIA - CASP  (sentit muntanya),3,2.17191220851891,41.3908288785469,9,"2017,2018,2019,2020,2021,2022,2023,2024,2025",2,2,1,"2018,2019","2021,2022"
BCN-2020-PAUCLARIS,Pau Claris bike lane,C,on_street,4044,PAU CLARIS - PROVENÇA  (sentit mar),3,2.16347178849809,41.3954885003117,9,"2017,2018,2019,2020,2021,2022,2023,2024,2025",2,2,1,"2018,2019","2021,2022"
BCN-2020-PAUCLARIS,Pau Claris bike lane,C,on_street,4059,PAU CLARIS - VALÈNCIA  (sentit mar),3,2.16561839478567,41.3938500206669,9,"2017,2018,2019,2020,2021,2022,2023,2024,2025",2,2,1,"2018,2019","2021,2022"
BCN-2020-PAUCLARIS,Pau Claris bike lane,C,on_street,4061,PAU CLARIS - CONSELL DE CENT  (sentit mar),3,2.16782623743917,41.392200590956,9,"2017,2018,2019,2020,2021,2022,2023,2024,2025",2,2,1,"2018,2019","2021,2022"
BCN-2020-PAUCLARIS,Pau Claris bike lane,C,cross_street,4062,GRAN VIA - PAU CLARIS (sentit Besós),5,2.17015825066685,41.390863780895,9,"2017,2018,2019,2020,2021,2022,2023,2024,2025",2,2,1,"2018,2019","2021,2022"
BCN-2020-PAUCLARIS,Pau Claris bike lane,C,cross_street,4063,VALÈNCIA - PAU CLARIS,3,2.1656298097779,41.394411551482,9,"2017,2018,2019,2020,2021,2022,2023,2024,2025",2,2,1,"2018,2019","2021,2022"
BCN-2020-PAUCLARIS,Pau Claris bike lane,C,on_street,4091,PAU CLARIS - CASP (sentit mar),3,2.17155203437734,41.3893950147936,7,"2017,2020,2021,2022,2023,2024,2025",0,2,0,,"2021,2022"
BCN-2020-INDUSTRIA,Carrer d'Indústria lane cut,C,on_street,6007,INDÚSTRIA - NÀPOLS  (sentit Besòs),3,2.16788571857009,41.404637037895,9,"2017,2018,2019,2020,2021,2022,2023,2024,2025",2,2,1,"2018,2019","2021,2022"
BCN-2020-INDUSTRIA,Carrer d'Indústria lane cut,C,cross_street,6026,PG. SANT JOAN - INDÚSTRIA (Baixada),3,2.16549561683824,41.4022539572222,9,"2017,2018,2019,2020,2021,2022,2023,2024,2025",2,2,1,"2018,2019","2021,2022"
BCN-2020-VALENCIA,Carrer de València bike lane,C,cross_street,2003,TARRAGONA - VALÈNCIA  (sentit mar),4,2.14530786309372,41.378572477309,9,"2017,2018,2019,2020,2021,2022,2023,2024,2025",2,2,1,"2018,2019","2021,2022"
BCN-2020-VALENCIA,Carrer de València bike lane,C,cross_street,4010,PG. SANT JOAN - VALÈNCIA (Baixada),3,2.17128708260538,41.3980800150532,9,"2017,2018,2019,2020,2021,2022,2023,2024,2025",2,2,1,"2018,2019","2021,2022"
BCN-2020-VALENCIA,Carrer de València bike lane,C,on_street,4028,VALÈNCIA - CASANOVA,3,2.1569036942764,41.3878538166451,9,"2017,2018,2019,2020,2021,2022,2023,2024,2025",2,2,1,"2018,2019","2021,2022"
BCN-2020-VALENCIA,Carrer de València bike lane,C,on_street,4032,VALÈNCIA - SARDENYA  (sentit Besòs),3,2.17592696473159,41.4021296117717,9,"2017,2018,2019,2020,2021,2022,2023,2024,2025",2,2,1,"2018,2019","2021,2022"
BCN-2020-VALENCIA,Carrer de València bike lane,C,on_street,4047,VALÈNCIA - GIRONA,3,2.16905147086661,41.397001041925,9,"2017,2018,2019,2020,2021,2022,2023,2024,2025",2,2,1,"2018,2019","2021,2022"
BCN-2020-VALENCIA,Carrer de València bike lane,C,cross_street,4059,PAU CLARIS - VALÈNCIA  (sentit mar),3,2.16561839478567,41.3938500206669,9,"2017,2018,2019,2020,2021,2022,2023,2024,2025",2,2,1,"2018,2019","2021,2022"
BCN-2020-VALENCIA,Carrer de València bike lane,C,on_street,4063,VALÈNCIA - PAU CLARIS,3,2.1656298097779,41.394411551482,9,"2017,2018,2019,2020,2021,2022,2023,2024,2025",2,2,1,"2018,2019","2021,2022"
BCN-2020-VALENCIA,Carrer de València bike lane,C,on_street,4073,VALÈNCIA - RAMBLA DE CATALUNYA,3,2.16273962226169,41.3922436021376,9,"2017,2018,2019,2020,2021,2022,2023,2024,2025",2,2,1,"2018,2019","2021,2022"
BCN-2020-VALENCIA,Carrer de València bike lane,C,cross_street,4078,AV. DIAGONAL - VALÈNCIA (Baixada),3,2.173914881,41.40006393,4,"2017,2018,2019,2020",2,0,0,"2018,2019",
BCN-2020-VALENCIA,Carrer de València bike lane,C,on_street,4085,VALÈNCIA - DOS DE MAIG  (sentit Besòs),3,2.18255362625234,41.4071224828227,9,"2017,2018,2019,2020,2021,2022,2023,2024,2025",2,2,1,"2018,2019","2021,2022"
BCN-2020-VALENCIA,Carrer de València bike lane,C,on_street,7033,VALÈNCIA - TER  (sentit Besòs),3,2.18792226740502,41.4111647516047,9,"2017,2018,2019,2020,2021,2022,2023,2024,2025",2,2,1,"2018,2019","2021,2022"
BCN-2020-VALENCIA,Carrer de València bike lane,C,cross_street,7037,MERIDIANA - VALÈNCIA (SORTIDA),3,2.186999,41.410514,7,"2019,2020,2021,2022,2023,2024,2025",1,2,1,2019,"2021,2022"
BCN-2020-VALENCIA,Carrer de València bike lane,C,cross_street,7038,MERIDIANA - VALÈNCIA (ENTRADA),3,2.18674458687986,41.4096142757266,7,"2019,2020,2021,2022,2023,2024,2025",1,2,1,2019,"2021,2022"
BCN-2020-ARAGO-S2,Carrer d'Aragó bike-lane stage 2,C,on_street,2006,ARAGÓ - ENTENÇA (sentit Llobregat),4,2.14793621,41.381069189,7,"2017,2018,2019,2020,2021,2022,2023",2,2,1,"2018,2019","2021,2022"
BCN-2020-ARAGO-S2,Carrer d'Aragó bike-lane stage 2,C,on_street,4029,ARAGÓ - MUNTANER (sentit Llobregat),5,2.15817038508185,41.3870958130359,9,"2017,2018,2019,2020,2021,2022,2023,2024,2025",2,2,1,"2018,2019","2021,2022"
BCN-2020-ARAGO-S2,Carrer d'Aragó bike-lane stage 2,C,on_street,4053,ARAGÓ - RAMBLA DE CATALUNYA (sentit Llobregat),5,2.16298401194208,41.3907020230178,9,"2017,2018,2019,2020,2021,2022,2023,2024,2025",2,2,1,"2018,2019","2021,2022"
BCN-2020-ARAGO-S2,Carrer d'Aragó bike-lane stage 2,C,on_street,4057,ARAGÓ - INDEPENDÈNCIA (sentit Llobregat),4,2.18431180885805,41.4067177814795,8,"2017,2019,2020,2021,2022,2023,2024,2025",1,2,1,2019,"2021,2022"
BCN-2020-ARAGO-S2,Carrer d'Aragó bike-lane stage 2,C,on_street,4076,ARAGÓ - PADILLA (sentit Llobregat),4,2.17932605908427,41.4029586518706,8,"2017,2019,2020,2021,2022,2023,2024,2025",1,2,1,2019,"2021,2022"
BCN-2020-ARAGO-S2,Carrer d'Aragó bike-lane stage 2,C,on_street,4077,ARAGÓ - NÀPOLS (sentit Llobregat),5,2.17395160686523,41.3989680268534,9,"2017,2018,2019,2020,2021,2022,2023,2024,2025",2,2,1,"2018,2019","2021,2022"
BCN-2020-ARAGO-S2,Carrer d'Aragó bike-lane stage 2,C,on_street,4079,ARAGÓ - BAILÈN (sentit Llobregat),5,2.17055853655275,41.3964247174287,9,"2017,2018,2019,2020,2021,2022,2023,2024,2025",2,2,1,"2018,2019","2021,2022"
BCN-2020-ARAGO-S2,Carrer d'Aragó bike-lane stage 2,C,cross_street,4090,ARIBAU - ARAGÓ  (sentit muntanya),4,2.15924172322705,41.3884915607715,9,"2017,2018,2019,2020,2021,2022,2023,2024,2025",2,2,1,"2018,2019","2021,2022"
BCN-2020-ARAGO-S2,Carrer d'Aragó bike-lane stage 2,C,cross_street,4095,VILLARROEL - ARAGÓ  (sentit mar),3,2.1569179201233,41.3850904392878,8,"2017,2019,2020,2021,2022,2023,2024,2025",1,2,1,2019,"2021,2022"
BCN-2020-ARAGO-S2,Carrer d'Aragó bike-lane stage 2,C,cross_street,4098,PG. GRÀCIA - ARAGÓ (Baixada),2,2.16520071322411,41.3917338254457,9,"2017,2018,2019,2020,2021,2022,2023,2024,2025",2,2,1,"2018,2019","2021,2022"
BCN-2020-ARAGO-S2,Carrer d'Aragó bike-lane stage 2,C,on_street,10001,ARAGÓ - NAVAS (Llobregat),2,2.19073536914761,41.4116798138391,9,"2017,2018,2019,2020,2021,2022,2023,2024,2025",2,2,1,"2018,2019","2021,2022"
BCN-2020-ARAGO-S2,Carrer d'Aragó bike-lane stage 2,C,on_street,10005,ARAGÓ - BILBAO (Besòs),2,2.19188571810162,41.4122858738082,9,"2017,2018,2019,2020,2021,2022,2023,2024,2025",2,2,1,"2018,2019","2021,2022"
BCN-2020-ARAGO-S2,Carrer d'Aragó bike-lane stage 2,C,on_street,4104,ARAGÓ - COMTE D'URGELL (sentit Llobregat),3,2.154269038,41.38422424,4,"2022,2023,2024,2025",0,1,0,,2022
BCN-2020-ARAGO-S2,Carrer d'Aragó bike-lane stage 2,C,on_street,4109,ARAGÓ - MARINA (sentit Llobregat),6,2.17747765111273,41.4017230342086,2,"2024,2025",0,0,0,,
BCN-2020-GRANVIA,Gran Via extra bus lane,C,on_street,1032,GRAN VÍA CARLES III - TRAV. DE LES CORTS (Pujada),2,2.12817127446172,41.3829592063285,9,"2017,2018,2019,2020,2021,2022,2023,2024,2025",2,2,1,"2018,2019","2021,2022"
BCN-2020-GRANVIA,Gran Via extra bus lane,C,on_street,1033,GRAN VÍA CARLES III - TRAV. DE LES CORTS (Baixada),3,2.12810394464394,41.3818510282584,9,"2017,2018,2019,2020,2021,2022,2023,2024,2025",2,2,1,"2018,2019","2021,2022"
BCN-2020-GRANVIA,Gran Via extra bus lane,C,on_street,3003,GRAN VIA - VILAMARÍ  (sentit Besòs),5,2.15225172788928,41.3773556078136,9,"2017,2018,2019,2020,2021,2022,2023,2024,2025",2,2,1,"2018,2019","2021,2022"
BCN-2020-GRANVIA,Gran Via extra bus lane,C,on_street,3004,GRAN VIA - ROCAFORT  (sentit Besòs),5,2.15453692917648,41.3790627934243,9,"2017,2018,2019,2020,2021,2022,2023,2024,2025",2,2,1,"2018,2019","2021,2022"
BCN-2020-GRANVIA,Gran Via extra bus lane,C,on_street,3006,GRAN VIA - VILADOMAT  (sentit Besòs),5,2.15681723918066,41.3807773965116,9,"2017,2018,2019,2020,2021,2022,2023,2024,2025",2,2,1,"2018,2019","2021,2022"
BCN-2020-GRANVIA,Gran Via extra bus lane,C,on_street,3007,GRAN VIA - FARELL (Sortida),3,2.14429511912127,41.3714598785271,9,"2017,2018,2019,2020,2021,2022,2023,2024,2025",2,2,1,"2018,2019","2021,2022"
BCN-2020-GRANVIA,Gran Via extra bus lane,C,on_street,3008,GRAN VIA - MOIANÈS (Sortida),3,2.14132174763906,41.3691598112449,9,"2017,2018,2019,2020,2021,2022,2023,2024,2025",2,2,1,"2018,2019","2021,2022"
BCN-2020-GRANVIA,Gran Via extra bus lane,C,on_street,3009,GRAN VIA - QUÍMICA (Entrada),2,2.13777851988968,41.3664402946205,7,"2017,2018,2020,2021,2022,2023,2024",1,2,1,2018,"2021,2022"
BCN-2020-GRANVIA,Gran Via extra bus lane,C,on_street,3011,GRAN VIA - TRAJÀ (Entrada),3,2.14166976251838,41.3692427641998,7,"2017,2020,2021,2022,2023,2024,2025",0,2,0,,"2021,2022"
BCN-2020-GRANVIA,Gran Via extra bus lane,C,cross_street,3013,VILLARROEL - GRAN VIA  (sentit mar),2,2.16051119824691,41.3823690318997,9,"2017,2018,2019,2020,2021,2022,2023,2024,2025",2,2,1,"2018,2019","2021,2022"
BCN-2020-GRANVIA,Gran Via extra bus lane,C,on_street,3016,GRAN VIA - MÈXIC (Lateral Entrada),1,2.14780545152451,41.3737883667861,8,"2017,2018,2019,2020,2021,2022,2023,2024",2,2,1,"2018,2019","2021,2022"
BCN-2020-GRANVIA,Gran Via extra bus lane,C,on_street,3017,GRAN VIA - QUÍMICA (Sortida),2,2.1377325012082,41.3664811613027,9,"2017,2018,2019,2020,2021,2022,2023,2024,2025",2,2,1,"2018,2019","2021,2022"
BCN-2020-GRANVIA,Gran Via extra bus lane,C,cross_street,4020,MARINA - GRAN VIA (Baixada),2,2.1817417074382,41.3986563805349,9,"2017,2018,2019,2020,2021,2022,2023,2024,2025",2,2,1,"2018,2019","2021,2022"
BCN-2020-GRANVIA,Gran Via extra bus lane,C,on_street,4023,GRAN VIA - VILLARROEL (sentit Besòs),5,2.16016961309645,41.3833263269611,9,"2017,2018,2019,2020,2021,2022,2023,2024,2025",2,2,1,"2018,2019","2021,2022"
BCN-2020-GRANVIA,Gran Via extra bus lane,C,on_street,4035,GRAN VIA - PL. UNIVERSITAT  (sentit Besòs),5,2.16441727131043,41.3865364803669,9,"2017,2018,2019,2020,2021,2022,2023,2024,2025",2,2,1,"2018,2019","2021,2022"
BCN-2020-GRANVIA,Gran Via extra bus lane,C,on_street,4037,GRAN VIA - LEPANT (Besòs),3,2.18315468669706,41.400525643884,8,"2017,2019,2020,2021,2022,2023,2024,2025",1,2,1,2019,"2021,2022"
BCN-2020-GRANVIA,Gran Via extra bus lane,C,cross_street,4055,PADILLA - GRAN VIA  (sentit muntanya),2,2.18306888271222,41.4012229046827,9,"2017,2018,2019,2020,2021,2022,2023,2024,2025",2,2,1,"2018,2019","2021,2022"
BCN-2020-GRANVIA,Gran Via extra bus lane,C,on_street,4062,GRAN VIA - PAU CLARIS (sentit Besós),5,2.17015825066685,41.390863780895,9,"2017,2018,2019,2020,2021,2022,2023,2024,2025",2,2,1,"2018,2019","2021,2022"
BCN-2020-GRANVIA,Gran Via extra bus lane,C,on_street,4068,GRAN VIA - GIRONA,5,2.17356197276934,41.39342660503,9,"2017,2018,2019,2020,2021,2022,2023,2024,2025",2,2,1,"2018,2019","2021,2022"
BCN-2020-GRANVIA,Gran Via extra bus lane,C,on_street,4082,GRAN VIA - NÀPOLS (sentit Besós),5,2.17815149968645,41.3968351807915,9,"2017,2018,2019,2020,2021,2022,2023,2024,2025",2,2,1,"2018,2019","2021,2022"
BCN-2020-GRANVIA,Gran Via extra bus lane,C,on_street,5030,GRAN VIA - RBLA. POBLENOU (Entrada),3,2.1924419,41.4077603,2,"2017,2018",1,0,0,2018,
BCN-2020-RONDAUNI,Ronda de la Universitat bus-priority,C,cross_street,4070,PELAI - RONDA UNIVERSITAT  (sentit Besòs),2,2.16682285923792,41.3857203495775,9,"2017,2018,2019,2020,2021,2022,2023,2024,2025",2,2,1,"2018,2019","2021,2022"
BCN-2020-RONDAUNI,Ronda de la Universitat bus-priority,C,on_street,5011,RONDA UNIVERSITAT - PL. CATALUNYA  (sentit Llobregat),4,2.16788359152789,41.387125414742,9,"2017,2018,2019,2020,2021,2022,2023,2024,2025",2,2,1,"2018,2019","2021,2022"
BCN-2020-PLUNI,Plaça Universitat lane cut,C,on_street,4034,PL. UNIVERSITAT - PELAI (Llobregat),3,2.16425324979824,41.3856458791412,9,"2017,2018,2019,2020,2021,2022,2023,2024,2025",2,2,1,"2018,2019","2021,2022"
BCN-2020-PLUNI,Plaça Universitat lane cut,C,cross_street,4035,GRAN VIA - PL. UNIVERSITAT  (sentit Besòs),5,2.16441727131043,41.3865364803669,9,"2017,2018,2019,2020,2021,2022,2023,2024,2025",2,2,1,"2018,2019","2021,2022"
BCN-2021-PELAI-TAC,Pelai tactical extra sidewalk,C,cross_street,4034,PL. UNIVERSITAT - PELAI (Llobregat),3,2.16425324979824,41.3856458791412,9,"2017,2018,2019,2020,2021,2022,2023,2024,2025",2,2,1,"2018,2019","2021,2022"
BCN-2021-PELAI-TAC,Pelai tactical extra sidewalk,C,on_street,4070,PELAI - RONDA UNIVERSITAT  (sentit Besòs),2,2.16682285923792,41.3857203495775,9,"2017,2018,2019,2020,2021,2022,2023,2024,2025",2,2,1,"2018,2019","2021,2022"
BCN-2021-PELAI-TAC,Pelai tactical extra sidewalk,C,on_street,5014,PELAI - BALMES,3,2.16922932842103,41.3855471554975,8,"2017,2018,2019,2021,2022,2023,2024,2025",2,2,1,"2018,2019","2021,2022"
BCN-2020-ROCAFORT-TAC,Rocafort tactical (no counter in Nello-Deakin),C,cross_street,3004,GRAN VIA - ROCAFORT  (sentit Besòs),5,2.15453692917648,41.3790627934243,9,"2017,2018,2019,2020,2021,2022,2023,2024,2025",2,2,1,"2018,2019","2021,2022"
BCN-2020-ROCAFORT-TAC,Rocafort tactical (no counter in Nello-Deakin),C,on_street,3024,ROCAFORT - TAMARIT (mar),2,2.15788193499247,41.3757853800346,8,"2017,2019,2020,2021,2022,2023,2024,2025",1,2,1,2019,"2021,2022"
BCN-2020-ROCAFORT-TAC,Rocafort tactical (no counter in Nello-Deakin),C,cross_street,3031,FLORIDABLANCA - ROCAFORT  (sentit Besòs),3,2.15697555342451,41.3773211414533,9,"2017,2018,2019,2020,2021,2022,2023,2024,2025",2,2,1,"2018,2019","2021,2022"
BCN-2020-CASTILLEJOS-TAC,Castillejos tactical (no counter in Nello-Deakin),C,cross_street,4016,AV. MERIDIANA - CASTILLEJOS (Pujada),1,2.187033963,41.400338833,6,"2017,2018,2019,2021,2022,2023",2,2,1,"2018,2019","2021,2022"
BCN-2020-CASTILLEJOS-TAC,Castillejos tactical (no counter in Nello-Deakin),C,cross_street,4056,CONSELL DE CENT - CASTILLEJOS,2,2.1830778515996,41.4040640465821,7,"2017,2018,2019,2020,2021,2022,2025",2,2,1,"2018,2019","2021,2022"
BCN-2020-CASTILLEJOS-TAC,Castillejos tactical (no counter in Nello-Deakin),C,cross_street,6023,ROSSELLÓ - CASTILLEJOS (sentit Besòs),3,2.17812948884698,41.4089008487539,9,"2017,2018,2019,2020,2021,2022,2023,2024,2025",2,2,1,"2018,2019","2021,2022"
BCN-2022-EIX-CONSELLDECENT,Eix Verd Consell de Cent (permanent),A,cross_street,2014,TARRAGONA - CONSELL DE CENT (calçada Besòs),4,2.14733648474262,41.3770104507661,9,"2017,2018,2019,2020,2021,2022,2023,2024,2025",2,2,1,"2018,2019","2024,2025"
BCN-2022-EIX-CONSELLDECENT,Eix Verd Consell de Cent (permanent),A,cross_street,4002,MUNTANER - CONSELL DE CENT  (sentit mar),4,2.15999405057183,41.3861943064478,9,"2017,2018,2019,2020,2021,2022,2023,2024,2025",2,2,1,"2018,2019","2024,2025"
BCN-2022-EIX-CONSELLDECENT,Eix Verd Consell de Cent (permanent),A,cross_street,4013,SARDENYA - CONSELL DE CENT  (sentit mar),2,2.17812842998448,41.3997627169729,9,"2017,2018,2019,2020,2021,2022,2023,2024,2025",2,2,1,"2018,2019","2024,2025"
BCN-2022-EIX-CONSELLDECENT,Eix Verd Consell de Cent (permanent),A,on_street,4056,CONSELL DE CENT - CASTILLEJOS,2,2.1830778515996,41.4040640465821,7,"2017,2018,2019,2020,2021,2022,2025",2,1,1,"2018,2019",2025
BCN-2022-EIX-CONSELLDECENT,Eix Verd Consell de Cent (permanent),A,cross_street,4061,PAU CLARIS - CONSELL DE CENT  (sentit mar),3,2.16782623743917,41.392200590956,9,"2017,2018,2019,2020,2021,2022,2023,2024,2025",2,2,1,"2018,2019","2024,2025"
BCN-2022-EIX-CONSELLDECENT,Eix Verd Consell de Cent (permanent),A,cross_street,4066,GIRONA - CONSELL DE CENT (sentit muntanaya),2,2.170492432,41.395294749,6,"2017,2018,2019,2020,2021,2022",2,0,0,"2018,2019",
BCN-2022-EIX-CONSELLDECENT,Eix Verd Consell de Cent (permanent),A,on_street,4067,CONSELL DE CENT - BRUC (sentit Besòs),2,2.170175343,41.394429536,6,"2017,2018,2019,2020,2021,2022",2,0,0,"2018,2019",
BCN-2022-EIX-CONSELLDECENT,Eix Verd Consell de Cent (permanent),A,cross_street,4072,CASANOVA - CONSELL DE CENT  (sentit muntanya),3,2.1580927938814,41.3859229631157,9,"2017,2018,2019,2020,2021,2022,2023,2024,2025",2,2,1,"2018,2019","2024,2025"
BCN-2022-EIX-CONSELLDECENT,Eix Verd Consell de Cent (permanent),A,cross_street,7007,AV. MERIDIANA - CONSELL DE CENT (Entrada),2,2.1866805713494,41.4063190756375,9,"2017,2018,2019,2020,2021,2022,2023,2024,2025",2,2,1,"2018,2019","2024,2025"
BCN-2022-EIX-CONSELLDECENT,Eix Verd Consell de Cent (permanent),A,cross_street,2015,TARRAGONA - CONSELL DE CENT (calçada Llobregat),2,2.147192326,41.376902176,2,"2018,2019",2,0,0,"2018,2019",
BCN-2022-EIX-CONSELLDECENT,Eix Verd Consell de Cent (permanent),A,cross_street,4107,INDEPENDENCIA - CONSELL DE CENT (sentit muntanya),3,2.185349486,41.4062980115002,3,"2022,2024,2025",0,2,0,,"2024,2025"
BCN-2022-EIX-CONSELLDECENT,Eix Verd Consell de Cent (permanent),A,cross_street,4106,VILAMARI - CONSELL DE CENT (sentit muntanya),2,2.14950352907181,41.3787849800429,3,"2022,2023,2025",0,1,0,,2025
BCN-2022-EIX-GIRONA,Eix Verd Girona (permanent),A,cross_street,4025,AV. DIAGONAL - GIRONA (Baixada),2,2.167817154,41.398487563,4,"2017,2018,2019,2020",2,0,0,"2018,2019",
BCN-2022-EIX-GIRONA,Eix Verd Girona (permanent),A,cross_street,4047,VALÈNCIA - GIRONA,3,2.16905147086661,41.397001041925,9,"2017,2018,2019,2020,2021,2022,2023,2024,2025",2,2,1,"2018,2019","2024,2025"
BCN-2022-EIX-GIRONA,Eix Verd Girona (permanent),A,on_street,4066,GIRONA - CONSELL DE CENT (sentit muntanaya),2,2.170492432,41.395294749,6,"2017,2018,2019,2020,2021,2022",2,0,0,"2018,2019",
BCN-2022-EIX-GIRONA,Eix Verd Girona (permanent),A,cross_street,4068,GRAN VIA - GIRONA,5,2.17356197276934,41.39342660503,9,"2017,2018,2019,2020,2021,2022,2023,2024,2025",2,2,1,"2018,2019","2024,2025"
BCN-2022-EIX-GIRONA,Eix Verd Girona (permanent),A,cross_street,5013,RONDA SANT PERE - GIRONA  (sentit Llobregat),3,2.17644635091381,41.3902823026524,7,"2017,2018,2019,2020,2021,2022,2025",2,1,1,"2018,2019",2025
BCN-2022-EIX-ROCAFORT,Eix Verd Rocafort (permanent),A,cross_street,3004,GRAN VIA - ROCAFORT  (sentit Besòs),5,2.15453692917648,41.3790627934243,9,"2017,2018,2019,2020,2021,2022,2023,2024,2025",2,2,1,"2018,2019","2024,2025"
BCN-2022-EIX-ROCAFORT,Eix Verd Rocafort (permanent),A,on_street,3024,ROCAFORT - TAMARIT (mar),2,2.15788193499247,41.3757853800346,8,"2017,2019,2020,2021,2022,2023,2024,2025",1,2,1,2019,"2024,2025"
BCN-2022-EIX-ROCAFORT,Eix Verd Rocafort (permanent),A,cross_street,3031,FLORIDABLANCA - ROCAFORT  (sentit Besòs),3,2.15697555342451,41.3773211414533,9,"2017,2018,2019,2020,2021,2022,2023,2024,2025",2,2,1,"2018,2019","2024,2025"
BCN-2022-EIX-BORRELL,Eix Verd Comte Borrell (permanent; Eixample stretch),A,cross_street,3012,SEPÚLVEDA - COMTE BORRELL  (sentit Llobregat),3,2.15830635936938,41.3800228406693,9,"2017,2018,2019,2020,2021,2022,2023,2024,2025",2,2,1,"2018,2019","2024,2025"
BCN-2022-EIX-BORRELL,Eix Verd Comte Borrell (permanent; Eixample stretch),A,cross_street,3027,AV. PARAL·LEL - COMTE BORRELL (Muntanya),3,2.16545762827654,41.375002586274,8,"2017,2019,2020,2021,2022,2023,2024,2025",1,2,1,2019,"2024,2025"
BCN-2022-EIX-BORRELL,Eix Verd Comte Borrell (permanent; Eixample stretch),A,on_street,3032,COMTE BORRELL- MARQUÈS DE CAMPO SAGRADO  (sentit mar),1,2.16475845609665,41.3757177171978,9,"2017,2018,2019,2020,2021,2022,2023,2024,2025",2,2,1,"2018,2019","2024,2025"
BCN-2022-PIMARGALL,Pi i Margall civic / green axis,A,on_street,6027,PI I MARGALL - SECRETARI COLOMA (Pujada),2,2.163726748,41.407948309,6,"2017,2018,2019,2020,2021,2022",2,0,0,"2018,2019",
BCN-2022-PIMARGALL,Pi i Margall civic / green axis,A,on_street,6028,PI I MARGALL - SECRETARI COLOMA (Baixada),2,2.163562383,41.407951744,6,"2017,2018,2019,2020,2021,2022",2,0,0,"2018,2019",
BCN-2022-VIALAIETANA,Via Laietana reform (phased),F,on_street,5002,VIA LAIETANA - MANRESA (Baixada),1,2.18130466272832,41.3819915864222,7,"2017,2019,2020,2021,2022,2023,2024",1,1,1,2019,2024
BCN-2022-VIALAIETANA,Via Laietana reform (phased),F,on_street,5009,VIA LAIETANA - ANGEL BAIXERAS (Pujada),2,2.181309861,41.38206773,7,"2017,2018,2019,2020,2021,2022,2023",2,0,0,"2018,2019",
BCN-2022-VIALAIETANA,Via Laietana reform (phased),F,on_street,5022,VIA LAIETANA - COMTAL (Pujada),2,2.174518411,41.387268706,5,"2017,2019,2020,2021,2022",1,0,0,2019,
BCN-2022-VIALAIETANA,Via Laietana reform (phased),F,on_street,5023,VIA LAIETANA - PL. URQUINAONA (Baixada),4,2.173148081,41.388176516,5,"2017,2018,2019,2020,2021",2,0,0,"2018,2019",
BCN-2022-VIALAIETANA,Via Laietana reform (phased),F,on_street,5031,VIA LAIETANA - DR. JOAQUIM POU (baixada),2,2.17572829566124,41.3862189614993,2,"2024,2025",0,2,0,,"2024,2025"
BCN-2022-VIALAIETANA,Via Laietana reform (phased),F,on_street,5032,VIA LAIETANA - PL. ANTONI MAURA (pujada),1,2.17577944628798,41.3862530741907,2,"2024,2025",0,2,0,,"2024,2025"
BCN-2022-VIALAIETANA,Via Laietana reform (phased),F,on_street,5033,VIA LAIETANA - RAMON MAS (pujada),1,2.17408730045201,41.3875440238147,2,"2024,2025",0,2,0,,"2024,2025"
BCN-2022-VIALAIETANA,Via Laietana reform (phased),F,on_street,5034,VIA LAIETANA - FONTANELLA (baixada),2,2.17403902069268,41.3874957276319,2,"2024,2025",0,2,0,,"2024,2025"
BCN-GLORIES,Plaça de les Glòries surface park over tunnels,F,on_street,30001,TUNEL GLÒRIES SENTIT LLOBREGAT - BOCA ENTRADA,3,2.193663418293,41.4085436834747,4,"2022,2023,2024,2025",0,2,0,,"2024,2025"
BCN-GLORIES,Plaça de les Glòries surface park over tunnels,F,on_street,30002,TUNEL GLÒRIES SENTIT BESÒS - BOCA ENTRADA,3,2.18461096286774,41.4016019757999,4,"2022,2023,2024,2025",0,2,0,,"2024,2025"
BCN-GLORIES,Plaça de les Glòries surface park over tunnels,F,on_street,30005,TUNEL GLÒRIES SENTIT BESÒS - SORTIDA BILBAO,1,2.19337,41.408088,4,"2022,2023,2024,2025",0,2,0,,"2024,2025"
BCN-MERIDIANA,Avinguda Meridiana transformation (phased),F,on_street,4016,AV. MERIDIANA - CASTILLEJOS (Pujada),1,2.187033963,41.400338833,6,"2017,2018,2019,2021,2022,2023",2,0,0,"2018,2019",
BCN-MERIDIANA,Avinguda Meridiana transformation (phased),F,on_street,4018,AV. MERIDIANA - LEPANT (Baixada),2,2.18674524208719,41.396298174752,9,"2017,2018,2019,2020,2021,2022,2023,2024,2025",2,2,1,"2018,2019","2024,2025"
BCN-MERIDIANA,Avinguda Meridiana transformation (phased),F,on_street,7002,AV. MERIDIANA - CONCEPCIÓ ARENAL (Entrada),3,2.185561279,41.426418508,3,"2017,2018,2020",1,0,0,2018,
BCN-MERIDIANA,Avinguda Meridiana transformation (phased),F,on_street,7003,AV. MERIDIANA - CARDENAL TEDESCHINI (Sortida),4,2.18566528121516,41.4265046221932,8,"2017,2018,2020,2021,2022,2023,2024,2025",1,2,1,2018,"2024,2025"
BCN-MERIDIANA,Avinguda Meridiana transformation (phased),F,on_street,7005,AV. MERIDIANA - NAVAS DE TOLOSA (Entrada),3,2.18683771975941,41.4147497996919,5,"2017,2018,2023,2024,2025",1,2,1,2018,"2024,2025"
BCN-MERIDIANA,Avinguda Meridiana transformation (phased),F,on_street,7007,AV. MERIDIANA - CONSELL DE CENT (Entrada),2,2.1866805713494,41.4063190756375,9,"2017,2018,2019,2020,2021,2022,2023,2024,2025",2,2,1,"2018,2019","2024,2025"
BCN-MERIDIANA,Avinguda Meridiana transformation (phased),F,on_street,7008,AV. MERIDIANA - GARCILASO (Sortida),4,2.18701281753419,41.4233989454597,8,"2017,2018,2020,2021,2022,2023,2024,2025",1,2,1,2018,"2024,2025"
BCN-MERIDIANA,Avinguda Meridiana transformation (phased),F,on_street,7009,AV. MERIDIANA - NAVAS DE TOLOSA (Sortida),3,2.18699909733485,41.4160302031476,6,"2017,2018,2022,2023,2024,2025",1,2,1,2018,"2024,2025"
BCN-MERIDIANA,Avinguda Meridiana transformation (phased),F,on_street,7010,AV. MERIDIANA - SANT ANTONI MARIA CLARET (Entrada),3,2.18684097776751,41.419855924451,7,"2017,2018,2020,2021,2022,2024,2025",1,2,1,2018,"2024,2025"
BCN-MERIDIANA,Avinguda Meridiana transformation (phased),F,on_street,7011,AV. MERIDIANA  - ROSSELLÓ I PORCEL (Sortida),3,2.18435802147206,41.436297355113,9,"2017,2018,2019,2020,2021,2022,2023,2024,2025",2,2,1,"2018,2019","2024,2025"
BCN-MERIDIANA,Avinguda Meridiana transformation (phased),F,on_street,7012,AV. MERIDIANA - ROSSELLÓ I PORCEL (Entrada),3,2.184265272,41.43662588,2,"2017,2018",1,0,0,2018,
BCN-MERIDIANA,Avinguda Meridiana transformation (phased),F,on_street,7017,AV. MERIDIANA - CLOT (Sortida),2,2.18706002103312,41.406326935864,9,"2017,2018,2019,2020,2021,2022,2023,2024,2025",2,2,1,"2018,2019","2024,2025"
BCN-MERIDIANA,Avinguda Meridiana transformation (phased),F,on_street,7022,AV. MERIDIANA - RIO DE JANEIRO (Entrada),4,2.18606065513342,41.4420708545338,9,"2017,2018,2019,2020,2021,2022,2023,2024,2025",2,2,1,"2018,2019","2024,2025"
BCN-MERIDIANA,Avinguda Meridiana transformation (phased),F,on_street,7023,AV. MERIDIANA - PG. SANTA COLOMA (Sortida),4,2.18719181690707,41.4450823605518,9,"2017,2018,2019,2020,2021,2022,2023,2024,2025",2,2,1,"2018,2019","2024,2025"
BCN-MERIDIANA,Avinguda Meridiana transformation (phased),F,cross_street,7035,FELIP II - AV. MERIDIANA  (sentit muntanya),3,2.18623522183881,41.4209248776034,9,"2017,2018,2019,2020,2021,2022,2023,2024,2025",2,2,1,"2018,2019","2024,2025"
BCN-MERIDIANA,Avinguda Meridiana transformation (phased),F,on_street,7037,MERIDIANA - VALÈNCIA (SORTIDA),3,2.186999,41.410514,7,"2019,2020,2021,2022,2023,2024,2025",1,2,1,2019,"2024,2025"
BCN-MERIDIANA,Avinguda Meridiana transformation (phased),F,on_street,7038,MERIDIANA - VALÈNCIA (ENTRADA),3,2.18674458687986,41.4096142757266,7,"2019,2020,2021,2022,2023,2024,2025",1,2,1,2019,"2024,2025"
BCN-MERIDIANA,Avinguda Meridiana transformation (phased),F,on_street,7039,AV. MERIDIANA - ROSSELLÓ I PORCEL (sentit Llobregat),5,2.184249,41.436573,7,"2019,2020,2021,2022,2023,2024,2025",1,2,1,2019,"2024,2025"
BCN-MERIDIANA,Avinguda Meridiana transformation (phased),F,on_street,7040,AV. MERIDIANA - ESPRONCEDA (sortida),3,2.18700332530566,41.4198392256299,2,"2024,2025",0,2,0,,"2024,2025"
BCN-2023-PELAI-REVISE,Pelai tactical revision (partial reversal),C,cross_street,4034,PL. UNIVERSITAT - PELAI (Llobregat),3,2.16425324979824,41.3856458791412,9,"2017,2018,2019,2020,2021,2022,2023,2024,2025",2,2,1,"2018,2019","2021,2022"
BCN-2023-PELAI-REVISE,Pelai tactical revision (partial reversal),C,on_street,4070,PELAI - RONDA UNIVERSITAT  (sentit Besòs),2,2.16682285923792,41.3857203495775,9,"2017,2018,2019,2020,2021,2022,2023,2024,2025",2,2,1,"2018,2019","2021,2022"
BCN-2023-PELAI-REVISE,Pelai tactical revision (partial reversal),C,on_street,5014,PELAI - BALMES,3,2.16922932842103,41.3855471554975,8,"2017,2018,2019,2021,2022,2023,2024,2025",2,2,1,"2018,2019","2021,2022"
BCN-2025-SANTANTONI-DEF,Sant Antoni definitive green urbanisation (planned),E,cross_street,3012,SEPÚLVEDA - COMTE BORRELL  (sentit Llobregat),3,2.15830635936938,41.3800228406693,9,"2017,2018,2019,2020,2021,2022,2023,2024,2025",3,0,0,"2023,2024,2025",
BCN-2025-SANTANTONI-DEF,Sant Antoni definitive green urbanisation (planned),E,cross_street,3027,AV. PARAL·LEL - COMTE BORRELL (Muntanya),3,2.16545762827654,41.375002586274,8,"2017,2019,2020,2021,2022,2023,2024,2025",3,0,0,"2023,2024,2025",
BCN-2025-SANTANTONI-DEF,Sant Antoni definitive green urbanisation (planned),E,cross_street,3030,VILADOMAT - PARLAMENT  (sentit mar),3,2.16244637583804,41.3757914645701,9,"2017,2018,2019,2020,2021,2022,2023,2024,2025",3,0,0,"2023,2024,2025",
BCN-2025-SANTANTONI-DEF,Sant Antoni definitive green urbanisation (planned),E,on_street,3032,COMTE BORRELL- MARQUÈS DE CAMPO SAGRADO  (sentit mar),1,2.16475845609665,41.3757177171978,9,"2017,2018,2019,2020,2021,2022,2023,2024,2025",3,0,0,"2023,2024,2025",
BCN-2025-22AT-AXES,22@ flexible green axes (planned),E,cross_street,5017,PG. LLUÍS COMPANYS - ALMOGÀVERS (Pujada),3,2.18142013340698,41.3910021306038,9,"2017,2018,2019,2020,2021,2022,2023,2024,2025",3,0,0,"2023,2024,2025",
BCN-2025-22AT-AXES,22@ flexible green axes (planned),E,on_street,5020,ALMOGÀVERS - ROGER DE FLOR  (sentit Llobregat),3,2.18214874228289,41.3912139162087,9,"2017,2018,2019,2020,2021,2022,2023,2024,2025",3,0,0,"2023,2024,2025",
BCN-2025-22AT-AXES,22@ flexible green axes (planned),E,on_street,5026,PG. PUJADES - ROGER DE FLOR (Besós),4,2.18510436978086,41.3901035183585,9,"2017,2018,2019,2020,2021,2022,2023,2024,2025",3,0,0,"2023,2024,2025",
BCN-2025-22AT-AXES,22@ flexible green axes (planned),E,on_street,5027,PG. PUJADES - WELLINGTON (Llobregat),1,2.18501329421997,41.3901733502094,8,"2017,2019,2020,2021,2022,2023,2024,2025",3,0,0,"2023,2024,2025",
BCN-2025-22AT-AXES,22@ flexible green axes (planned),E,cross_street,9001,MARINA - DOCTOR TRUETA (Baixada),2,2.19298716682227,41.3901072108817,7,"2017,2020,2021,2022,2023,2024,2025",3,0,0,"2023,2024,2025",
BCN-2025-22AT-AXES,22@ flexible green axes (planned),E,cross_street,10002,BAC DE RODA - BOLIVIA (Pujada),4,2.19898280387419,41.4113366439258,9,"2017,2018,2019,2020,2021,2022,2023,2024,2025",3,0,0,"2023,2024,2025",
BCN-2025-22AT-AXES,22@ flexible green axes (planned),E,cross_street,10013,RBLA. PRIM - CRISTÓBAL DE MOURA (Baixada),2,2.21346256192603,41.415434528203,9,"2017,2018,2019,2020,2021,2022,2023,2024,2025",3,0,0,"2023,2024,2025",
BCN-2025-22AT-AXES,22@ flexible green axes (planned),E,cross_street,10014,RBLA. PRIM - CRISTÓBAL DE MOURA (Pujada),2,2.2127448089634,41.416503515673,9,"2017,2018,2019,2020,2021,2022,2023,2024,2025",3,0,0,"2023,2024,2025",
BCN-2025-22AT-AXES,22@ flexible green axes (planned),E,cross_street,10019,BADAJOZ - PUJADES (sentit muntanya),3,2.19543251945246,41.3987156768697,9,"2017,2018,2019,2020,2021,2022,2023,2024,2025",3,0,0,"2023,2024,2025",
BCN-2025-22AT-AXES,22@ flexible green axes (planned),E,cross_street,17005,AV. DIAGONAL - PERE IV (Pujada),3,2.20015975809711,41.4067401081025,9,"2017,2018,2019,2020,2021,2022,2023,2024,2025",3,0,0,"2023,2024,2025",
