codi_barri,nom_barri,nom_districte,n_sections,n_off,n_on_axis,n_halved_x100,pop,pop_off,pop_on,pct_off_median_x100,pct_off_mean_x100,pct_off_median_drop,pct_off_median_hansen,pct_off_median_car30,d_axis_net_median_m,renda_off_median
56,Vallbona,Nou Barris,1,1,0,0,1420.0,1420.0,0.0,-0.1931055612529308,-0.1931055612529308,-0.3357432521563738,-0.0158769768831904,0.0,8152.760487680098,14194.0
54,Torre Baró,Nou Barris,2,2,0,0,2908.0,2908.0,0.0,-0.0818411257175882,-0.1085773944355073,-0.2161097519931593,-0.015473301108954951,0.0,8214.059763556876,13553.0
53,la Trinitat Nova,Nou Barris,5,5,0,0,7421.0,7421.0,0.0,0.0,0.0,-0.1074470553993427,-0.0156586441787331,0.0,6582.393901484374,15098.0
52,la Prosperitat,Nou Barris,20,20,0,0,26346.0,26346.0,0.0,0.0,0.0,-0.1068005709624796,-0.01571616326943875,0.0,5812.588071933998,17455.0
51,Verdun,Nou Barris,8,8,0,0,12558.0,12558.0,0.0,0.0,0.0,-0.1065819437723012,-0.015572599206393301,0.0,5961.082753958012,15886.5
50,les Roquetes,Nou Barris,10,10,0,0,16156.0,16156.0,0.0,0.0,0.0,-0.1068273240838887,-0.0154139337489488,0.0,6559.549307006167,14419.0
49,Canyelles,Nou Barris,5,5,0,0,6787.0,6787.0,0.0,0.0,0.0,-0.1053553322307482,-0.0156920068858231,0.0,6406.204734102343,20298.0
48,la Guineueta,Nou Barris,11,11,0,0,15056.0,15056.0,0.0,0.0,0.0,-0.1055334539789764,-0.0155898413561466,0.0,5772.843973545767,20363.0
47,Can Peguera,Nou Barris,2,2,0,0,2187.0,2187.0,0.0,0.0,0.0,-0.1057096154893168,-0.01577505606297555,0.0,5191.714690837627,15210.0
1,el Raval,Ciutat Vella,21,21,0,0,46520.0,46520.0,0.0,0.0,0.0,-0.1059472703722504,-0.0265810180653639,0.0,1116.1433201846487,14876.0
44,Vilapicina i la Torre Llobeta,Nou Barris,19,19,0,0,25667.0,25667.0,0.0,0.0,0.0,-0.1046236669221914,-0.0162520792313675,0.0,4292.189766992488,20603.0
43,Horta,Horta-Guinardó,21,21,0,0,27875.0,27875.0,0.0,0.0,0.0,-0.1051676470182211,-0.0161293750033925,0.0,4915.402524582859,22054.0
42,la Clota,Horta-Guinardó,1,1,0,0,669.0,669.0,0.0,0.0,0.0,-0.1050032547249898,-0.0163844045539859,0.0,4813.393627533204,21805.0
41,la Vall d'Hebron,Horta-Guinardó,4,4,0,0,5869.0,5869.0,0.0,0.0,0.0,-0.1046627374426571,-0.01627721267082095,0.0,5132.787817674653,23112.0
40,Montbau,Horta-Guinardó,4,3,0,0,5014.0,4145.0,0.0,0.0,0.0,-0.1047682689669011,-0.0196156690515859,0.0,5420.913787087337,21205.0
39,Sant Genís dels Agudells,Horta-Guinardó,5,5,0,0,7262.0,7262.0,0.0,0.0,0.0,-0.1047682689669011,-0.0177546675406704,0.0,4815.518546760373,19918.0
45,Porta,Nou Barris,18,18,0,0,27397.0,27397.0,0.0,0.0,0.0,-0.10556429659435065,-0.016031023419267598,0.0,4843.652434831967,18830.5
46,el Turó de la Peira,Nou Barris,10,10,0,0,16025.0,16025.0,0.0,0.0,0.0,-0.1057381227571657,-0.016040294308356,0.0,4788.633179744404,16254.5
55,Ciutat Meridiana,Nou Barris,6,6,0,0,10808.0,10808.0,0.0,0.0,-0.04559075793514108,-0.14808139373607365,-0.0158750428003127,0.0,8770.42894964371,12550.0
57,la Trinitat Vella,Sant Andreu,5,5,0,0,10358.0,10358.0,0.0,0.0,0.0,-0.1143915645094028,-0.0157381568153089,0.0,6758.399470364988,13452.0
71,Provençals del Poblenou,Sant Martí,12,12,0,0,21092.0,21092.0,0.0,0.0,0.0,-0.1047097521890023,-0.01256673876219855,0.0,3189.7763332193986,20273.0
70,el Besòs i el Maresme,Sant Martí,13,13,0,0,26349.0,26349.0,0.0,0.0,0.0,-0.1048620057298702,-0.012113501296993,0.0,4412.921463597832,14519.0
69,Diagonal Mar i el Front Marítim del Poblenou,Sant Martí,7,7,0,0,13391.0,13391.0,0.0,0.0,0.0,-0.10478982013165,-0.0125284019746947,0.0,3746.614459362888,27143.0
68,el Poblenou,Sant Martí,20,20,0,0,34103.0,34103.0,0.0,0.0,0.0,-0.1047097521890023,-0.012978125473871852,0.0,3170.90585046853,23979.0
67,la Vila Olímpica del Poblenou,Sant Martí,5,5,0,0,9376.0,9376.0,0.0,0.0,0.0,-0.1049025676718577,-0.0142533339201231,0.0,2367.019379914291,32043.0
66,el Parc i la Llacuna del Poblenou,Sant Martí,9,9,0,0,15961.0,15961.0,0.0,0.0,0.0,-0.1047097521890023,-0.0134427375692139,0.0,1600.7569491932263,24041.0
38,la Teixonera,Horta-Guinardó,8,8,0,0,11918.0,11918.0,0.0,0.0,0.0,-0.1046233403685663,-0.01680852046692475,0.0,4203.14568466874,18719.0
65,el Clot,Sant Martí,17,17,0,0,26380.0,26380.0,0.0,0.0,0.0,-0.1047097521890023,-0.017417280856657,0.0,2252.861444037315,22345.0
63,Navas,Sant Andreu,13,13,0,0,21947.0,21947.0,0.0,0.0,0.0,-0.1047097521890023,-0.0171549690993271,0.0,2899.397080205516,22089.0
62,el Congrés i els Indians,Sant Andreu,9,9,0,0,14319.0,14319.0,0.0,0.0,0.0,-0.1047097521890023,-0.0165591831586057,0.0,3673.4495717381633,21903.0
61,la Sagrera,Sant Andreu,20,20,0,0,29441.0,29441.0,0.0,0.0,0.0,-0.1047097521890023,-0.01698912654975525,0.0,3519.298501455939,21618.5
60,Sant Andreu,Sant Andreu,39,39,0,0,57605.0,57605.0,0.0,0.0,0.0,-0.1076317734646578,-0.0162472498117089,0.0,4833.6595217554095,23077.0
59,el Bon Pastor,Sant Andreu,7,7,0,0,13553.0,13553.0,0.0,0.0,0.0,-0.1086946652710167,-0.0158700390463217,0.0,5652.193106489372,15603.0
58,Baró de Viver,Sant Andreu,2,2,0,0,2603.0,2603.0,0.0,0.0,0.0,-0.11059161138712534,-0.01573880285162555,0.0,6524.146449790437,14445.0
64,el Camp de l'Arpa del Clot,Sant Martí,25,25,0,0,38207.0,38207.0,0.0,0.0,0.0,-0.1045246839780997,-0.0176376862902279,0.0,2145.603421452576,22586.0
72,Sant Martí de Provençals,Sant Martí,18,18,0,0,25852.0,25852.0,0.0,0.0,0.0,-0.1047097521890023,-0.0167631682788513,0.0,3088.9279397229184,19911.0
37,el Carmel,Horta-Guinardó,22,22,0,0,32119.0,32119.0,0.0,0.0,0.0,-0.1045181004645941,-0.01680212903176865,0.0,3992.8168939423595,16961.5
35,el Guinardó,Horta-Guinardó,25,25,0,0,36994.0,36994.0,0.0,0.0,0.0,-0.1045246839780997,-0.0167301128747336,0.0,3253.4512146865195,22219.0
15,Hostafrancs,Sants-Montjuïc,10,10,0,0,15859.0,15859.0,0.0,0.0,0.0,-0.10588016905706796,-0.0285167791168222,0.0,966.8598649208905,21270.0
14,la Font de la Guatlla,Sants-Montjuïc,7,7,0,0,10359.0,10359.0,0.0,0.0,0.0,-0.1062279629266944,-0.0285666624264782,0.0,1407.330634897112,22323.0
13,la Marina de Port,Sants-Montjuïc,17,17,0,0,30428.0,30428.0,0.0,0.0,0.0,-0.1135162190700475,-0.0275470790145391,0.0,2676.26055890096,18851.0
12,la Marina del Prat Vermell,Sants-Montjuïc,1,1,0,0,1517.0,1517.0,0.0,0.0,0.0,-0.1522238671765015,-0.0267967981800845,0.0,5278.622090422406,16888.0
11,el Poble-sec,Sants-Montjuïc,24,24,0,0,39143.0,39143.0,0.0,0.0,0.0,-0.106208138293585,-0.028656274896217748,0.0,1186.4891983067912,18858.5
10,Sant Antoni,Eixample,24,24,0,0,38175.0,38175.0,0.0,0.0,0.0,-0.1054163631857881,-0.02841344666113835,0.0,455.72543978639635,23830.0
16,la Bordeta,Sants-Montjuïc,13,13,0,0,19227.0,19227.0,0.0,0.0,0.0,-0.1071333144976432,-0.0258842063568244,0.0,1860.5162609658605,21835.0
9,la Nova Esquerra de l'Eixample,Eixample,40,35,5,0,57314.0,49921.0,7393.0,0.0,-0.006013847638506077,-0.1051758306443211,-0.0360274144735389,0.0,250.60260663436534,25784.0
7,la Dreta de l'Eixample,Eixample,29,23,6,0,44156.0,35182.0,8974.0,0.0,-0.004530675933218226,-0.1044193170752373,-0.0238888770203803,0.0,238.2695621126342,28556.0
6,la Sagrada Família,Eixample,34,34,0,0,51402.0,51402.0,0.0,0.0,0.0,-0.1045246839780997,-0.0180906728831002,0.0,1270.7120238080824,23933.5
5,el Fort Pienc,Eixample,20,20,0,0,33445.0,33445.0,0.0,0.0,-0.008834689464487532,-0.1046202708641284,-0.0159721656419982,0.0,768.4593544769752,24704.0
4,"Sant Pere, Santa Caterina i la Ribera",Ciutat Vella,13,13,0,0,22418.0,22418.0,0.0,0.0,0.0,-0.1051427080144339,-0.029417616171109,0.0,1103.218484412958,19720.0
3,la Barceloneta,Ciutat Vella,11,11,0,0,14342.0,14342.0,0.0,0.0,0.0,-0.1057189805309287,-0.1204399925137392,0.0,2602.606699517917,18542.0
2,el Barri Gòtic,Ciutat Vella,9,9,0,0,22748.0,22748.0,0.0,0.0,0.0,-0.1076835696460834,-0.0258928989621647,0.0,1779.631939295678,19175.0
8,l'Antiga Esquerra de l'Eixample,Eixample,26,22,4,0,42365.0,35253.0,7112.0,0.0,0.0,-0.1047856926265509,-0.02676596224761585,0.0,493.3702112028226,27950.5
17,Sants - Badal,Sants-Montjuïc,16,16,0,0,24208.0,24208.0,0.0,0.0,0.0,-0.10663655751327625,-0.0327220654470123,0.0,2277.3049619753756,20550.5
18,Sants,Sants-Montjuïc,29,29,0,0,43029.0,43029.0,0.0,0.0,0.0,-0.1058733827619687,-0.0328576308125162,0.0,1537.7736418647953,22988.0
19,les Corts,Les Corts,35,35,0,0,45660.0,45660.0,0.0,0.0,0.0,-0.1051272095688341,-0.0326799622937092,0.0,1499.470375788036,28323.0
34,Can Baró,Horta-Guinardó,7,7,0,0,9271.0,9271.0,0.0,0.0,0.0,-0.1044193170752373,-0.0174513526594028,0.0,2610.072246493714,20798.0
33,el Baix Guinardó,Horta-Guinardó,19,19,0,0,25591.0,25591.0,0.0,0.0,0.0,-0.1044193170752373,-0.0176194160685271,0.0,2026.7176884482328,22980.0
32,el Camp d'en Grassot i Gràcia Nova,Gràcia,25,25,0,0,35033.0,35033.0,0.0,0.0,0.0,-0.1044193170752373,-0.0229695511908804,0.0,1378.2788051689056,25331.0
31,la Vila de Gràcia,Gràcia,36,36,0,0,49852.0,49852.0,0.0,0.0,0.0,-0.1045471784737609,-0.0225045843116496,0.0,1359.2294109656214,24933.0
30,la Salut,Gràcia,10,10,0,0,13337.0,13337.0,0.0,0.0,0.0,-0.1044193170752373,-0.01896164341978615,0.0,2131.259377457445,25283.0
29,el Coll,Gràcia,5,5,0,0,7611.0,7611.0,0.0,0.0,0.0,-0.1046462040463615,-0.0209527402874191,0.0,3365.607271126754,21162.0
28,Vallcarca i els Penitents,Gràcia,11,11,0,0,16082.0,16082.0,0.0,0.0,0.0,-0.1044193170752373,-0.0208104660077976,0.0,3151.1201940180204,26846.0
27,el Putxet i el Farró,Sarrià-Sant Gervasi,19,19,0,0,29783.0,29783.0,0.0,0.0,0.0,-0.1044193170752373,-0.0213332156724867,0.0,2583.9676184459004,28359.0
26,Sant Gervasi - Galvany,Sarrià-Sant Gervasi,31,31,0,0,47181.0,47181.0,0.0,0.0,0.0,-0.1047856926265509,-0.0238414177027641,0.0,1866.8066565833503,32831.0
25,Sant Gervasi - la Bonanova,Sarrià-Sant Gervasi,18,18,0,0,25692.0,25692.0,0.0,0.0,0.0,-0.1045471784737609,-0.0210570626399624,0.0,3101.1568958098414,33240.5
24,les Tres Torres,Sarrià-Sant Gervasi,11,11,0,0,16108.0,16108.0,0.0,0.0,0.0,-0.1047856926265509,-0.0262089434120661,0.0,2694.7070737572367,38311.0
23,Sarrià,Sarrià-Sant Gervasi,16,16,0,0,24632.0,24632.0,0.0,0.0,0.0,-0.1048443927889133,-0.0275674450060956,0.0,3081.514788068122,32140.5
22,"Vallvidrera, el Tibidabo i les Planes",Sarrià-Sant Gervasi,3,3,0,0,4805.0,4805.0,0.0,0.0,-0.27004340129295357,-0.1482013345194156,-0.0260211800973895,0.0,8483.625057017984,30350.0
21,Pedralbes,Les Corts,7,7,0,0,11730.0,11730.0,0.0,0.0,0.0,-0.1050147684850429,-0.0303345455444366,0.0,3449.341232602749,37126.0
20,la Maternitat i Sant Ramon,Les Corts,15,15,0,0,23684.0,23684.0,0.0,0.0,0.0,-0.1055566507302996,-0.0326677493624046,0.0,2577.7768664339646,24999.0
36,la Font d'en Fargues,Horta-Guinardó,7,7,0,0,9527.0,9527.0,0.0,0.0,0.0,-0.1048328179261616,-0.0164679513969822,0.0,4260.585518403923,24152.0
73,la Verneda i la Pau,Sant Martí,21,21,0,0,28754.0,28754.0,0.0,0.0,0.0,-0.1047097521890023,-0.0165698753237552,0.0,3952.77195442877,18138.0
