station_id,desc,lon,lat,dist_m_nearest_axis,nearest_axis,dist_m_that_axis,distance_bin,years_with_counts,n_years_with_counts,distance_metric
4002,MUNTANER - CONSELL DE CENT  (sentit mar),2.15999405057183,41.3861943064478,0.0,consell_de_cent,0.0,on_or_immediate,"2017,2018,2019,2020,2021,2022,2023,2024,2025",9,euclidean_utm31n_interim
4061,PAU CLARIS - CONSELL DE CENT  (sentit mar),2.16782623743917,41.392200590956,0.0,consell_de_cent,0.0,on_or_immediate,"2017,2018,2019,2020,2021,2022,2023,2024,2025",9,euclidean_utm31n_interim
4066,GIRONA - CONSELL DE CENT (sentit muntanaya),2.170492432,41.395294749,0.0,consell_de_cent,0.0,on_or_immediate,"2017,2018,2019,2020,2021,2022",6,euclidean_utm31n_interim
4067,CONSELL DE CENT - BRUC (sentit Besòs),2.170175343,41.394429536,0.0,consell_de_cent,0.0,on_or_immediate,"2017,2018,2019,2020,2021,2022",6,euclidean_utm31n_interim
4072,CASANOVA - CONSELL DE CENT  (sentit muntanya),2.1580927938814,41.3859229631157,0.0,consell_de_cent,0.0,on_or_immediate,"2017,2018,2019,2020,2021,2022,2023,2024,2025",9,euclidean_utm31n_interim
4106,VILAMARI - CONSELL DE CENT (sentit muntanya),2.14950352907181,41.3787849800429,0.0,consell_de_cent,0.0,on_or_immediate,"2022,2023,2025",3,euclidean_utm31n_interim
4033,ARIBAU - DIPUTACIÓ  (sentit muntanya),2.1611155956212,41.3870630464236,0.7,consell_de_cent,0.7,on_or_immediate,"2017,2018,2019,2020,2021,2022,2023,2024,2025",9,euclidean_utm31n_interim
4068,GRAN VIA - GIRONA,2.17356197276934,41.39342660503,19.8,girona,19.8,on_or_immediate,"2017,2018,2019,2020,2021,2022,2023,2024,2025",9,euclidean_utm31n_interim
4095,VILLARROEL - ARAGÓ  (sentit mar),2.1569179201233,41.3850904392878,20.7,consell_de_cent,20.7,on_or_immediate,"2017,2019,2020,2021,2022,2023,2024,2025",8,euclidean_utm31n_interim
4104,ARAGÓ - COMTE D'URGELL (sentit Llobregat),2.154269038,41.38422424,26.4,borrell,26.4,on_or_immediate,"2022,2023,2024,2025",4,euclidean_utm31n_interim
4047,VALÈNCIA - GIRONA,2.16905147086661,41.397001041925,32.5,girona,32.5,on_or_immediate,"2017,2018,2019,2020,2021,2022,2023,2024,2025",9,euclidean_utm31n_interim
3004,GRAN VIA - ROCAFORT  (sentit Besòs),2.15453692917648,41.3790627934243,36.3,rocafort,36.3,on_or_immediate,"2017,2018,2019,2020,2021,2022,2023,2024,2025",9,euclidean_utm31n_interim
4026,PG. SANT JOAN - DIPUTACIÓ (Pujada),2.17373623397117,41.396386975798,42.6,consell_de_cent,42.6,0_250m,"2017,2018,2019,2020,2021,2022,2023,2024,2025",9,euclidean_utm31n_interim
4058,PASSEIG DE GRÀCIA - DIPUTACIÓ (Pujada),2.1667568616092,41.3907453585242,49.4,consell_de_cent,49.4,0_250m,"2017,2018,2019,2020,2021,2022,2023,2024,2025",9,euclidean_utm31n_interim
4031,ROGER DE LLÚRIA - DIPUTACIÓ (sentit muntanya),2.16932663816795,41.3927596717768,59.7,consell_de_cent,59.7,0_250m,"2017,2018,2019,2020,2021,2022,2023,2024,2025",9,euclidean_utm31n_interim
2016,ENTENÇA - DIPUTACIÓ (sentit muntanya),2.151166703,41.379197455,67.0,consell_de_cent,67.0,0_250m,"2017,2018,2019,2020,2021,2022,2023",7,euclidean_utm31n_interim
3006,GRAN VIA - VILADOMAT  (sentit Besòs),2.15681723918066,41.3807773965116,78.2,borrell,78.2,0_250m,"2017,2018,2019,2020,2021,2022,2023,2024,2025",9,euclidean_utm31n_interim
4079,ARAGÓ - BAILÈN (sentit Llobregat),2.17055853655275,41.3964247174287,85.7,girona,85.7,0_250m,"2017,2018,2019,2020,2021,2022,2023,2024,2025",9,euclidean_utm31n_interim
4025,AV. DIAGONAL - GIRONA (Baixada),2.167817154,41.398487563,91.8,girona,91.8,0_250m,"2017,2018,2019,2020",4,euclidean_utm31n_interim
4052,DIPUTACIÓ - BALMES,2.16371476116981,41.3878586296077,92.5,consell_de_cent,92.5,0_250m,"2017,2018,2019,2020,2021,2022,2023,2024,2025",9,euclidean_utm31n_interim
4021,COMTE URGELL- DIPUTACIÓ  (sentit muntanya),2.15691662946976,41.3833604302786,97.3,consell_de_cent,97.3,0_250m,"2017,2018,2019,2020,2021,2022,2023,2024,2025",9,euclidean_utm31n_interim
2008,AV. ROMA - CALÀBRIA  (sentit Llobregat),2.1497682341535,41.3832232168521,99.3,rocafort,99.3,0_250m,"2017,2018,2019,2020,2021,2022,2023,2024,2025",9,euclidean_utm31n_interim
4024,AV. DIAGONAL - BAILÉN (Pujada),2.167734164,41.398633454,106.4,girona,106.4,0_250m,"2017,2018,2019,2020",4,euclidean_utm31n_interim
4064,DIPUTACIÓ - BRUC,2.17019539209557,41.3927688423449,115.9,consell_de_cent,115.9,0_250m,"2017,2019,2020,2021,2022,2023,2024,2025",8,euclidean_utm31n_interim
4098,PG. GRÀCIA - ARAGÓ (Baixada),2.16520071322411,41.3917338254457,120.3,consell_de_cent,120.3,0_250m,"2017,2018,2019,2020,2021,2022,2023,2024,2025",9,euclidean_utm31n_interim
4029,ARAGÓ - MUNTANER (sentit Llobregat),2.15817038508185,41.3870958130359,126.7,consell_de_cent,126.7,0_250m,"2017,2018,2019,2020,2021,2022,2023,2024,2025",9,euclidean_utm31n_interim
4080,BAILÈN - DIPUTACIÓ  (sentit mar),2.17390413431999,41.394451912494,127.2,girona,127.2,0_250m,"2017,2019,2020,2021,2022,2023,2024,2025",8,euclidean_utm31n_interim
4051,BALMES - DIPUTACIÓ (baixada),2.16449737832213,41.3879047272823,135.6,consell_de_cent,135.6,0_250m,"2017,2018,2019,2020,2021,2022,2023,2024,2025",9,euclidean_utm31n_interim
2009,MALLORCA - CALÀBRIA  (sentit Llobregat),2.14904637422425,41.3836515144813,140.0,rocafort,140.0,0_250m,"2017,2018,2019,2020,2021,2022,2023,2024,2025",9,euclidean_utm31n_interim
3010,ENTENÇA - SEPÚLVEDA  (sentit muntanya),2.15377313964144,41.3772231725479,147.0,rocafort,147.0,0_250m,"2017,2018,2019,2020,2021,2022,2023,2024,2025",9,euclidean_utm31n_interim
4071,AV. ROMA - VILLARROEL  (sentit Llobregat),2.15551161492165,41.3857379536589,157.6,consell_de_cent,157.6,0_250m,"2017,2018,2019,2020,2021,2022,2023,2024,2025",9,euclidean_utm31n_interim
4049,MALLORCA - BRUC,2.16605647059014,41.3964310585901,159.6,girona,159.6,0_250m,"2017,2018,2019,2020,2021,2022,2023,2024,2025",9,euclidean_utm31n_interim
2006,ARAGÓ - ENTENÇA (sentit Llobregat),2.14793621,41.381069189,161.1,rocafort,161.1,0_250m,"2017,2018,2019,2020,2021,2022,2023",7,euclidean_utm31n_interim
4053,ARAGÓ - RAMBLA DE CATALUNYA (sentit Llobregat),2.16298401194208,41.3907020230178,172.3,consell_de_cent,172.3,0_250m,"2017,2018,2019,2020,2021,2022,2023,2024,2025",9,euclidean_utm31n_interim
3012,SEPÚLVEDA - COMTE BORRELL  (sentit Llobregat),2.15830635936938,41.3800228406693,184.4,borrell,184.4,0_250m,"2017,2018,2019,2020,2021,2022,2023,2024,2025",9,euclidean_utm31n_interim
4084,NÀPOLS - DIPUTACIÓ  (sentit mar),2.17693989634649,41.397254200157,187.3,consell_de_cent,187.3,0_250m,"2017,2018,2019,2020,2021,2022,2023,2024,2025",9,euclidean_utm31n_interim
4077,ARAGÓ - NÀPOLS (sentit Llobregat),2.17395160686523,41.3989680268534,195.5,consell_de_cent,195.5,0_250m,"2017,2018,2019,2020,2021,2022,2023,2024,2025",9,euclidean_utm31n_interim
3003,GRAN VIA - VILAMARÍ  (sentit Besòs),2.15225172788928,41.3773556078136,196.8,rocafort,196.8,0_250m,"2017,2018,2019,2020,2021,2022,2023,2024,2025",9,euclidean_utm31n_interim
4090,ARIBAU - ARAGÓ  (sentit muntanya),2.15924172322705,41.3884915607715,223.6,consell_de_cent,223.6,0_250m,"2017,2018,2019,2020,2021,2022,2023,2024,2025",9,euclidean_utm31n_interim
4010,PG. SANT JOAN - VALÈNCIA (Baixada),2.17128708260538,41.3980800150532,225.8,consell_de_cent,225.8,0_250m,"2017,2018,2019,2020,2021,2022,2023,2024,2025",9,euclidean_utm31n_interim
4028,VALÈNCIA - CASANOVA,2.1569036942764,41.3878538166451,236.3,consell_de_cent,236.3,0_250m,"2017,2018,2019,2020,2021,2022,2023,2024,2025",9,euclidean_utm31n_interim
4035,GRAN VIA - PL. UNIVERSITAT  (sentit Besòs),2.16441727131043,41.3865364803669,237.3,consell_de_cent,237.3,0_250m,"2017,2018,2019,2020,2021,2022,2023,2024,2025",9,euclidean_utm31n_interim
3033,SEPULVEDA - ENTENÇA  (sentit Llobregat),2.15355004884416,41.3764072022776,239.3,rocafort,239.3,0_250m,"2017,2018,2019,2020,2021,2022,2023,2024,2025",9,euclidean_utm31n_interim
4062,GRAN VIA - PAU CLARIS (sentit Besós),2.17015825066685,41.390863780895,245.0,consell_de_cent,245.0,0_250m,"2017,2018,2019,2020,2021,2022,2023,2024,2025",9,euclidean_utm31n_interim
4059,PAU CLARIS - VALÈNCIA  (sentit mar),2.16561839478567,41.3938500206669,258.4,consell_de_cent,258.4,250_500m,"2017,2018,2019,2020,2021,2022,2023,2024,2025",9,euclidean_utm31n_interim
3031,FLORIDABLANCA - ROCAFORT  (sentit Besòs),2.15697555342451,41.3773211414533,262.9,rocafort,262.9,250_500m,"2017,2018,2019,2020,2021,2022,2023,2024,2025",9,euclidean_utm31n_interim
4065,ROGER DE LLÚRIA - CASP  (sentit muntanya),2.17191220851891,41.3908288785469,265.0,girona,265.0,250_500m,"2017,2018,2019,2020,2021,2022,2023,2024,2025",9,euclidean_utm31n_interim
4046,ROGER DE LLÚRIA - MALLORCA,2.16449119773735,41.3964376684823,265.6,girona,265.6,250_500m,"2017,2018,2019,2020,2021,2022,2023,2024,2025",9,euclidean_utm31n_interim
2014,TARRAGONA - CONSELL DE CENT (calçada Besòs),2.14733648474262,41.3770104507661,267.7,consell_de_cent,267.7,250_500m,"2017,2018,2019,2020,2021,2022,2023,2024,2025",9,euclidean_utm31n_interim
3018,COMTE URGELL- FLORIDABLANCA,2.16047984134544,41.3807267821097,284.4,borrell,284.4,250_500m,"2017,2018,2019,2020,2021,2022,2023,2024,2025",9,euclidean_utm31n_interim
2015,TARRAGONA - CONSELL DE CENT (calçada Llobregat),2.147192326,41.376902176,284.7,consell_de_cent,284.7,250_500m,"2018,2019",2,euclidean_utm31n_interim
3013,VILLARROEL - GRAN VIA  (sentit mar),2.16051119824691,41.3823690318997,290.5,borrell,290.5,250_500m,"2017,2018,2019,2020,2021,2022,2023,2024,2025",9,euclidean_utm31n_interim
4082,GRAN VIA - NÀPOLS (sentit Besós),2.17815149968645,41.3968351807915,293.1,consell_de_cent,293.1,250_500m,"2017,2018,2019,2020,2021,2022,2023,2024,2025",9,euclidean_utm31n_interim
4063,VALÈNCIA - PAU CLARIS,2.1656298097779,41.394411551482,296.4,consell_de_cent,296.4,250_500m,"2017,2018,2019,2020,2021,2022,2023,2024,2025",9,euclidean_utm31n_interim
4009,PG. SANT JOAN - CASP (Baixada),2.17714968432596,41.3936149393821,296.5,girona,296.5,250_500m,"2017,2018,2019,2020,2021,2022,2023,2024,2025",9,euclidean_utm31n_interim
4034,PL. UNIVERSITAT - PELAI (Llobregat),2.16425324979824,41.3856458791412,296.8,consell_de_cent,296.8,250_500m,"2017,2018,2019,2020,2021,2022,2023,2024,2025",9,euclidean_utm31n_interim
4042,ROSSELLÓ - AV. DIAGONAL (sentit Besòs),2.16370570249842,41.3980821322155,305.1,girona,305.1,250_500m,"2017,2018,2019,2020,2021,2022,2023,2024,2025",9,euclidean_utm31n_interim
4073,VALÈNCIA - RAMBLA DE CATALUNYA,2.16273962226169,41.3922436021376,306.8,consell_de_cent,306.8,250_500m,"2017,2018,2019,2020,2021,2022,2023,2024,2025",9,euclidean_utm31n_interim
4078,AV. DIAGONAL - VALÈNCIA (Baixada),2.173914881,41.40006393,313.8,consell_de_cent,313.8,250_500m,"2017,2018,2019,2020",4,euclidean_utm31n_interim
4023,GRAN VIA - VILLARROEL (sentit Besòs),2.16016961309645,41.3833263269611,314.2,consell_de_cent,314.2,250_500m,"2017,2018,2019,2020,2021,2022,2023,2024,2025",9,euclidean_utm31n_interim
4022,PG. SANT JOAN - PROVENÇA (Pujada),2.16832144526965,41.4004685521516,315.7,girona,315.7,250_500m,"2017,2018,2019,2020,2021,2022,2023,2024,2025",9,euclidean_utm31n_interim
4111,DIAGONAL - NÀPOLS (sentit Besòs),2.1737202246071,41.4000563952108,316.8,consell_de_cent,316.8,250_500m,"2024,2025",2,euclidean_utm31n_interim
4060,PG. SANT JOAN - AUSIÀS MARC (Pujada),2.17765894487054,41.3933623241091,332.8,girona,332.8,250_500m,"2017,2018,2019,2020,2021,2022,2023,2024,2025",9,euclidean_utm31n_interim
4110,AV. DIAGONAL - SICILIA (sentit Llobregat),2.17388168169961,41.4003430692453,344.7,consell_de_cent,344.7,250_500m,"2024,2025",2,euclidean_utm31n_interim
4097,PG. GRÀCIA - CASP (Pujada),2.16915384037869,41.3887585646416,347.0,consell_de_cent,347.0,250_500m,"2017,2018,2019,2020,2021,2022,2023,2024,2025",9,euclidean_utm31n_interim
4027,MUNTANER - MALLORCA  (sentit mar),2.15649696883514,41.38881165047,347.4,consell_de_cent,347.4,250_500m,"2017,2018,2019,2020,2021,2022,2023,2024,2025",9,euclidean_utm31n_interim
2005,ENTENÇA - PROVENÇA  (sentit muntanya),2.14534608547098,41.3836075007717,348.5,rocafort,348.5,250_500m,"2017,2018,2019,2020,2021,2022,2023,2024,2025",9,euclidean_utm31n_interim
2003,TARRAGONA - VALÈNCIA  (sentit mar),2.14530786309372,41.378572477309,351.6,consell_de_cent,351.6,250_500m,"2017,2018,2019,2020,2021,2022,2023,2024,2025",9,euclidean_utm31n_interim
4008,MALLORCA - CASANOVA  (sentit Llobregat),2.15472723259061,41.3879004980236,356.9,consell_de_cent,356.9,250_500m,"2017,2018,2019,2020,2021,2022,2023,2024,2025",9,euclidean_utm31n_interim
3015,CASANOVA - SEPÚLVEDA  (sentit muntanya),2.16165673159081,41.3832214330662,358.1,consell_de_cent,358.1,250_500m,"2017,2018,2019,2020,2021,2022,2023,2024,2025",9,euclidean_utm31n_interim
3014,SEPÚLVEDA - CASANOVA  (sentit Llobregat),2.16147246025133,41.3824189800132,368.8,borrell,368.8,250_500m,"2017,2018,2019,2020,2021,2022,2023,2024,2025",9,euclidean_utm31n_interim
5013,RONDA SANT PERE - GIRONA  (sentit Llobregat),2.17644635091381,41.3902823026524,372.5,girona,372.5,250_500m,"2017,2018,2019,2020,2021,2022,2025",7,euclidean_utm31n_interim
4103,ROGER DE FLOR - MALLORCA (sentit muntanya),2.17055082321167,41.4004330484368,390.8,girona,390.8,250_500m,"2022,2023,2024,2025",4,euclidean_utm31n_interim
4044,PAU CLARIS - PROVENÇA  (sentit mar),2.16347178849809,41.3954885003117,392.8,girona,392.8,250_500m,"2017,2018,2019,2020,2021,2022,2023,2024,2025",9,euclidean_utm31n_interim
4013,SARDENYA - CONSELL DE CENT  (sentit mar),2.17812842998448,41.3997627169729,396.1,consell_de_cent,396.1,250_500m,"2017,2018,2019,2020,2021,2022,2023,2024,2025",9,euclidean_utm31n_interim
5011,RONDA UNIVERSITAT - PL. CATALUNYA  (sentit Llobregat),2.16788359152789,41.387125414742,398.2,consell_de_cent,398.2,250_500m,"2017,2018,2019,2020,2021,2022,2023,2024,2025",9,euclidean_utm31n_interim
3020,AV. PARAL·LEL - LLEIDA (Baixada),2.15475489159659,41.3749336247802,404.7,rocafort,404.7,250_500m,"2017,2018,2019,2020,2021,2022,2023,2024,2025",9,euclidean_utm31n_interim
4100,VILADOMAT - ROSSELLÓ (sentit mar),2.148490105,41.38623099,414.1,borrell,414.1,250_500m,"2022,2023,2024,2025",4,euclidean_utm31n_interim
4091,PAU CLARIS - CASP (sentit mar),2.17155203437734,41.3893950147936,421.4,girona,421.4,250_500m,"2017,2020,2021,2022,2023,2024,2025",7,euclidean_utm31n_interim
4043,CÒRSEGA - BRUC  (sentit Llobregat),2.16253914686886,41.3989458639609,423.4,girona,423.4,250_500m,"2017,2018,2019,2020,2021,2022,2023,2024,2025",9,euclidean_utm31n_interim
3024,ROCAFORT - TAMARIT (mar),2.15788193499247,41.3757853800346,433.1,rocafort,433.1,250_500m,"2017,2019,2020,2021,2022,2023,2024,2025",8,euclidean_utm31n_interim
3001,PG. MANUEL GIRONA - BENET I MATEU (sentit Llobregat),2.151344122,41.375071194,440.1,consell_de_cent,440.1,250_500m,"2017,2018,2019,2020,2021",5,euclidean_utm31n_interim
3026,AV. PARAL·LEL - ENTENÇA (Mar),2.156378628652,41.3749387606281,440.7,rocafort,440.7,250_500m,"2017,2018,2019,2020,2021,2022,2023,2024,2025",9,euclidean_utm31n_interim
4069,MALLORCA - BALMES  (sentit Llobregat),2.15928875441747,41.3913375903375,442.2,consell_de_cent,442.2,250_500m,"2017,2018,2019,2020,2021,2022,2023,2024,2025",9,euclidean_utm31n_interim
4102,ROGER DE FLOR - AUSIÀS MARC (sentit muntanya),2.178718473,41.39424292,442.2,girona,442.2,250_500m,"2022,2023,2024,2025",4,euclidean_utm31n_interim
4070,PELAI - RONDA UNIVERSITAT  (sentit Besòs),2.16682285923792,41.3857203495775,444.3,consell_de_cent,444.3,250_500m,"2017,2018,2019,2020,2021,2022,2023,2024,2025",9,euclidean_utm31n_interim
5019,TRAFALGAR - MENDEZ NÚÑEZ  (sentit Besòs),2.17786829912579,41.3902876037345,455.7,girona,455.7,250_500m,"2017,2018,2019,2020,2021,2022,2025",7,euclidean_utm31n_interim
3022,CREU COBERTA - PL. ESPANYA (Pujada),2.1467520255421,41.3752006812414,459.7,consell_de_cent,459.7,250_500m,"2017,2018,2019,2020,2021,2022,2023,2024,2025",9,euclidean_utm31n_interim
3021,CREU COBERTA - BÉJAR (Baixada),2.14676982982649,41.3751288229608,465.9,consell_de_cent,465.9,250_500m,"2017,2018,2019,2020,2021,2022,2023,2024,2025",9,euclidean_utm31n_interim
4099,BALMES - MALLORCA (baixada),2.15934927414176,41.3917902636396,473.8,consell_de_cent,473.8,250_500m,"2017,2018,2019,2020,2021,2022,2023,2024,2025",9,euclidean_utm31n_interim
4092,ARIBAU - MALLORCA  (sentit muntanya),2.15699493900883,41.3901462977523,477.8,consell_de_cent,477.8,250_500m,"2017,2018,2019,2020,2021,2022,2023,2024,2025",9,euclidean_utm31n_interim
4074,AV. DIAGONAL - MARINA (Pujada - Gir Aragó),2.177449769,41.401105544,481.0,consell_de_cent,481.0,250_500m,"2017,2018,2019,2020,2021",5,euclidean_utm31n_interim
4075,AV. DIAGONAL - MARINA (Pujada - Seguir a Av. Diagonal),2.177413174,41.401174682,486.3,consell_de_cent,486.3,250_500m,"2017,2018,2019,2020",4,euclidean_utm31n_interim
3005,RONDA SANT ANTONI - PL. PES DE LA PALLA (Sentit Urgell),2.163349079,41.380996415,514.2,borrell,514.2,500_1000m,2017,1,euclidean_utm31n_interim
4004,COMTE URGELL - ROSSELLÓ,2.14990520386567,41.3886720676745,515.3,borrell,515.3,500_1000m,"2017,2018,2019,2020,2021,2022,2023,2024",8,euclidean_utm31n_interim
5023,VIA LAIETANA - PL. URQUINAONA (Baixada),2.173148081,41.388176516,521.7,girona,521.7,500_1000m,"2017,2018,2019,2020,2021",5,euclidean_utm31n_interim
6026,PG. SANT JOAN - INDÚSTRIA (Baixada),2.16549561683824,41.4022539572222,528.8,girona,528.8,500_1000m,"2017,2018,2019,2020,2021,2022,2023,2024,2025",9,euclidean_utm31n_interim
4019,MARINA - DIPUTACIÓ (pujada),2.17953138379849,41.4004509378448,534.3,consell_de_cent,534.3,500_1000m,"2017,2018,2019,2020,2021,2022,2023,2024,2025",9,euclidean_utm31n_interim
4109,ARAGÓ - MARINA (sentit Llobregat),2.17747765111273,41.4017230342086,543.2,consell_de_cent,543.2,500_1000m,"2024,2025",2,euclidean_utm31n_interim
4032,VALÈNCIA - SARDENYA  (sentit Besòs),2.17592696473159,41.4021296117717,545.9,consell_de_cent,545.9,500_1000m,"2017,2018,2019,2020,2021,2022,2023,2024,2025",9,euclidean_utm31n_interim
4081,ROSSELLÓ - PG. DE GRÀCIA (sentit Besòs),2.16105455665482,41.3961020872117,547.7,girona,547.7,500_1000m,"2017,2018,2019,2020,2021,2022,2023,2024,2025",9,euclidean_utm31n_interim
6021,MALLORCA - SARDENYA  (sentit Llobregat),2.17391122063067,41.4023331973147,562.7,consell_de_cent,562.7,500_1000m,"2017,2019,2020,2021,2022,2023,2024",7,euclidean_utm31n_interim
4050,PASSEIG DE GRÀCIA - PROVENÇA (Pujada),2.16128392270725,41.3951762991631,568.1,girona,568.1,500_1000m,"2017,2019,2020,2021,2022,2023,2024,2025",8,euclidean_utm31n_interim
3016,GRAN VIA - MÈXIC (Lateral Entrada),2.14780545152451,41.3737883667861,572.6,consell_de_cent,572.6,500_1000m,"2017,2018,2019,2020,2021,2022,2023,2024",8,euclidean_utm31n_interim
4045,PASSEIG DE GRÀCIA - ROSSELLÓ (Baixada),2.16121790070137,41.3951049670639,576.6,girona,576.6,500_1000m,"2017,2019,2020,2021,2022,2023,2024,2025",8,euclidean_utm31n_interim
4041,PROVENÇA - BALMES  (sentit Llobregat),2.15808497115376,41.3921622573913,578.1,consell_de_cent,578.1,500_1000m,"2017,2018,2019,2020,2021,2022,2023,2024,2025",9,euclidean_utm31n_interim
4015,MUNTANER - ROSSELLÓ  (sentit mar),2.1544218274295,41.3903713401314,581.5,consell_de_cent,581.5,500_1000m,"2017,2018,2019,2020,2021,2022,2023,2024,2025",9,euclidean_utm31n_interim
4038,SARDENYA - CASP  (sentit mar),2.18173768883239,41.3970756592755,588.9,consell_de_cent,588.9,500_1000m,"2017,2018,2019,2020,2021,2022,2023,2024,2025",9,euclidean_utm31n_interim
5033,VIA LAIETANA - RAMON MAS (pujada),2.17408730045201,41.3875440238147,592.0,girona,592.0,500_1000m,"2024,2025",2,euclidean_utm31n_interim
5034,VIA LAIETANA - FONTANELLA (baixada),2.17403902069268,41.3874957276319,597.0,girona,597.0,500_1000m,"2024,2025",2,euclidean_utm31n_interim
5014,PELAI - BALMES,2.16922932842103,41.3855471554975,601.3,consell_de_cent,601.3,500_1000m,"2017,2018,2019,2021,2022,2023,2024,2025",8,euclidean_utm31n_interim
4020,MARINA - GRAN VIA (Baixada),2.1817417074382,41.3986563805349,607.6,consell_de_cent,607.6,500_1000m,"2017,2018,2019,2020,2021,2022,2023,2024,2025",9,euclidean_utm31n_interim
6005,CÒRSEGA - NÀPOLS  (sentit Llobregat),2.16818331001933,41.4031772143077,611.6,girona,611.6,500_1000m,"2017,2018,2019,2020,2021,2022,2023,2024,2025",9,euclidean_utm31n_interim
5012,FONTANELLA - PL. CATALUNYA,2.17174353946815,41.3872745114631,616.9,consell_de_cent,616.9,500_1000m,"2017,2018,2019,2020,2021,2022,2023,2024,2025",9,euclidean_utm31n_interim
4083,MARINA - CASP (Pujada),2.18183500793533,41.398739728411,617.5,consell_de_cent,617.5,500_1000m,"2017,2018,2019,2020,2021,2022,2023,2024,2025",9,euclidean_utm31n_interim
6004,ROSSELLÓ - NÀPOLS (sentit Besòs),2.17019732723134,41.4029424426241,622.8,girona,622.8,500_1000m,"2017,2018,2019,2020,2021,2022,2023,2024,2025",9,euclidean_utm31n_interim
5022,VIA LAIETANA - COMTAL (Pujada),2.174518411,41.387268706,625.8,girona,625.8,500_1000m,"2017,2019,2020,2021,2022",5,euclidean_utm31n_interim
3028,AV. PARAL·LEL -  JAUME FABRA (Pujada),2.16029419260348,41.375029348858,638.5,rocafort,638.5,500_1000m,"2017,2019,2020,2021,2022,2023,2024,2025",8,euclidean_utm31n_interim
4040,BALMES - ROSSELLÓ (baixada),2.15768899888382,41.3930505058183,670.8,consell_de_cent,670.8,500_1000m,"2017,2018,2019,2020,2021,2022,2023,2024,2025",9,euclidean_utm31n_interim
5017,PG. LLUÍS COMPANYS - ALMOGÀVERS (Pujada),2.18142013340698,41.3910021306038,679.3,girona,679.3,500_1000m,"2017,2018,2019,2020,2021,2022,2023,2024,2025",9,euclidean_utm31n_interim
4086,JARDINS SALVADOR ESPRIU -DIAGONAL  (sentit Llobregat),2.15920458873656,41.3970883113916,681.1,girona,681.1,500_1000m,"2017,2018,2019,2020,2021,2022,2023,2024,2025",9,euclidean_utm31n_interim
4108,ALI BEI - SICILIA (sentit Llobregat),2.18183931724049,41.3942980429187,683.6,consell_de_cent,683.6,500_1000m,"2022,2023,2024,2025",4,euclidean_utm31n_interim
4054,LEPANT - DIPUTACIÓ  (sentit mar),2.18152930913028,41.4007236955616,685.9,consell_de_cent,685.9,500_1000m,"2017,2018,2019,2020,2021,2022,2023,2024,2025",9,euclidean_utm31n_interim
2001,PARÍS - VILADOMAT (sentit Besòs),2.1465047471315,41.3885296827205,691.7,borrell,691.7,500_1000m,"2017,2018,2019,2020,2021,2022,2023,2024,2025",9,euclidean_utm31n_interim
4096,ROSSELLÓ - ARIBAU (sentit Besòs),2.15547146519011,41.391862456137,694.9,consell_de_cent,694.9,500_1000m,"2017,2018,2019,2020,2021,2022,2023,2024,2025",9,euclidean_utm31n_interim
4039,ROSSELLÓ - BALMES (sentit Besòs),2.15782762359234,41.3936544186481,709.5,consell_de_cent,709.5,500_1000m,"2017,2018,2019,2020,2021,2022,2023,2024,2025",9,euclidean_utm31n_interim
5020,ALMOGÀVERS - ROGER DE FLOR  (sentit Llobregat),2.18214874228289,41.3912139162087,730.8,girona,730.8,500_1000m,"2017,2018,2019,2020,2021,2022,2023,2024,2025",9,euclidean_utm31n_interim
4076,ARAGÓ - PADILLA (sentit Llobregat),2.17932605908427,41.4029586518706,737.7,consell_de_cent,737.7,500_1000m,"2017,2019,2020,2021,2022,2023,2024,2025",8,euclidean_utm31n_interim
3030,VILADOMAT - PARLAMENT  (sentit mar),2.16244637583804,41.3757914645701,744.2,rocafort,744.2,500_1000m,"2017,2018,2019,2020,2021,2022,2023,2024,2025",9,euclidean_utm31n_interim
5032,VIA LAIETANA - PL. ANTONI MAURA (pujada),2.17577944628798,41.3862530741907,756.2,girona,756.2,500_1000m,"2024,2025",2,euclidean_utm31n_interim
4006,PARÍS - VILLARROEL,2.14982266490774,41.3910511523403,758.2,borrell,758.2,500_1000m,"2017,2018,2019,2020,2021,2022,2023,2024,2025",9,euclidean_utm31n_interim
5031,VIA LAIETANA - DR. JOAQUIM POU (baixada),2.17572829566124,41.3862189614993,758.8,girona,758.8,500_1000m,"2024,2025",2,euclidean_utm31n_interim
5018,PG. LLUÍS COMPANYS - REC COMTAL (Baixada),2.18177593556833,41.3896230949241,768.3,girona,768.3,500_1000m,"2017,2018,2019,2020,2021,2022,2023,2024,2025",9,euclidean_utm31n_interim
6007,INDÚSTRIA - NÀPOLS  (sentit Besòs),2.16788571857009,41.404637037895,771.5,girona,771.5,500_1000m,"2017,2018,2019,2020,2021,2022,2023,2024,2025",9,euclidean_utm31n_interim
6025,SARDENYA - ROSSELLÓ  (sentit Besòs),2.17242685787606,41.4040466489192,772.8,consell_de_cent,772.8,500_1000m,"2017,2018,2019,2020,2021,2022,2023,2024,2025",9,euclidean_utm31n_interim
4094,VILLARROEL - PARÍS  (sentit mar),2.14902608916375,41.3910706879931,785.8,borrell,785.8,500_1000m,"2017,2018,2019,2020,2021,2022,2023,2024,2025",9,euclidean_utm31n_interim
4037,GRAN VIA - LEPANT (Besòs),2.18315468669706,41.400525643884,792.3,consell_de_cent,792.3,500_1000m,"2017,2019,2020,2021,2022,2023,2024,2025",8,euclidean_utm31n_interim
3029,RONDA DE SANT PAU - MARQUES DE CAMPO SAGRADO  (sentit muntanya),2.1651407805836,41.3771536877082,818.2,borrell,818.2,500_1000m,"2017,2018,2019,2020,2021,2022,2023,2024,2025",9,euclidean_utm31n_interim
6020,TRAVESSERA DE GRÀCIA - BAILÉN (sentit Besòs),2.161334549,41.403533983,819.9,girona,819.9,500_1000m,"2017,2018,2019,2020,2021,2022,2023",7,euclidean_utm31n_interim
4055,PADILLA - GRAN VIA  (sentit muntanya),2.18306888271222,41.4012229046827,824.1,consell_de_cent,824.1,500_1000m,"2017,2018,2019,2020,2021,2022,2023,2024,2025",9,euclidean_utm31n_interim
4007,AV. DIAGONAL - RAMBLA CATALUNYA (Baixada),2.15750682596104,41.3959672761549,839.3,girona,839.3,500_1000m,"2017,2019,2020,2021,2022,2023,2024,2025",8,euclidean_utm31n_interim
4003,ARIBAU - CÒRSEGA  (sentit muntanya),2.15359903533125,41.3927377009934,844.8,consell_de_cent,844.8,500_1000m,"2017,2018,2019,2020,2021,2022,2023,2024,2025",9,euclidean_utm31n_interim
4011,CASANOVA - PARÍS  (sentit muntanya),2.15007571947828,41.3919934955964,850.8,borrell,850.8,500_1000m,"2017,2018,2019,2020,2021,2022,2023,2024,2025",9,euclidean_utm31n_interim
6003,LEPANT - PROVENÇA (sentit mar),2.176014712,41.404950423,856.5,consell_de_cent,856.5,500_1000m,"2017,2018,2019,2020,2021,2022,2023",7,euclidean_utm31n_interim
4012,LONDRES - CASANOVA,2.1490220490932,41.3921410662462,895.2,borrell,895.2,500_1000m,"2017,2018,2019,2020,2021,2022,2023,2024,2025",9,euclidean_utm31n_interim
3032,COMTE BORRELL- MARQUÈS DE CAMPO SAGRADO  (sentit mar),2.16475845609665,41.3757177171978,898.0,borrell,898.0,500_1000m,"2017,2018,2019,2020,2021,2022,2023,2024,2025",9,euclidean_utm31n_interim
6008,SANT ANTONI MARIA CLARET - SICÍLIA  (sentit Llobregat),2.16718733665132,41.4058213534936,901.8,girona,901.8,500_1000m,"2017,2018,2019,2020,2021,2022,2023,2024,2025",9,euclidean_utm31n_interim
4001,URGELL - BUENOS AIRES  (sentit mar),2.14641817842831,41.3912813283886,918.1,borrell,918.1,500_1000m,"2017,2018,2019,2020,2021,2022,2023,2024,2025",9,euclidean_utm31n_interim
3007,GRAN VIA - FARELL (Sortida),2.14429511912127,41.3714598785271,922.6,consell_de_cent,922.6,500_1000m,"2017,2018,2019,2020,2021,2022,2023,2024,2025",9,euclidean_utm31n_interim
4005,AV. DIAGONAL - RAMBLA CATALUNYA (Pujada),2.15651996801086,41.3958138514847,923.5,girona,923.5,500_1000m,"2017,2019,2020,2021,2022,2023,2024,2025",8,euclidean_utm31n_interim
4089,BÀLMES - PARÍS (baixada),2.1554440540201,41.3947839585255,939.6,consell_de_cent,939.6,500_1000m,"2017,2019,2020,2021,2022,2023,2024,2025",8,euclidean_utm31n_interim
4088,PARÍS - ARIBAU  (sentit Besòs),2.1532501090812,41.3936224740716,945.9,consell_de_cent,945.9,500_1000m,"2017,2018,2019,2020,2021,2022,2023,2024,2025",9,euclidean_utm31n_interim
4087,MUNTANER - LONDRES  (sentit mar),2.15089365575303,41.3930509929197,949.1,borrell,949.1,500_1000m,"2017,2018,2019,2020,2021,2022,2023,2025",8,euclidean_utm31n_interim
30002,TUNEL GLÒRIES SENTIT BESÒS - BOCA ENTRADA,2.18461096286774,41.4016019757999,956.3,consell_de_cent,956.3,500_1000m,"2022,2023,2024,2025",4,euclidean_utm31n_interim
5027,PG. PUJADES - WELLINGTON (Llobregat),2.18501329421997,41.3901733502094,993.4,girona,993.4,500_1000m,"2017,2019,2020,2021,2022,2023,2024,2025",8,euclidean_utm31n_interim
3027,AV. PARAL·LEL - COMTE BORRELL (Muntanya),2.16545762827654,41.375002586274,995.7,borrell,995.7,500_1000m,"2017,2019,2020,2021,2022,2023,2024,2025",8,euclidean_utm31n_interim
5026,PG. PUJADES - ROGER DE FLOR (Besós),2.18510436978086,41.3901035183585,1003.1,girona,1003.1,1_2km,"2017,2018,2019,2020,2021,2022,2023,2024,2025",9,euclidean_utm31n_interim
2004,NUMÀNCIA - MARQUES DE SENTMENAT V (sentit mar),2.13747872461352,41.3847091760812,1012.5,rocafort,1012.5,1_2km,"2017,2018,2019,2020,2021,2022,2023,2024,2025",9,euclidean_utm31n_interim
4018,AV. MERIDIANA - LEPANT (Baixada),2.18674524208719,41.396298174752,1013.1,consell_de_cent,1013.1,1_2km,"2017,2018,2019,2020,2021,2022,2023,2024,2025",9,euclidean_utm31n_interim
6002,PADILLA - PROVENÇA (sentit muntanya),2.176217811,41.406438095,1022.4,consell_de_cent,1022.4,1_2km,"2017,2018,2019,2020,2021,2022,2023",7,euclidean_utm31n_interim
4056,CONSELL DE CENT - CASTILLEJOS,2.1830778515996,41.4040640465821,1026.9,consell_de_cent,1026.9,1_2km,"2017,2018,2019,2020,2021,2022,2025",7,euclidean_utm31n_interim
1015,AV. SARRIÀ - AV. JOSEP TARRADELLAS,2.14307827376168,41.3905703600706,1041.6,rocafort,1041.6,1_2km,"2017,2018,2019,2020,2021,2022,2023,2024,2025",9,euclidean_utm31n_interim
2010,BERLÍN - COMTES DE BELL.LLOC (sentit Besòs),2.13659629573035,41.3821747514497,1053.5,rocafort,1053.5,1_2km,"2017,2020,2021,2024,2025",5,euclidean_utm31n_interim
4014,AV. DIAGONAL - MUNTANER (Baixada),2.15026113948453,41.3941742332562,1081.8,borrell,1081.8,1_2km,"2017,2019,2020,2021,2022,2023,2024,2025",8,euclidean_utm31n_interim
4016,AV. MERIDIANA - CASTILLEJOS (Pujada),2.187033963,41.400338833,1084.9,consell_de_cent,1084.9,1_2km,"2017,2018,2019,2021,2022,2023",6,euclidean_utm31n_interim
4017,AV. DIAGONAL - TUSET (Pujada),2.15267479025878,41.3948599364483,1090.7,consell_de_cent,1090.7,1_2km,"2017,2019,2020,2021,2022,2023,2024,2025",8,euclidean_utm31n_interim
8039,VIA AUGUSTA - LA GRANADA DEL PENEDÉS (Baixada),2.15410931845948,41.3975124778552,1104.2,girona,1104.2,1_2km,"2017,2018,2019,2020,2021,2022,2023,2024,2025",9,euclidean_utm31n_interim
8038,VIA AUGUSTA - LUÍS ANTÚNEZ (Pujada),2.15401381751333,41.3978098948573,1112.1,girona,1112.1,1_2km,"2017,2018,2019,2020,2021,2022,2023,2024,2025",9,euclidean_utm31n_interim
6013,SARDENYA - PARE LAÍNEZ  (sentit mar),2.16732803370528,41.407913402577,1134.0,girona,1134.0,1_2km,"2017,2018,2019,2020,2021,2022,2023,2024,2025",9,euclidean_utm31n_interim
2018,PG. SANT ANTONI - ALCOLEA (Besòs),2.136317347654,41.3762008780484,1139.4,consell_de_cent,1139.4,1_2km,"2017,2018,2019,2020,2021,2022,2023,2024,2025",9,euclidean_utm31n_interim
4093,ARIBAU - DIAGONAL  (sentit muntanya),2.15072212519473,41.394889827339,1152.6,borrell,1152.6,1_2km,"2017,2018,2019,2020,2021,2022,2023,2024,2025",9,euclidean_utm31n_interim
6027,PI I MARGALL - SECRETARI COLOMA (Pujada),2.163726748,41.407948309,1177.4,girona,1177.4,1_2km,"2017,2018,2019,2020,2021,2022",6,euclidean_utm31n_interim
6028,PI I MARGALL - SECRETARI COLOMA (Baixada),2.163562383,41.407951744,1181.4,girona,1181.4,1_2km,"2017,2018,2019,2020,2021,2022",6,euclidean_utm31n_interim
3034,AV. PARAL·LEL - RONDA SANT PAU (Baixada),2.16831302975081,41.3748330708772,1185.4,borrell,1185.4,1_2km,"2017,2018,2019,2020,2021,2022,2023,2024,2025",9,euclidean_utm31n_interim
4036,BALMES - LA GRANADA (baixada),2.15303677508137,41.396634928461,1199.1,girona,1199.1,1_2km,"2017,2018,2019,2020,2021,2022,2023,2024,2025",9,euclidean_utm31n_interim
3011,GRAN VIA - TRAJÀ (Entrada),2.14166976251838,41.3692427641998,1245.6,consell_de_cent,1245.6,1_2km,"2017,2020,2021,2022,2023,2024,2025",7,euclidean_utm31n_interim
3036,AV. PARAL·LEL - ABAT SAFONT (Pujada),2.16948927505589,41.3749768556568,1254.6,borrell,1254.6,1_2km,"2017,2018,2019,2020,2021,2022,2023,2024,2025",9,euclidean_utm31n_interim
8001,TRAVESSERA DE GRÀCIA - BALMES,2.15226502058198,41.3978316255444,1258.3,girona,1258.3,1_2km,"2017,2019,2020,2021,2022,2023,2024,2025",8,euclidean_utm31n_interim
2002,ENTENÇA - DEU I MATA  (sentit muntanya),2.13796914924406,41.3900018374214,1262.4,rocafort,1262.4,1_2km,"2017,2018,2019,2020,2021,2022,2023,2024,2025",9,euclidean_utm31n_interim
3008,GRAN VIA - MOIANÈS (Sortida),2.14132174763906,41.3691598112449,1268.9,consell_de_cent,1268.9,1_2km,"2017,2018,2019,2020,2021,2022,2023,2024,2025",9,euclidean_utm31n_interim
1002,AV. DIAGONAL - AV. SARRIÀ (Entrada),2.13996624545115,41.3914833997392,1270.0,rocafort,1270.0,1_2km,"2017,2018,2019,2020,2021,2022,2023,2024,2025",9,euclidean_utm31n_interim
4085,VALÈNCIA - DOS DE MAIG  (sentit Besòs),2.18255362625234,41.4071224828227,1272.9,consell_de_cent,1272.9,1_2km,"2017,2018,2019,2020,2021,2022,2023,2024,2025",9,euclidean_utm31n_interim
1005,AV. DIAGONAL - BEETHOVEN (Sortida),2.13989839005131,41.391564053921,1280.6,rocafort,1280.6,1_2km,"2017,2019,2020,2021,2022,2023,2024,2025",8,euclidean_utm31n_interim
6022,CÒRSEGA - CARTAGENA  (sentit Llobregat),2.1760050615462,41.4090226084192,1306.1,consell_de_cent,1306.1,1_2km,"2017,2018,2019,2020,2021,2022,2023,2024,2025",9,euclidean_utm31n_interim
4057,ARAGÓ - INDEPENDÈNCIA (sentit Llobregat),2.18431180885805,41.4067177814795,1318.7,consell_de_cent,1318.7,1_2km,"2017,2019,2020,2021,2022,2023,2024,2025",8,euclidean_utm31n_interim
6023,ROSSELLÓ - CASTILLEJOS (sentit Besòs),2.17812948884698,41.4089008487539,1319.5,consell_de_cent,1319.5,1_2km,"2017,2018,2019,2020,2021,2022,2023,2024,2025",9,euclidean_utm31n_interim
8027,GRAN DE GRÀCIA - RAMBLA DEL PRAT (sentit muntanya),2.15271723555697,41.4023133243744,1324.5,girona,1324.5,1_2km,"2017,2018,2019,2020,2021,2022,2023,2024,2025",9,euclidean_utm31n_interim
8018,MUNTANER - AVENIR (sentit mar),2.14729341908372,41.3957928679685,1325.4,borrell,1325.4,1_2km,"2017,2018,2019,2020,2021,2022,2023,2024,2025",9,euclidean_utm31n_interim
5016,AV. MARQUÉS DE L'ARGENTERA - COMERÇ (Besós),2.18515306818641,41.3846574778002,1327.2,girona,1327.2,1_2km,"2017,2018,2019,2020,2021,2022,2023,2025",8,euclidean_utm31n_interim
5015,AV. MARQUÉS DE L'ARGENTERA - COMERÇ (Llobregat),2.18466469757436,41.3841889492404,1335.3,girona,1335.3,1_2km,"2017,2018,2019,2020,2022,2023,2025",7,euclidean_utm31n_interim
4107,INDEPENDENCIA - CONSELL DE CENT (sentit muntanya),2.185349486,41.4062980115002,1338.1,consell_de_cent,1338.1,1_2km,"2022,2024,2025",3,euclidean_utm31n_interim
2011,TRAVESSERA DE LES CORTS - VILAMUR (Llobregat),2.13371166810962,41.3860268567946,1355.7,rocafort,1355.7,1_2km,"2017,2018,2019,2020,2021,2022,2023,2024,2025",9,euclidean_utm31n_interim
5009,VIA LAIETANA - ANGEL BAIXERAS (Pujada),2.181309861,41.38206773,1360.9,girona,1360.9,1_2km,"2017,2018,2019,2020,2021,2022,2023",7,euclidean_utm31n_interim
5002,VIA LAIETANA - MANRESA (Baixada),2.18130466272832,41.3819915864222,1368.2,girona,1368.2,1_2km,"2017,2019,2020,2021,2022,2023,2024",7,euclidean_utm31n_interim
2026,C. DE SANTS - JOAN GÜELL (Sentit Hospitalet),2.13344096127324,41.3754717017484,1392.7,consell_de_cent,1392.7,1_2km,"2017,2018,2019,2020,2021,2022,2023,2024,2025",9,euclidean_utm31n_interim
7007,AV. MERIDIANA - CONSELL DE CENT (Entrada),2.1866805713494,41.4063190756375,1416.2,consell_de_cent,1416.2,1_2km,"2017,2018,2019,2020,2021,2022,2023,2024,2025",9,euclidean_utm31n_interim
6011,LEPANT - LLORENS I BARBA  (sentit mar),2.16879034684606,41.4104641697786,1422.0,girona,1422.0,1_2km,"2017,2018,2019,2020,2021,2022,2023,2024,2025",9,euclidean_utm31n_interim
9004,LLULL- MARINA (sentit Besòs),2.19072664073008,41.3926226236707,1422.6,girona,1422.6,1_2km,"2017,2018,2019,2020,2021,2022,2023,2024,2025",9,euclidean_utm31n_interim
7017,AV. MERIDIANA - CLOT (Sortida),2.18706002103312,41.406326935864,1439.4,consell_de_cent,1439.4,1_2km,"2017,2018,2019,2020,2021,2022,2023,2024,2025",9,euclidean_utm31n_interim
6032,PI I MARAGALL - SARDENYA (sentit muntanya),2.16438678246778,41.4104912433933,1441.6,girona,1441.6,1_2km,"2024,2025",2,euclidean_utm31n_interim
2027,C. DE SANTS - SANT MEDIR (Sentit Pl. Espanya),2.13281531900884,41.375427012794,1444.5,consell_de_cent,1444.5,1_2km,"2017,2018,2019,2020,2021,2022,2023,2024,2025",9,euclidean_utm31n_interim
6033,PI I MARAGALL - RDA. GUINARDÓ (sentit mar),2.16431550408086,41.4105198426598,1445.7,girona,1445.7,1_2km,"2024,2025",2,euclidean_utm31n_interim
5005,PLA DE PALAU - PG. ISABEL II (Sentit Barceloneta),2.18378480321083,41.3822897274376,1450.3,girona,1450.3,1_2km,"2017,2018,2019,2020,2021,2022,2023,2024,2025",9,euclidean_utm31n_interim
2022,TRAV. DE LES CORTS - GALILEU (Besòs),2.13204774127371,41.3848966969433,1460.1,rocafort,1460.1,1_2km,"2017,2018,2019,2020,2021,2022,2023,2024,2025",9,euclidean_utm31n_interim
2013,NUMÀNCIA - ANGLESOLA  (sentit mar),2.13363873768197,41.3885020912706,1466.5,rocafort,1466.5,1_2km,"2017,2018,2019,2020,2021,2022,2023,2024,2025",9,euclidean_utm31n_interim
6012,PADILLA - ROSALIA DE CASTRO  (sentit muntanya),2.17056617665228,41.410725022038,1469.5,girona,1469.5,1_2km,"2017,2018,2019,2020,2021,2022,2023,2024,2025",9,euclidean_utm31n_interim
2023,TRAV. DE LES CORTS - GALILEU (Llobregat),2.13156468172109,41.3846559474015,1495.1,rocafort,1495.1,1_2km,"2017,2018,2019,2020,2021,2022,2023,2024,2025",9,euclidean_utm31n_interim
9005,RAMON TRIAS FARGAS - DR. TRUETA (sentit mar),2.19126302621543,41.3898153718424,1507.7,girona,1507.7,1_2km,"2017,2018,2019,2020,2021,2022,2023,2024,2025",9,euclidean_utm31n_interim
1014,AV. SARRIÀ - DOCTOR FLEMING (pujada),2.1359160000107,41.3916298692755,1511.0,rocafort,1511.0,1_2km,"2017,2018,2019,2020,2021,2022,2023,2024,2025",9,euclidean_utm31n_interim
5010,PG. COLOM - PL. D’IDRISSA DAILO (Llobregat),2.18137804232241,41.3805492721174,1513.9,girona,1513.9,1_2km,"2017,2018,2019,2020,2021,2022,2023,2024,2025",9,euclidean_utm31n_interim
8020,AV.DE LA RIERA DE CASSOLES - VALLIRANA (Baixada),2.15035152730765,41.4024623783223,1514.4,girona,1514.4,1_2km,"2017,2018,2019,2020,2021,2022,2023,2024,2025",9,euclidean_utm31n_interim
5007,PL. PAU VILA - DOCTOR AIGUADER (Sentit Pla de Palau),2.18530039455833,41.3823228889574,1525.3,girona,1525.3,1_2km,"2017,2018,2019,2020,2021,2022,2023,2024,2025",9,euclidean_utm31n_interim
6001,MALLORCA - XIFRÉ (sentit Llobregat),2.183407444,41.409444124,1532.2,consell_de_cent,1532.2,1_2km,"2017,2018,2019,2021",4,euclidean_utm31n_interim
2020,AV. MADRID - TENOR MASINI (Besòs),2.13105365778254,41.3803288751531,1533.3,rocafort,1533.3,1_2km,"2017,2018,2019,2020,2021,2022,2023,2024,2025",9,euclidean_utm31n_interim
2021,AV. MADRID - LLUÇÀ (Llobregat),2.13101466622061,41.380386227348,1535.7,rocafort,1535.7,1_2km,"2017,2018,2019,2020,2021,2022,2023,2024,2025",9,euclidean_utm31n_interim
8032,RIERA DE CASSOLES - LES CAROLINES (Pujada),2.15005680018936,41.4029648690438,1557.6,girona,1557.6,1_2km,"2017,2018,2019,2020,2021,2022,2023,2024,2025",9,euclidean_utm31n_interim
5004,PAS SOTA MURALLA - LLAUDER (Llobregat),2.18397743124051,41.3810969944889,1568.2,girona,1568.2,1_2km,"2017,2018,2019,2020,2021,2022,2023,2024,2025",9,euclidean_utm31n_interim
5003,PAS SOTA MURALLA - LLAUDER (Besòs),2.18403932544855,41.3810405336813,1576.3,girona,1576.3,1_2km,"2017,2018,2019,2020,2021,2022,2023,2024,2025",9,euclidean_utm31n_interim
5008,DOCTOR AIGUADER - PIZARRO (Llobregat),2.18738889851896,41.3829434202415,1593.9,girona,1593.9,1_2km,"2017,2018,2019,2020,2021,2022,2023,2024,2025",9,euclidean_utm31n_interim
5001,PG. COLOM - SIMÓ OLLER (Besòs),2.18103833666584,41.3796065580548,1597.8,girona,1597.8,1_2km,"2017,2018,2019,2020,2021,2022,2023,2024,2025",9,euclidean_utm31n_interim
6016,RONDA DEL MIG - SARDENYA (Besòs),2.16347756506333,41.4119881154064,1619.0,girona,1619.0,1_2km,"2017,2018,2019,2022,2023,2024,2025",7,euclidean_utm31n_interim
9007,JOAN MIRÓ - RAMON TURRÓ (sentit mar),2.19311216488342,41.3917826532277,1626.7,girona,1626.7,1_2km,"2017,2018,2019,2020,2021,2022,2023,2024,2025",9,euclidean_utm31n_interim
6017,RONDA DEL MIG - PL. ALFONS X EL SAVI (Llobregat),2.16353512531538,41.4120931847174,1629.5,girona,1629.5,1_2km,"2017,2018,2019,2020,2021,2022,2023,2024,2025",9,euclidean_utm31n_interim
9001,MARINA - DOCTOR TRUETA (Baixada),2.19298716682227,41.3901072108817,1641.7,girona,1641.7,1_2km,"2017,2020,2021,2022,2023,2024,2025",7,euclidean_utm31n_interim
6024,CAMÈLIES - CA L'ALEGRE DE DALT,2.15951705918456,41.4112805581794,1643.8,girona,1643.8,1_2km,"2017,2019,2020,2021,2022,2023,2024,2025",8,euclidean_utm31n_interim
8019,ARIBAU - MADRAZO (sentit muntanya),2.14637791655911,41.3986366019623,1648.1,borrell,1648.1,1_2km,"2017,2018,2019,2020,2021,2022,2023,2024,2025",9,euclidean_utm31n_interim
8022,TRAVESSERA DE DALT - MASSENS (Besòs),2.15558296051155,41.4097909899958,1664.1,girona,1664.1,1_2km,"2017,2018,2020,2021,2022,2023,2024,2025",8,euclidean_utm31n_interim
3017,GRAN VIA - QUÍMICA (Sortida),2.1377325012082,41.3664811613027,1683.8,consell_de_cent,1683.8,1_2km,"2017,2018,2019,2020,2021,2022,2023,2024,2025",9,euclidean_utm31n_interim
3009,GRAN VIA - QUÍMICA (Entrada),2.13777851988968,41.3664402946205,1685.2,consell_de_cent,1685.2,1_2km,"2017,2018,2020,2021,2022,2023,2024",7,euclidean_utm31n_interim
7038,MERIDIANA - VALÈNCIA (ENTRADA),2.18674458687986,41.4096142757266,1697.9,consell_de_cent,1697.9,1_2km,"2019,2020,2021,2022,2023,2024,2025",7,euclidean_utm31n_interim
6006,SANT ANTONI MARIA CLARET - INDEPENDÈNCIA  (sentit Llobregat),2.17627370057039,41.4126333101318,1707.4,consell_de_cent,1707.4,1_2km,"2017,2019,2020,2021,2022,2023,2024,2025",8,euclidean_utm31n_interim
8021,TRAVESSERA DE DALT - GRANJA (Llobregat),2.15348018100593,41.4090348542492,1711.0,girona,1711.0,1_2km,"2017,2018,2019,2020,2021,2022,2023,2024,2025",9,euclidean_utm31n_interim
9010,RAMON TURRÓ - PAMPLONA (sentit Llobregat),2.19458565832871,41.3936008285249,1712.5,consell_de_cent,1712.5,1_2km,"2017,2018,2019,2020,2021,2022,2023,2024,2025",9,euclidean_utm31n_interim
6010,TÚNEL DE LA ROVIRA - BOCA SUD (Sentit Guinardó),2.16673197958124,41.413320003565,1735.0,girona,1735.0,1_2km,"2017,2018,2019,2020,2021,2022,2023,2024,2025",9,euclidean_utm31n_interim
6009,TÚNEL DE LA ROVIRA - BOCA SUD (Sentit Horta),2.16703170907309,41.4133659841927,1739.5,girona,1739.5,1_2km,"2017,2018,2019,2020,2021,2022,2023,2024",8,euclidean_utm31n_interim
10019,BADAJOZ - PUJADES (sentit muntanya),2.19543251945246,41.3987156768697,1740.3,consell_de_cent,1740.3,1_2km,"2017,2018,2019,2020,2021,2022,2023,2024,2025",9,euclidean_utm31n_interim
2024,C. DE SANTS - SANT FELIU DE GUÍXOLS (Sentit Hospitalet),2.12913358824874,41.3755675328357,1740.5,consell_de_cent,1740.5,1_2km,"2017,2018,2019,2020,2021,2022,2023,2024,2025",9,euclidean_utm31n_interim
1032,GRAN VÍA CARLES III - TRAV. DE LES CORTS (Pujada),2.12817127446172,41.3829592063285,1758.8,rocafort,1758.8,1_2km,"2017,2018,2019,2020,2021,2022,2023,2024,2025",9,euclidean_utm31n_interim
9002,AV. D'ICÀRIA - TRIAS FARGAS (Besòs),2.19387261397669,41.3884077997946,1759.0,girona,1759.0,1_2km,"2017,2018,2019,2020,2021,2022,2023,2024,2025",9,euclidean_utm31n_interim
5006,PG. JOAN DE BORBÓ - MAQUINISTA (Sentit Pla de Palau),2.18709640644174,41.3806760096672,1761.9,girona,1761.9,1_2km,"2017,2018,2019,2020,2021,2022,2023,2025",8,euclidean_utm31n_interim
1033,GRAN VÍA CARLES III - TRAV. DE LES CORTS (Baixada),2.12810394464394,41.3818510282584,1764.3,rocafort,1764.3,1_2km,"2017,2018,2019,2020,2021,2022,2023,2024,2025",9,euclidean_utm31n_interim
8016,VIA AUGUSTA - AMIGÓ (Baixada),2.1415638908826,41.398140808461,1776.1,borrell,1776.1,1_2km,"2017,2018,2019,2020,2021,2022,2023,2024,2025",9,euclidean_utm31n_interim
5029,PG. JOSEP CARNER - PL. DRASSANES (Llobregat),2.17535164123023,41.3729417540004,1788.1,borrell,1788.1,1_2km,"2017,2018,2019,2020,2021,2022,2023,2025",8,euclidean_utm31n_interim
7037,MERIDIANA - VALÈNCIA (SORTIDA),2.186999,41.410514,1791.4,consell_de_cent,1791.4,1_2km,"2019,2020,2021,2022,2023,2024,2025",7,euclidean_utm31n_interim
6030,SARDENYA - PL. SANLLEHY  (sentit mar),2.16156078355721,41.4132433960373,1792.2,girona,1792.2,1_2km,"2017,2018,2019,2020,2021,2022,2023,2024,2025",9,euclidean_utm31n_interim
8031,CAN RÀBIA - RDA. GENERAL MITRE (Baixada),2.13395498754504,41.3938179666502,1797.5,rocafort,1797.5,1_2km,"2017,2018,2019,2020,2021,2022,2023,2024,2025",9,euclidean_utm31n_interim
5028,PG. JOSEP CARNER - VILÀ I VILÀ (Besòs),2.17553231553291,41.3729552170708,1800.1,borrell,1800.1,1_2km,"2017,2018,2019,2020,2021,2022,2023,2025",8,euclidean_utm31n_interim
5025,PG. JOSEP CARNER - PORTAL DE LA PAU (Llobregat),2.17712293367133,41.3751024071444,1808.3,borrell,1808.3,1_2km,"2017,2018,2019,2020,2021,2022,2023,2025",8,euclidean_utm31n_interim
6029,CAMÈLIES - ABD EL-KADER  (sentit Besòs),2.16429547778027,41.4139083426613,1817.5,girona,1817.5,1_2km,"2017,2018,2019,2020,2021,2022,2023,2024,2025",9,euclidean_utm31n_interim
5024,PG. JOSEP CARNER - PL. DRASSANES (Besós),2.1773088671806,41.3750686445374,1824.0,borrell,1824.0,1_2km,"2017,2018,2019,2020,2021,2022,2023,2025",8,euclidean_utm31n_interim
8036,VIA AUGUSTA - ARIBAU (Sentit Pl. Molina),2.14547737379229,41.4002711868881,1844.4,borrell,1844.4,1_2km,"2017,2018,2019,2020,2021,2022,2023,2024,2025",9,euclidean_utm31n_interim
9006,MARINA - SALVADOR ESPRIU (Pujada),2.19509317609503,41.3887124684234,1848.1,girona,1848.1,1_2km,"2017,2018,2019,2020,2021,2022,2023,2024,2025",9,euclidean_utm31n_interim
1011,AV. DIAGONAL - GANDESA (Entrada),2.12863069882455,41.3885945980044,1851.8,rocafort,1851.8,1_2km,"2017,2018,2019,2020,2021,2022,2023,2024,2025",9,euclidean_utm31n_interim
8037,VIA AUGUSTA - BRUSI (Sentit Rda. General Mitre),2.14542034210574,41.4003389433751,1853.1,borrell,1853.1,1_2km,"2017,2018,2019,2020,2021,2022,2023,2024,2025",9,euclidean_utm31n_interim
1010,AV. DIAGONAL - GANDESA (Sortida),2.12857747808993,41.3886843678709,1859.7,rocafort,1859.7,1_2km,"2017,2018,2019,2020,2021,2022,2023,2024,2025",9,euclidean_utm31n_interim
4030,AV. DIAGONAL - LLACUNA (Baixada),2.19457865442584,41.4050943577355,1873.6,consell_de_cent,1873.6,1_2km,"2017,2018,2019,2020,2021,2022,2023,2024,2025",9,euclidean_utm31n_interim
5030,GRAN VIA - RBLA. POBLENOU (Entrada),2.1924419,41.4077603,1883.7,consell_de_cent,1883.7,1_2km,"2017,2018",2,euclidean_utm31n_interim
9008,AV. D'ICÀRIA - ROSA SENSAT (Llobregat),2.19603384169054,41.3905067114966,1885.5,girona,1885.5,1_2km,"2017,2018,2019,2020,2021,2023,2024,2025",8,euclidean_utm31n_interim
6031,AV. MARE DE DÉU DE MONTSERRAT - FRANÇA  (sentit Llobregat),2.16381938849337,41.4145445416464,1893.3,girona,1893.3,1_2km,"2017,2018,2019,2020,2021,2022,2023,2024,2025",9,euclidean_utm31n_interim
7033,VALÈNCIA - TER  (sentit Besòs),2.18792226740502,41.4111647516047,1895.0,consell_de_cent,1895.0,1_2km,"2017,2018,2019,2020,2021,2022,2023,2024,2025",9,euclidean_utm31n_interim
8006,RDA. GENERAL MITRE - DR. FLEMING (Sentit Via Augusta),2.13390359783985,41.3950958433231,1903.2,rocafort,1903.2,1_2km,"2017,2018,2020,2021,2022,2023,2024,2025",8,euclidean_utm31n_interim
8004,BALMES - COPÈRNIC (Baixada),2.14535372288956,41.4023599304821,1908.1,girona,1908.1,1_2km,"2017,2018,2019,2020,2021,2022,2023,2024",8,euclidean_utm31n_interim
8002,GANDUXER - VALERO  (sentit muntanya),2.13622497403366,41.3967031150866,1923.2,rocafort,1923.2,1_2km,"2017,2019,2020,2021,2022,2023,2024,2025",8,euclidean_utm31n_interim
2012,AV. MADRID - PORTBOU  (sentit Besòs),2.12645591588704,41.3778875629361,1929.9,consell_de_cent,1929.9,1_2km,"2017,2018,2019,2020,2021,2022,2023,2024,2025",9,euclidean_utm31n_interim
6014,RONDA GUINARDÓ - CARTAGENA (Besòs),2.17243227868356,41.414869691888,1950.9,girona,1950.9,1_2km,"2017,2019,2020,2021,2022,2023,2024,2025",8,euclidean_utm31n_interim
2025,C. DE SANTS - SUGRANYES (Sentit Pl. Espanya),2.12637855996629,41.3755780639749,1966.3,consell_de_cent,1966.3,1_2km,"2017,2018,2019,2020,2021,2022,2023,2024,2025",9,euclidean_utm31n_interim
30005,TUNEL GLÒRIES SENTIT BESÒS - SORTIDA BILBAO,2.19337,41.408088,1967.3,consell_de_cent,1967.3,1_2km,"2022,2023,2024,2025",4,euclidean_utm31n_interim
8015,VIA AUGUSTA - MODOLELL (Pujada),2.13705166293246,41.3978177127565,1977.5,borrell,1977.5,1_2km,"2017,2018,2019,2020,2021,2022,2023,2024,2025",9,euclidean_utm31n_interim
8034,AV. REPÚBLICA ARGENTINA - BALLESTER,2.14767175700735,41.4079918510431,2002.0,girona,2002.0,gt_2km_control,"2017,2018,2019,2020,2021,2022,2023,2024,2025",9,euclidean_utm31n_interim
6015,RONDA GUINARDÓ - SANT QUINTÍ (Llobregat),2.17265757568452,41.415369266056,2009.1,girona,2009.1,gt_2km_control,"2017,2018,2019,2020,2021,2022,2023,2024,2025",9,euclidean_utm31n_interim
30001,TUNEL GLÒRIES SENTIT LLOBREGAT - BOCA ENTRADA,2.193663418293,41.4085436834747,2017.7,consell_de_cent,2017.7,gt_2km_control,"2022,2023,2024,2025",4,euclidean_utm31n_interim
8005,BALMES - COPÈRNIC (Pujada),2.14410203561557,41.4029602727686,2027.3,girona,2027.3,gt_2km_control,"2017,2018,2019,2020,2021,2022,2023,2024,2025",9,euclidean_utm31n_interim
9009,SALVADOR ESPRIU - ROSA SENSAT (sentit Llobregat),2.19782134249268,41.3893807249814,2053.9,girona,2053.9,gt_2km_control,"2017,2018,2019,2020,2021,2022,2023,2024,2025",9,euclidean_utm31n_interim
8017,MUNTANER - COPÈRNIC (sentit mar),2.14075512429096,41.4007021278479,2054.5,borrell,2054.5,gt_2km_control,"2017,2018,2019,2020,2021,2022,2023,2024,2025",9,euclidean_utm31n_interim
1008,CAPITÀ ARENAS - MANILA (baixada),2.12637832464327,41.3896380640375,2070.0,rocafort,2070.0,gt_2km_control,"2017,2018,2019,2020,2021,2022,2023,2024,2025",9,euclidean_utm31n_interim
8011,RDA. GENERAL MITRE - BALLESTER (Llobregat),2.14489266330133,41.4056059073984,2070.8,girona,2070.8,gt_2km_control,"2017,2018,2019,2020,2021,2022,2023,2024,2025",9,euclidean_utm31n_interim
10001,ARAGÓ - NAVAS (Llobregat),2.19073536914761,41.4116798138391,2084.6,consell_de_cent,2084.6,gt_2km_control,"2017,2018,2019,2020,2021,2022,2023,2024,2025",9,euclidean_utm31n_interim
1009,PG. MANUEL GIRONA - BENET I MATEU (sentit Llobregat),2.12763920293606,41.3919462558656,2090.9,rocafort,2090.9,gt_2km_control,"2017,2019,2020,2021,2022,2023,2024,2025",8,euclidean_utm31n_interim
8003,RDA. GENERAL MITRE - SARAGOSSA (Besòs),2.14450736435098,41.4054395416092,2092.4,girona,2092.4,gt_2km_control,"2017,2018,2019,2020,2021,2022,2023,2024,2025",9,euclidean_utm31n_interim
10015,BILBAO - CONCILI DE TRENTO (sentit mar),2.19214727380226,41.4112919076192,2130.8,consell_de_cent,2130.8,gt_2km_control,"2017,2018,2019,2020,2021,2022,2023,2024,2025",9,euclidean_utm31n_interim
8041,PG. SANT JOAN BOSCO - PL. PRAT DE LA RIBA (Pujada),2.1284071416532,41.3938242376625,2151.7,rocafort,2151.7,gt_2km_control,"2017,2018,2019,2020,2021,2022,2023,2024,2025",9,euclidean_utm31n_interim
8035,PG. SANT JOAN BOSCO - F. CARBONELL (Baixada),2.1282769854829,41.3938262901109,2160.7,rocafort,2160.7,gt_2km_control,"2017,2018,2019,2020,2021,2022,2023,2024,2025",9,euclidean_utm31n_interim
11033,AV. VALLCARCA - AGRAMUNT (Pujada),2.14728360572434,41.4100782574757,2167.8,girona,2167.8,gt_2km_control,"2017,2018,2019,2020,2021,2022,2023,2024,2025",9,euclidean_utm31n_interim
7005,AV. MERIDIANA - NAVAS DE TOLOSA (Entrada),2.18683771975941,41.4147497996919,2186.9,consell_de_cent,2186.9,gt_2km_control,"2017,2018,2023,2024,2025",5,euclidean_utm31n_interim
11034,AV. VALLCARCA - AGRAMUNT (Baixada),2.14706311474828,41.410195605979,2190.4,girona,2190.4,gt_2km_control,"2017,2018,2019,2020,2021,2022,2023,2024,2025",9,euclidean_utm31n_interim
1006,AV. DIAGONAL - PLAÇA PIUS XII (Entrada),2.12380055719989,41.387374634778,2193.8,rocafort,2193.8,gt_2km_control,"2017,2018,2019,2020,2021,2022,2023,2024",8,euclidean_utm31n_interim
10005,ARAGÓ - BILBAO (Besòs),2.19188571810162,41.4122858738082,2198.1,consell_de_cent,2198.1,gt_2km_control,"2017,2018,2019,2020,2021,2022,2023,2024,2025",9,euclidean_utm31n_interim
1007,AV. DIAGONAL- DOCTOR FERRAN (Sortida),2.12373816821195,41.3874730063351,2201.7,rocafort,2201.7,gt_2km_control,"2017,2018,2019,2020,2021,2022,2023,2024,2025",9,euclidean_utm31n_interim
6019,PG. MARAGALL - ESCORNALBOU (Sentit Horta),2.18043457545689,41.4170241932517,2241.7,consell_de_cent,2241.7,gt_2km_control,"2017,2018,2019,2020,2021,2022,2023,2024,2025",9,euclidean_utm31n_interim
6018,PG. MARAGALL - ESCORNALBOU (Sentit Eixample),2.18033774951808,41.4170757293736,2245.6,consell_de_cent,2245.6,gt_2km_control,"2017,2018,2019,2020,2021,2022,2023,2024,2025",9,euclidean_utm31n_interim
9003,AV. LITORAL - ARQUITECTE SERT (sentit mar),2.20050274423041,41.3904874381431,2256.1,girona,2256.1,gt_2km_control,"2017,2018,2019,2020,2021,2022,2023,2024,2025",9,euclidean_utm31n_interim
7004,MALLORCA - BISCAIA,2.18982242141438,41.4142885384999,2270.5,consell_de_cent,2270.5,gt_2km_control,"2017,2018,2019,2020,2021,2022,2023,2024,2025",9,euclidean_utm31n_interim
8008,RDA. GENERAL MITRE - GANDUXER (Besòs),2.13459295713598,41.3997149392181,2271.6,borrell,2271.6,gt_2km_control,"2017,2018,2019,2020,2021,2022,2023,2024,2025",9,euclidean_utm31n_interim
1031,JOAN XXIII - MENÉNDEZ PELAYO (Besòs),2.12199741972438,41.3821472222222,2274.1,rocafort,2274.1,gt_2km_control,"2017,2018,2019,2020,2021,2022,2023,2024,2025",9,euclidean_utm31n_interim
8009,RDA. GENERAL MITRE - TORRAS I PUJALT (Llobregat),2.13459554529033,41.3998658842146,2283.8,borrell,2283.8,gt_2km_control,"2017,2018,2019,2020,2021,2022,2023,2024,2025",9,euclidean_utm31n_interim
1030,JOAN XXIII - MARTÍ I FRANQUÉS (Llobregat),2.12184772928002,41.3821916666666,2286.5,rocafort,2286.5,gt_2km_control,"2017,2018,2019,2020,2021,2022,2023,2024,2025",9,euclidean_utm31n_interim
2017,SANTS - RIERA BLANCA (sentit Hospitalet),2.12239111942769,41.3756480686338,2293.9,consell_de_cent,2293.9,gt_2km_control,"2017,2018,2019,2020,2021,2022,2023,2024,2025",9,euclidean_utm31n_interim
8026,VIA AUGUSTA - DOCTOR ROUX (Baixada),2.13069145701489,41.3977356750555,2300.7,rocafort,2300.7,gt_2km_control,"2017,2018,2019,2020,2021,2022,2023,2024,2025",9,euclidean_utm31n_interim
7009,AV. MERIDIANA - NAVAS DE TOLOSA (Sortida),2.18699909733485,41.4160302031476,2319.7,consell_de_cent,2319.7,gt_2km_control,"2017,2018,2022,2023,2024,2025",6,euclidean_utm31n_interim
1027,DOCTOR FERRAN - PG. MANUEL GIRONA (baixada),2.1237037935422,41.3906592623485,2320.2,rocafort,2320.2,gt_2km_control,"2017,2018,2019,2020,2021,2022,2023,2024,2025",9,euclidean_utm31n_interim
7021,NAVAS DE TOLOSA - JOSEP ESTIVILL  (sentit mar),2.18489734749009,41.4167849231015,2325.2,consell_de_cent,2325.2,gt_2km_control,"2017,2018,2019,2020,2021,2022,2023,2024,2025",9,euclidean_utm31n_interim
17005,AV. DIAGONAL - PERE IV (Pujada),2.20015975809711,41.4067401081025,2372.3,consell_de_cent,2372.3,gt_2km_control,"2017,2018,2019,2020,2021,2022,2023,2024,2025",9,euclidean_utm31n_interim
8028,VIA AUGUSTA - DOCTOR ROUX (Pujada),2.12952392983991,41.3978038708747,2372.9,rocafort,2372.9,gt_2km_control,"2017,2018,2019,2020,2021,2022,2023,2024,2025",9,euclidean_utm31n_interim
8010,BALMES - PLAÇA J. FOLGUERA (Baixada),2.140153527,41.404725667,2401.7,girona,2401.7,gt_2km_control,"2017,2018,2019,2020,2021,2022,2023",7,euclidean_utm31n_interim
8012,VIA AUGUSTA - VERGÓS (Baixada),2.12881738500021,41.3977497606527,2409.9,rocafort,2409.9,gt_2km_control,"2017,2018,2019,2020,2021,2022,2023,2024,2025",9,euclidean_utm31n_interim
1029,ARISTIDES MAILLOL - CARDENAL REIG (Pujada),2.12026132638103,41.3789667368511,2445.4,consell_de_cent,2445.4,gt_2km_control,"2017,2018,2019,2020,2021,2022,2023,2024,2025",9,euclidean_utm31n_interim
1028,ARISTIDES MAILLOL - CARDENAL REIG (Baixada),2.12016648138265,41.3788618827201,2453.3,consell_de_cent,2453.3,gt_2km_control,"2017,2018,2019,2020,2021,2022,2025",7,euclidean_utm31n_interim
8033,VERGÓS - RAFAEL BATLLE (Besòs),2.12645980606712,41.3966273619804,2471.6,rocafort,2471.6,gt_2km_control,"2017,2018,2019,2020,2021,2022,2023,2025",8,euclidean_utm31n_interim
8055,VERGÓS - PL. ARTÓS (Besòs),2.12634,41.396583,2476.2,rocafort,2476.2,gt_2km_control,"2019,2020",2,euclidean_utm31n_interim
8040,VERGÒS - RAFAEL BATLLE (Llobregat),2.12639231598963,41.3966373783215,2476.7,rocafort,2476.7,gt_2km_control,"2017,2018,2019,2020,2021,2022,2023,2024,2025",9,euclidean_utm31n_interim
11019,AV. REPÚBLICA ARGENTINA - VIADUCTE VALLCARCA (Baixada),2.14369728978358,41.4114146278194,2494.8,girona,2494.8,gt_2km_control,"2017,2018,2019,2020,2021,2022,2023,2024,2025",9,euclidean_utm31n_interim
13005,RONDA GUINARDÓ - RUBIÓ I ORS,2.176743621,41.419854649,2509.9,consell_de_cent,2509.9,gt_2km_control,"2017,2018",2,euclidean_utm31n_interim
13019,RONDA GUINARDO - ART(sentit Llobregat),2.17674362129268,41.4198546486386,2509.9,consell_de_cent,2509.9,gt_2km_control,"2018,2019,2020,2021,2022,2023,2024,2025",8,euclidean_utm31n_interim
12001,PG. ZONA FRANCA - FOC (Pujada),2.1415185233005,41.3569852262125,2510.7,consell_de_cent,2510.7,gt_2km_control,2025,1,euclidean_utm31n_interim
8042,MUNTANER - ARIMON  (sentit mar),2.13670977051136,41.4038870055706,2532.1,borrell,2532.1,gt_2km_control,"2017,2018,2019,2020,2021,2022,2023,2024,2025",9,euclidean_utm31n_interim
12002,PG. ZONA FRANCA - ESTANY (Baixada),2.14143981416746,41.3567689108824,2535.6,consell_de_cent,2535.6,gt_2km_control,"2024,2025",2,euclidean_utm31n_interim
11031,VIADUCTE VALLCARCA - PL. MONS (sentit Llobregat),2.14341629773427,41.4117871333879,2538.7,girona,2538.7,gt_2km_control,"2017,2018,2019,2020,2021,2022,2023,2024,2025",9,euclidean_utm31n_interim
1013,AV. PEDRALBES - PG. MANUEL GIRONA (Baixada),2.1200198822005,41.38923227805,2554.5,rocafort,2554.5,gt_2km_control,"2017,2018,2019,2020,2021,2022,2023,2024,2025",9,euclidean_utm31n_interim
11018,AV. REPÚBLICA ARGENTINA - VIADUCTE VALLCARCA (Pujada),2.14291541285985,41.4115300088469,2554.5,girona,2554.5,gt_2km_control,"2017,2018,2019,2020,2021,2022,2023,2024,2025",9,euclidean_utm31n_interim
10002,BAC DE RODA - BOLIVIA (Pujada),2.19898280387419,41.4113366439258,2559.0,consell_de_cent,2559.0,gt_2km_control,"2017,2018,2019,2020,2021,2022,2023,2024,2025",9,euclidean_utm31n_interim
11032,PG. MARE DE DÉU DEL COLL - PL. MONS (sentit Besòs),2.144823314,41.413590935,2580.0,girona,2580.0,gt_2km_control,"2017,2018,2019,2020,2021,2022",6,euclidean_utm31n_interim
7006,SANT ANTONI MARIA CLARET - ESPRONCEDA  (sentit Llobregat),2.18530031005948,41.4193388069758,2602.3,consell_de_cent,2602.3,gt_2km_control,"2017,2019,2020,2021,2022,2023,2024,2025",8,euclidean_utm31n_interim
1022,AV. PEDRALBES - PG. MANUEL GIRONA (Pujada),2.11915017830002,41.3899967348895,2649.8,rocafort,2649.8,gt_2km_control,"2017,2018,2019,2020,2021,2022,2023,2024,2025",9,euclidean_utm31n_interim
8053,BALMES - CASTANYER (Pujada),2.13826741814546,41.4075764369837,2665.4,girona,2665.4,gt_2km_control,"2017,2018,2019,2020,2021,2022,2023,2025",8,euclidean_utm31n_interim
8056,BALMES - MORAGAS (sentit baixada),2.13818284578302,41.4074940289962,2668.1,girona,2668.1,gt_2km_control,2025,1,euclidean_utm31n_interim
7010,AV. MERIDIANA - SANT ANTONI MARIA CLARET (Entrada),2.18684097776751,41.419855924451,2702.0,consell_de_cent,2702.0,gt_2km_control,"2017,2018,2020,2021,2022,2024,2025",7,euclidean_utm31n_interim
7040,AV. MERIDIANA - ESPRONCEDA (sortida),2.18700332530566,41.4198392256299,2705.5,consell_de_cent,2705.5,gt_2km_control,"2024,2025",2,euclidean_utm31n_interim
8054,EDUARDO CONDE - CARDENAL VIVES I TUTÓ (sentit muntanya),2.1210257358625,41.3946480013943,2719.6,rocafort,2719.6,gt_2km_control,"2017,2018,2019,2020,2021,2022,2023,2024,2025",9,euclidean_utm31n_interim
7034,FELIP II - JOSEP ESTIVILL (sentit muntanya),2.18760966783871,41.4198803521817,2729.3,consell_de_cent,2729.3,gt_2km_control,"2017,2018,2020,2021,2022,2023,2024,2025",8,euclidean_utm31n_interim
8051,AV. J.V.FOIX - CARDENAL VIVES I TUTOR (Pujada),2.12070820366511,41.3945729221465,2738.5,rocafort,2738.5,gt_2km_control,"2017,2018,2019,2020,2022,2023,2024,2025",8,euclidean_utm31n_interim
1003,AV. DIAGONAL - ADOLF FLORENSA (Entrada),2.11646676063538,41.385345761979,2755.9,rocafort,2755.9,gt_2km_control,"2017,2019,2020,2021,2022,2023,2025",7,euclidean_utm31n_interim
1004,AV. DIAGONAL - PASCUAL VILA (Sortida),2.11625845637075,41.3855740484895,2776.3,rocafort,2776.3,gt_2km_control,"2017,2018,2019,2020,2021,2022,2023,2025",8,euclidean_utm31n_interim
13006,RONDA GUINARDÓ - TORRE DELS PARDALS(sentit Besòs),2.17724758331142,41.4222445654758,2777.6,consell_de_cent,2777.6,gt_2km_control,"2017,2018,2019,2020,2021,2022,2023,2024,2025",9,euclidean_utm31n_interim
7035,FELIP II - AV. MERIDIANA  (sentit muntanya),2.18623522183881,41.4209248776034,2794.5,consell_de_cent,2794.5,gt_2km_control,"2017,2018,2019,2020,2021,2022,2023,2024,2025",9,euclidean_utm31n_interim
11024,ESTEVE TERRADES - JOSEP JOVER (Baixada),2.14094732742427,41.4133275465274,2806.6,girona,2806.6,gt_2km_control,"2017,2018,2019,2020,2021,2022,2023,2024,2025",9,euclidean_utm31n_interim
11022,CRAYWINCKEL - AV. REPÚBLICA ARGENTINA (sentit Llobregat),2.13953949979911,41.4121269843752,2822.1,girona,2822.1,gt_2km_control,"2017,2018,2019,2020,2022,2023,2024,2025",8,euclidean_utm31n_interim
13010,PG. MARAGALL - PINAR DEL RIO (Sentit Horta),2.17854604106588,41.4228633018248,2856.3,consell_de_cent,2856.3,gt_2km_control,"2017,2018,2019,2020,2021,2022,2023,2024,2025",9,euclidean_utm31n_interim
13011,PG. MARAGALL - ACÀCIES (Sentit Eixample),2.17840405922296,41.4228928720644,2858.2,consell_de_cent,2858.2,gt_2km_control,"2017,2018,2019,2020,2021,2022,2023,2024,2025",9,euclidean_utm31n_interim
12004,FOC - URANI (sentit Llobregat),2.13754319646512,41.3546580612467,2859.4,consell_de_cent,2859.4,gt_2km_control,"2024,2025",2,euclidean_utm31n_interim
12003,FOC - FERRO (sentit Besòs),2.13764236118537,41.3546161907408,2860.8,consell_de_cent,2860.8,gt_2km_control,"2024,2025",2,euclidean_utm31n_interim
11023,ESTEVE TERRADES - JOSEP JOVER (Pujada),2.14040694254619,41.4139797834488,2887.1,girona,2887.1,gt_2km_control,"2017,2018,2019,2020,2021,2022,2023,2024,2025",9,euclidean_utm31n_interim
11026,AV. VALLCARCA - GUSTAVO BÈCQUER (Baixada),2.14222140513191,41.4156068443148,2891.8,girona,2891.8,gt_2km_control,"2017,2018,2019,2020,2021,2022,2023,2024,2025",9,euclidean_utm31n_interim
8052,AV. DE PEDRALBES - C. DE BOSCH I GIMPERA (Pujada),2.11668114163942,41.3919235578205,2916.8,rocafort,2916.8,gt_2km_control,"2017,2018,2019,2020,2021,2022,2023,2024,2025",9,euclidean_utm31n_interim
11030,AV. TIBIDABO - PG. SANT GERVASI (pujada),2.13678347788775,41.4106242123752,2929.2,girona,2929.2,gt_2km_control,"2017,2018,2019,2020,2021,2022,2023,2024,2025",9,euclidean_utm31n_interim
8014,PG. BONANOVA - IRADIER (Besós),2.12716611621782,41.403110516765,2946.2,rocafort,2946.2,gt_2km_control,"2017,2018,2019,2020,2021,2022,2023,2024,2025",9,euclidean_utm31n_interim
8013,PG. BONANOVA - IRADIER (Llobregat),2.12652103599924,41.402779293201,2952.0,rocafort,2952.0,gt_2km_control,"2017,2018,2019,2020,2021,2022,2023,2024,2025",9,euclidean_utm31n_interim
8045,PG. SANT GERVASI - PL. BONANOVA (Besòs),2.1340414460214,41.4071207085061,2954.8,borrell,2954.8,gt_2km_control,"2017,2018,2019,2020,2021,2022,2023,2024,2025",9,euclidean_utm31n_interim
11025,AV. VALLCARCA - GUSTAVO BÈCQUER (Pujada),2.14191349787258,41.4162357214964,2958.7,girona,2958.7,gt_2km_control,"2017,2018,2019,2020,2021,2022,2023,2024,2025",9,euclidean_utm31n_interim
8046,PG. SANT GERVASI - TEODORA LAMADRID (Llobregat),2.13397532502848,41.4071939922631,2964.6,borrell,2964.6,gt_2km_control,"2017,2018,2019,2020,2021,2022,2023,2024,2025",9,euclidean_utm31n_interim
8023,VIA AUGUSTA - PG. BONANOVA (Sortida),2.12309031397302,41.4005494594285,2970.6,rocafort,2970.6,gt_2km_control,"2017,2018,2019,2020,2021,2022,2023,2024,2025",9,euclidean_utm31n_interim
8024,VIA AUGUSTA - PG. BONANOVA (Entrada),2.12303748736067,41.4005060366228,2970.6,rocafort,2970.6,gt_2km_control,"2017,2018,2020,2021,2022,2025",6,euclidean_utm31n_interim
11021,PG. SANT GERVASI - GARCÍA MARIÑO (pujada),2.13790255158388,41.4129384515837,2985.9,girona,2985.9,gt_2km_control,"2017,2018,2019,2020,2021,2022,2023,2025",8,euclidean_utm31n_interim
11008,TÚNEL DE LA ROVIRA - BOCA NORD (Sentit Horta),2.15838144072675,41.423738999396,2986.5,girona,2986.5,gt_2km_control,"2017,2018,2019,2020,2021,2022,2023,2024",8,euclidean_utm31n_interim
11009,TÚNEL DE LA ROVIRA - BOCA NORD (Sentit Guinardó),2.15820319678061,41.4237056720282,2986.7,girona,2986.7,gt_2km_control,"2017,2018,2019,2020,2021,2022,2023,2024,2025",9,euclidean_utm31n_interim
1017,AV. DOCTOR MARAÑÓN - BALDIRI REIXAC (Pujada),2.11305345803651,41.3827211329976,3022.0,rocafort,3022.0,gt_2km_control,"2017,2020,2021,2022,2023,2024",6,euclidean_utm31n_interim
11020,AV. REPÚBLICA ARGENTINA - PL. ALFONSO COMÍN (baixada),2.13814411812842,41.4138256777568,3026.6,girona,3026.6,gt_2km_control,"2017,2018,2019,2020,2021,2022,2023,2024,2025",9,euclidean_utm31n_interim
1019,AV. DOCTOR MARAÑÓN - PAU GARGALLO (Baixada),2.112958067,41.382553474,3029.8,rocafort,3029.8,gt_2km_control,"2017,2020,2021,2022",4,euclidean_utm31n_interim
7016,CONCEPCIÓ ARENAL - CIENFUEGOS,2.18403425048882,41.4237442181239,3037.8,consell_de_cent,3037.8,gt_2km_control,"2017,2018,2019,2020,2021,2022,2023,2024,2025",9,euclidean_utm31n_interim
8043,PG. REINA ELISENDA - PARRÒQUIA (Besòs),2.12102580872942,41.3998044404832,3046.5,rocafort,3046.5,gt_2km_control,"2017,2018,2019,2020,2021,2022,2023,2024,2025",9,euclidean_utm31n_interim
11005,PG. SANT GERVASI - PL. ALFONS COMÍN (sentit muntanya),2.13772155292881,41.4136942318135,3046.6,girona,3046.6,gt_2km_control,"2017,2018,2019,2020,2021,2022,2023,2024,2025",9,euclidean_utm31n_interim
8044,PG. REINA ELISENDA - MAJOR DE SARRIÀ (Llobregat),2.12099352595748,41.3998514106913,3051.9,rocafort,3051.9,gt_2km_control,"2017,2018,2019,2020,2021,2022,2023,2024,2025",9,euclidean_utm31n_interim
7008,AV. MERIDIANA - GARCILASO (Sortida),2.18701281753419,41.4233989454597,3074.9,consell_de_cent,3074.9,gt_2km_control,"2017,2018,2020,2021,2022,2023,2024,2025",8,euclidean_utm31n_interim
13007,RAMÓN ALBÓ - PG. MARAGALL (sentit muntanya),2.17734136943823,41.4250107991737,3084.5,consell_de_cent,3084.5,gt_2km_control,"2017,2018,2019,2020,2021,2022,2023,2024,2025",9,euclidean_utm31n_interim
11007,ESTEVE TERRADES - PL. ALFONS COMÍN (Pujada),2.13828231395387,41.4153164010651,3118.5,girona,3118.5,gt_2km_control,"2017,2018,2019,2020,2021,2022,2023,2024",8,euclidean_utm31n_interim
17008,PG. VALL D'HEBRON - C. DE TICIÀ (LLOBREGAT),2.13846491209867,41.4165583078464,3195.3,girona,3195.3,gt_2km_control,"2017,2018,2019,2020,2021,2022,2023,2024,2025",9,euclidean_utm31n_interim
1012,AV. DIAGONAL - TORRE MELINA (Lateral Entrada),2.11068541931338,41.3838466937179,3223.8,rocafort,3223.8,gt_2km_control,"2017,2018,2019,2020,2021,2022,2023,2024,2025",9,euclidean_utm31n_interim
1021,GONZÁLEZ TABLAS - AV. EXÈRCIT (Baixada),2.11054763467226,41.3848607688299,3242.8,rocafort,3242.8,gt_2km_control,"2017,2018,2019,2020,2021,2022,2023,2024,2025",9,euclidean_utm31n_interim
8047,AV. DE J.V. FOIX - MONESTIR (Mar),2.11735317281791,41.3991127003447,3245.1,rocafort,3245.1,gt_2km_control,"2017,2018,2019,2020,2021,2022,2023,2024,2025",9,euclidean_utm31n_interim
8049,BISBE CATALÀ - BOSCH I GIMPERA (Besòs),2.11525368110666,41.3967089012416,3252.2,rocafort,3252.2,gt_2km_control,"2017,2018,2019,2020,2021,2022,2023,2024,2025",9,euclidean_utm31n_interim
17009,RDA. DALT SORTIDA 6 LLOBREGAT,2.1382406632968,41.4171472520814,3252.5,girona,3252.5,gt_2km_control,"2017,2018,2019,2020,2021,2022,2023,2024,2025",9,euclidean_utm31n_interim
8050,BISBE CATALÀ - BOSCH I GIMPERA (Llobregat),2.11441068045148,41.3961138675034,3282.7,rocafort,3282.7,gt_2km_control,"2017,2018,2019,2020,2021,2022,2023,2024,2025",9,euclidean_utm31n_interim
13001,PG. MARAGALL - MOSSEN JOSEP BUNDÓ (Sentit Eixample),2.16821263086241,41.4274041222241,3298.7,girona,3298.7,gt_2km_control,"2017,2018,2019,2020,2021,2022,2023,2024,2025",9,euclidean_utm31n_interim
13002,PG. MARAGALL - SABASTIDA (Sentit Horta),2.1682073708822,41.4274779481049,3306.9,girona,3306.9,gt_2km_control,"2017,2018,2019,2020,2021,2022,2023,2024,2025",9,euclidean_utm31n_interim
11006,AV. VALLCARCA - CAPELLADES (Pujada),2.14075623218984,41.4197848756243,3309.5,girona,3309.5,gt_2km_control,"2017,2018,2019,2020,2021,2022,2023,2024,2025",9,euclidean_utm31n_interim
8048,AV. DE J.V. FOIX - MONESTIR (Muntanya),2.11675614016347,41.3995018447573,3310.8,rocafort,3310.8,gt_2km_control,"2017,2018,2019,2020,2021,2022,2023,2024,2025",9,euclidean_utm31n_interim
1001,AV. DIAGONAL - TORRE MELINA (Entrada),2.10952517290599,41.3837355108734,3320.1,rocafort,3320.1,gt_2km_control,"2017,2018,2019,2020,2021,2022,2023,2024,2025",9,euclidean_utm31n_interim
10007,CANTÀBRIA - GUIPÚSCOA (Baixada),2.20189861094284,41.4192858604983,3335.7,consell_de_cent,3335.7,gt_2km_control,"2017,2018,2023,2024",4,euclidean_utm31n_interim
10008,CANTÀBRIA - GUIPÚSCOA (Pujada),2.20106339805483,41.4200433612197,3351.4,consell_de_cent,3351.4,gt_2km_control,"2017,2018,2019,2020,2021,2022,2023,2024,2025",9,euclidean_utm31n_interim
1016,AV. ESPLUGUES - SANTA CATERINA DE SIENA (Besós),2.11072370495595,41.3909736513673,3354.4,rocafort,3354.4,gt_2km_control,"2017,2018,2019,2020,2022,2023,2024,2025",8,euclidean_utm31n_interim
7002,AV. MERIDIANA - CONCEPCIÓ ARENAL (Entrada),2.185561279,41.426418508,3357.9,consell_de_cent,3357.9,gt_2km_control,"2017,2018,2020",3,euclidean_utm31n_interim
1026,AV. ESPLUGUES - MIRET I SANS (Llobregat),2.11068650735979,41.3910102929535,3358.6,rocafort,3358.6,gt_2km_control,"2017,2018,2020,2021,2022,2023,2024,2025",8,euclidean_utm31n_interim
7003,AV. MERIDIANA - CARDENAL TEDESCHINI (Sortida),2.18566528121516,41.4265046221932,3369.4,consell_de_cent,3369.4,gt_2km_control,"2017,2018,2020,2021,2022,2023,2024,2025",8,euclidean_utm31n_interim
1018,AV. DIAGONAL - TORRE MELINA (Sortida),2.10848537576114,41.3835833030717,3406.3,rocafort,3406.3,gt_2km_control,"2017,2018,2019,2020,2021,2022,2023,2024,2025",9,euclidean_utm31n_interim
7001,ESCÒCIA - MALGRAT,2.18042256762778,41.4286703635269,3515.5,consell_de_cent,3515.5,gt_2km_control,"2017,2018,2019,2020,2021,2022,2023,2024,2025",9,euclidean_utm31n_interim
13008,ARNAU D'OMS - ESCÒCIA,2.17729717804244,41.4289867755557,3524.7,consell_de_cent,3524.7,gt_2km_control,"2017,2018,2019,2020,2021,2022,2023,2024,2025",9,euclidean_utm31n_interim
10009,GUIPÚSCOA - MARESME (Llobregat),2.20302142326192,41.4209259389645,3533.3,consell_de_cent,3533.3,gt_2km_control,"2017,2018,2019,2020,2021,2022,2023,2024,2025",9,euclidean_utm31n_interim
10010,GUIPÚSCOA - PUIGCERDÀ (Besós),2.20324041643966,41.4207915403937,3534.5,consell_de_cent,3534.5,gt_2km_control,"2017,2018,2019,2020,2021,2022,2023,2024,2025",9,euclidean_utm31n_interim
13012,AVINGUDA DELS QUINZE - JOAN ALCOVER,2.17437672893632,41.4293044872273,3553.4,consell_de_cent,3553.4,gt_2km_control,"2017,2018,2019,2020,2021,2022,2023,2024,2025",9,euclidean_utm31n_interim
13003,TAJO - BAIXADA MERCAT (Sentit Pg. Maragall),2.16096420627312,41.4295602825903,3577.3,girona,3577.3,gt_2km_control,"2017,2018,2019,2020,2021,2022,2023,2024,2025",9,euclidean_utm31n_interim
7036,DUBLÍN - CONCEPCIÓ ARENAL  (sentit Besòs),2.18526032658421,41.4286530385063,3591.1,consell_de_cent,3591.1,gt_2km_control,"2017,2018,2019,2020,2021,2022,2023,2024,2025",9,euclidean_utm31n_interim
11027,GENERAL VIVES - MAJOR DE SARRIÀ (Besòs),2.1169058220238,41.4037701460838,3594.1,rocafort,3594.1,gt_2km_control,"2017,2018,2019,2020,2021,2022,2023,2024,2025",9,euclidean_utm31n_interim
13004,TAJO - BAIXADA MERCAT (Sentit Av. Estatut),2.1603666115488,41.4296796464981,3598.2,girona,3598.2,gt_2km_control,"2017,2018,2019,2020,2021,2022,2023,2024,2025",9,euclidean_utm31n_interim
11028,GENERAL VIVES - MAJOR DE SARRIÀ (Llobregat),2.11637707646396,41.4034530847319,3604.5,rocafort,3604.5,gt_2km_control,"2017,2018,2019,2020,2021,2022,2023,2024,2025",9,euclidean_utm31n_interim
11014,AV. VALLVIDRERA (Entrada),2.11692952257796,41.4043311996354,3634.0,rocafort,3634.0,gt_2km_control,"2017,2018,2019,2020,2021,2022,2023,2024,2025",9,euclidean_utm31n_interim
13014,PG. FABRA I PUIG - DAS (Sentit Sant Andreu),2.17130443156633,41.4303195871099,3636.3,girona,3636.3,gt_2km_control,"2017,2018,2019,2020,2021,2022,2023,2024,2025",9,euclidean_utm31n_interim
11015,AV. VALLVIDRERA (Sortida),2.11693965961916,41.4043781660851,3636.9,rocafort,3636.9,gt_2km_control,"2017,2018,2019,2020,2021,2022,2023,2024,2025",9,euclidean_utm31n_interim
13013,PG. FABRA I PUIG - AMÍLCAR (Sentit Horta),2.17121495096827,41.4304004361056,3644.6,girona,3644.6,gt_2km_control,"2017,2018,2019,2020,2021,2022,2023,2024,2025",9,euclidean_utm31n_interim
17007,JOSEP PLÀ - PG. TAULAT (sentit muntanya),2.21594447419887,41.4087451861361,3674.4,consell_de_cent,3674.4,gt_2km_control,"2017,2018,2019,2020,2021,2022,2023,2024,2025",9,euclidean_utm31n_interim
11013,AV. ESPLUGUES - GONZÁLEZ TABLAS (Sortida),2.10555371036138,41.3866612935988,3679.4,rocafort,3679.4,gt_2km_control,"2017,2018,2019,2020,2021,2022,2023,2024,2025",9,euclidean_utm31n_interim
7020,PG. FABRA I PUIG - VÈLIA  (sentit muntanya),2.18044874195065,41.4302232004653,3686.7,consell_de_cent,3686.7,gt_2km_control,"2017,2018,2019,2020,2021,2022,2023,2024,2025",9,euclidean_utm31n_interim
11012,AV. ESPLUGUES - JARDINS CERVANTES (Entrada),2.10533737568672,41.3860691651983,3689.5,rocafort,3689.5,gt_2km_control,"2017,2018,2019,2020,2021,2022,2023,2024,2025",9,euclidean_utm31n_interim
10011,RBLA. PRIM - CONCILI DE TRENTO (Baixada),2.20629082616235,41.4209026395824,3720.1,consell_de_cent,3720.1,gt_2km_control,"2017,2018,2019,2020,2021,2022,2023,2024,2025",9,euclidean_utm31n_interim
7026,PG. FABRA I PUIG - CONCEPCIÓ ARENAL (sentit muntanya),2.18422824208619,41.4301803551681,3736.4,consell_de_cent,3736.4,gt_2km_control,"2017,2018,2019,2020,2021,2022,2023,2024,2025",9,euclidean_utm31n_interim
17006,"SORTIDA 24, RONDA LITORAL (sentit Besòs)",2.21819681075447,41.4055540069911,3749.8,consell_de_cent,3749.8,gt_2km_control,"2017,2018,2019,2020,2021,2022,2023,2024,2025",9,euclidean_utm31n_interim
17004,AV. LITORAL - SELVA DE MAR (sentit Besòs),2.21826567709246,41.4054905072671,3753.6,consell_de_cent,3753.6,gt_2km_control,"2017,2018,2019,2020,2021,2022,2023,2024,2025",9,euclidean_utm31n_interim
17003,PG. GARCIA FARIA - JOSEP PLÀ (sentit Llobregat),2.21790107855386,41.4065939942215,3755.8,consell_de_cent,3755.8,gt_2km_control,"2017,2018,2019,2020,2021,2022,2023,2024,2025",9,euclidean_utm31n_interim
10012,RBLA. PRIM - CONCILI DE TRENTO (Pujada),2.20582046709715,41.4217910120223,3762.9,consell_de_cent,3762.9,gt_2km_control,"2017,2018,2019,2020,2021,2022,2023,2024,2025",9,euclidean_utm31n_interim
13016,DOCTOR PI I MOLIST - ALLOZA (carril Bus),2.17413983149495,41.4314529739963,3789.1,girona,3789.1,gt_2km_control,"2017,2018,2019,2020,2021,2022,2023,2024,2025",9,euclidean_utm31n_interim
11001,AV. ESTATUT- LISBOA (Pujada),2.15522900634285,41.4306514538133,3796.1,girona,3796.1,gt_2km_control,"2017,2018,2019,2020,2021,2022,2023,2024,2025",9,euclidean_utm31n_interim
13015,DOCTOR PI I MOLIST - ESCULTOR ORDOÑEZ (sentit mar),2.17408378594873,41.4316867290554,3814.1,girona,3814.1,gt_2km_control,"2017,2018,2019,2020,2021,2022,2023,2024,2025",9,euclidean_utm31n_interim
10013,RBLA. PRIM - CRISTÓBAL DE MOURA (Baixada),2.21346256192603,41.415434528203,3814.7,consell_de_cent,3814.7,gt_2km_control,"2017,2018,2019,2020,2021,2022,2023,2024,2025",9,euclidean_utm31n_interim
17001,AV. DIAGONAL - LLULL (Baixada),2.21689026434743,41.4107128902073,3828.2,consell_de_cent,3828.2,gt_2km_control,"2017,2018,2019,2020,2021,2022,2023,2024,2025",9,euclidean_utm31n_interim
10014,RBLA. PRIM - CRISTÓBAL DE MOURA (Pujada),2.2127448089634,41.416503515673,3828.6,consell_de_cent,3828.6,gt_2km_control,"2017,2018,2019,2020,2021,2022,2023,2024,2025",9,euclidean_utm31n_interim
17002,AV. DIAGONAL - RAMBLA PRIM (Pujada),2.21680346713813,41.4108925544173,3829.3,consell_de_cent,3829.3,gt_2km_control,"2017,2019,2020,2021,2022,2023,2024,2025",8,euclidean_utm31n_interim
11003,AV. ESTATUT - PL. CIUTADELLA (Pujada),2.15449840389739,41.4315644473508,3910.2,girona,3910.2,gt_2km_control,"2017,2018,2019,2020,2021,2022,2023,2024,2025",9,euclidean_utm31n_interim
11002,AV. ESTATUT - CAN TRAVI NOU (Baixada),2.15416783936624,41.431797826656,3942.7,girona,3942.7,gt_2km_control,"2017,2018,2019,2020,2021,2022,2023,2024,2025",9,euclidean_utm31n_interim
7031,FABRA I PUIG - CANIGÓ (Besòs),2.16351120837962,41.4341815807777,4063.0,girona,4063.0,gt_2km_control,"2017,2018,2019,2020,2021,2022,2023,2024,2025",9,euclidean_utm31n_interim
7032,FABRA I PUIG - CANIGÓ (Llobregat),2.16342285344408,41.4341947880258,4065.1,girona,4065.1,gt_2km_control,"2017,2018,2019,2020,2021,2022,2023,2024,2025",9,euclidean_utm31n_interim
10017,RBLA. GUIPÚSCOA - EXTREMADURA (Entrada),2.20842324538341,41.4249817109825,4170.1,consell_de_cent,4170.1,gt_2km_control,"2017,2018,2019,2020,2021,2022,2023,2024,2025",9,euclidean_utm31n_interim
10018,RBLA. GUIPÚSCOA - CAMÍ DE LA VERNEDA (Sortida),2.20866893012187,41.4248191757687,4170.8,consell_de_cent,4170.8,gt_2km_control,"2017,2019,2020,2021,2022,2023,2024,2025",8,euclidean_utm31n_interim
13009,AV. RIO DE JANEIRO - PINTOR ALSAMORA (sentit Besòs),2.1799243098505,41.4353182023915,4243.5,consell_de_cent,4243.5,gt_2km_control,"2017,2018,2019,2020,2021,2022,2023,2024,2025",9,euclidean_utm31n_interim
11004,AV. ESTATUT - PG. VALLDAURA (Baixada),2.15343747453683,41.4359420769539,4402.1,girona,4402.1,gt_2km_control,"2017,2018,2019,2020,2021,2022,2023,2024,2025",9,euclidean_utm31n_interim
7011,AV. MERIDIANA  - ROSSELLÓ I PORCEL (Sortida),2.18435802147206,41.436297355113,4404.2,consell_de_cent,4404.2,gt_2km_control,"2017,2018,2019,2020,2021,2022,2023,2024,2025",9,euclidean_utm31n_interim
10031,SANTANDER - CANEM (sentit Llobregat),2.204336,41.43027,4419.7,consell_de_cent,4419.7,gt_2km_control,"2024,2025",2,euclidean_utm31n_interim
7039,AV. MERIDIANA - ROSSELLÓ I PORCEL (sentit Llobregat),2.184249,41.436573,4432.7,consell_de_cent,4432.7,gt_2km_control,"2019,2020,2021,2022,2023,2024,2025",7,euclidean_utm31n_interim
10032,SANTANDER - CANEM (sentit Besòs),2.204702,41.43027,4436.9,consell_de_cent,4436.9,gt_2km_control,"2024,2025",2,euclidean_utm31n_interim
7012,AV. MERIDIANA - ROSSELLÓ I PORCEL (Entrada),2.184265272,41.43662588,4438.7,consell_de_cent,4438.7,gt_2km_control,"2017,2018",2,euclidean_utm31n_interim
11010,CTRA. D'HORTA A CERDANYOLA - RONDA DE DALT (Entrada),2.15342694147954,41.4371872086848,4535.8,girona,4535.8,gt_2km_control,"2017,2018,2019,2020,2021,2022,2023,2024,2025",9,euclidean_utm31n_interim
11011,CTRA. D'HORTA A CERDANYOLA - AV. ESTATUT (Sortida),2.15350250879794,41.4372114000455,4536.8,girona,4536.8,gt_2km_control,"2017,2018,2019,2020,2021,2022,2023,2024,2025",9,euclidean_utm31n_interim
13018,PG. VALLDAURA - GASELA (Baixada),2.16985328571021,41.4388404413877,4572.4,girona,4572.4,gt_2km_control,"2017,2018,2019,2020,2021,2022,2023,2024,2025",9,euclidean_utm31n_interim
13017,PG. VALLDAURA - ISARD (Pujada),2.17000178264723,41.438915647615,4581.3,girona,4581.3,gt_2km_control,"2017,2018,2019,2020,2021,2022,2023,2024,2025",9,euclidean_utm31n_interim
16004,SANT ADRIÀ - PG. L'HAVANA (Sentit Torras i Bages),2.19543659774195,41.4355378293433,4585.4,consell_de_cent,4585.4,gt_2km_control,"2017,2018,2019,2020,2021,2022,2023,2024,2025",9,euclidean_utm31n_interim
7025,PG. VALLDAURA - ESCULTOR ORDOÑEZ (Baixada),2.17976824691788,41.4389892706886,4647.9,consell_de_cent,4647.9,gt_2km_control,"2017,2018,2019,2020,2021,2022,2023,2024,2025",9,euclidean_utm31n_interim
7024,PG. VALLDAURA - SANT FRANCESC XAVIER (Pujada),2.179324,41.439067,4653.2,consell_de_cent,4653.2,gt_2km_control,"2017,2018,2019,2020,2021,2022,2023,2024,2025",9,euclidean_utm31n_interim
7014,AV. RIO JANEIRO - ARGULLÓS (Llobregat),2.18285449286069,41.4402352832474,4815.3,consell_de_cent,4815.3,gt_2km_control,"2017,2018,2019,2020,2021,2022,2023,2024,2025",9,euclidean_utm31n_interim
7028,PG. TORRAS I BAGES - RESIDÈNCIA (Llobregat),2.19091250206101,41.4403054581178,4963.2,consell_de_cent,4963.2,gt_2km_control,"2017,2018,2019,2020,2021,2022,2023,2024,2025",9,euclidean_utm31n_interim
7027,PG. TORRAS I BAGES - RESIDÈNCIA (Besòs),2.19101844747515,41.4403222023756,4967.4,consell_de_cent,4967.4,gt_2km_control,"2017,2018,2019,2020,2021,2022,2023,2024,2025",9,euclidean_utm31n_interim
7015,AV. RIO JANEIRO - JOAQUIM VALLS (Besós),2.1844969664331,41.4414843505667,4973.4,consell_de_cent,4973.4,gt_2km_control,"2017,2018,2019,2020,2021,2022,2023,2024,2025",9,euclidean_utm31n_interim
7029,VIA JÚLIA - FRANCESC XAVIER  (sentit muntanya),2.17837466735042,41.4427399703874,5054.3,consell_de_cent,5054.3,gt_2km_control,"2017,2018,2019,2020,2021,2022,2023,2024,2025",9,euclidean_utm31n_interim
7022,AV. MERIDIANA - RIO DE JANEIRO (Entrada),2.18606065513342,41.4420708545338,5060.5,consell_de_cent,5060.5,gt_2km_control,"2017,2018,2019,2020,2021,2022,2023,2024,2025",9,euclidean_utm31n_interim
7030,VIA JÚLIA - BATLLORI  (sentit mar),2.1780638682536,41.4429273415817,5073.5,consell_de_cent,5073.5,gt_2km_control,"2017,2018,2019,2020,2021,2022,2023,2024,2025",9,euclidean_utm31n_interim
16003,FERRAN JUNOY - SAO PAULO,2.19660020974202,41.4420396242204,5293.6,consell_de_cent,5293.6,gt_2km_control,"2017,2018,2019,2020,2021,2022,2023,2024,2025",9,euclidean_utm31n_interim
16002,POTOSÍ - FERRAN JUNOY (Sentit Santa Coloma),2.19764185172385,41.4425552099912,5377.8,consell_de_cent,5377.8,gt_2km_control,"2017,2018,2019,2020,2021,2022,2023,2024,2025",9,euclidean_utm31n_interim
16001,POTOSÍ - CIUTAT D'ASUNCIÓN (Sentit Torras i Bages),2.19762242636993,41.4427067719695,5392.9,consell_de_cent,5392.9,gt_2km_control,"2017,2018,2019,2020,2021,2022,2023,2024,2025",9,euclidean_utm31n_interim
7023,AV. MERIDIANA - PG. SANTA COLOMA (Sortida),2.18719181690707,41.4450823605518,5406.7,consell_de_cent,5406.7,gt_2km_control,"2017,2018,2019,2020,2021,2022,2023,2024,2025",9,euclidean_utm31n_interim
7019,PG. SANTA COLOMA - CTRA. DE RIBES (Besòs),2.18968658758166,41.4449161583602,5432.9,consell_de_cent,5432.9,gt_2km_control,"2017,2018,2019,2020,2021,2022,2023,2024,2025",9,euclidean_utm31n_interim
7018,PG. SANTA COLOMA - PG. TORRAS I BAGES (Llobregat) ,2.18962140461431,41.4449541900293,5435.7,consell_de_cent,5435.7,gt_2km_control,"2017,2018,2019,2020,2021,2022,2023,2024,2025",9,euclidean_utm31n_interim
16006,PG. SANTA COLOMA - C. TIANA (Sentit Llobregat) ,2.19806376689669,41.4479426516473,5951.9,consell_de_cent,5951.9,gt_2km_control,"2017,2018,2019,2020,2021,2022,2023,2024,2025",9,euclidean_utm31n_interim
16007,PG. SANTA COLOMA - C. TIANA (Sentit Besós) ,2.2001276189647,41.4485694283737,6075.8,consell_de_cent,6075.8,gt_2km_control,"2017,2018,2019,2020,2021,2022,2023,2024,2025",9,euclidean_utm31n_interim
