station_id,desc,lon,lat,euclid_m,network_m,snap_m,network_bin,euclid_bin,years_with_counts,distance_metric
4002,MUNTANER - CONSELL DE CENT  (sentit mar),2.15999405057183,41.3861943064478,0.0,0,1.3,on_or_immediate,on_or_immediate,"2017,2018,2019,2020,2021,2022,2023,2024,2025",undirected_osm_highway_utm31n
4061,PAU CLARIS - CONSELL DE CENT  (sentit mar),2.16782623743917,41.392200590956,0.0,0,17.0,on_or_immediate,on_or_immediate,"2017,2018,2019,2020,2021,2022,2023,2024,2025",undirected_osm_highway_utm31n
4066,GIRONA - CONSELL DE CENT (sentit muntanaya),2.170492432,41.395294749,0.0,0,20.7,on_or_immediate,on_or_immediate,"2017,2018,2019,2020,2021,2022",undirected_osm_highway_utm31n
4067,CONSELL DE CENT - BRUC (sentit Besòs),2.170175343,41.394429536,0.0,0,21.7,on_or_immediate,on_or_immediate,"2017,2018,2019,2020,2021,2022",undirected_osm_highway_utm31n
4072,CASANOVA - CONSELL DE CENT  (sentit muntanya),2.1580927938814,41.3859229631157,0.0,0,17.5,on_or_immediate,on_or_immediate,"2017,2018,2019,2020,2021,2022,2023,2024,2025",undirected_osm_highway_utm31n
4106,VILAMARI - CONSELL DE CENT (sentit muntanya),2.14950352907181,41.3787849800429,0.0,0,3.8,on_or_immediate,on_or_immediate,"2022,2023,2025",undirected_osm_highway_utm31n
4033,ARIBAU - DIPUTACIÓ  (sentit muntanya),2.1611155956212,41.3870630464236,0.7,0,1.5,on_or_immediate,on_or_immediate,"2017,2018,2019,2020,2021,2022,2023,2024,2025",undirected_osm_highway_utm31n
4068,GRAN VIA - GIRONA,2.17356197276934,41.39342660503,19.8,17.4,16.7,on_or_immediate,on_or_immediate,"2017,2018,2019,2020,2021,2022,2023,2024,2025",undirected_osm_highway_utm31n
4095,VILLARROEL - ARAGÓ  (sentit mar),2.1569179201233,41.3850904392878,20.7,0,18.5,on_or_immediate,on_or_immediate,"2017,2019,2020,2021,2022,2023,2024,2025",undirected_osm_highway_utm31n
4104,ARAGÓ - COMTE D'URGELL (sentit Llobregat),2.154269038,41.38422424,26.4,13.6,13.0,on_or_immediate,on_or_immediate,"2022,2023,2024,2025",undirected_osm_highway_utm31n
4047,VALÈNCIA - GIRONA,2.16905147086661,41.397001041925,32.5,53.0,17.7,0_250m,on_or_immediate,"2017,2018,2019,2020,2021,2022,2023,2024,2025",undirected_osm_highway_utm31n
3004,GRAN VIA - ROCAFORT  (sentit Besòs),2.15453692917648,41.3790627934243,36.3,14.3,40.4,on_or_immediate,on_or_immediate,"2017,2018,2019,2020,2021,2022,2023,2024,2025",undirected_osm_highway_utm31n
4026,PG. SANT JOAN - DIPUTACIÓ (Pujada),2.17373623397117,41.396386975798,42.6,34.6,6.0,on_or_immediate,0_250m,"2017,2018,2019,2020,2021,2022,2023,2024,2025",undirected_osm_highway_utm31n
4058,PASSEIG DE GRÀCIA - DIPUTACIÓ (Pujada),2.1667568616092,41.3907453585242,49.4,244.4,17.8,0_250m,0_250m,"2017,2018,2019,2020,2021,2022,2023,2024,2025",undirected_osm_highway_utm31n
4031,ROGER DE LLÚRIA - DIPUTACIÓ (sentit muntanya),2.16932663816795,41.3927596717768,59.7,45.7,12.8,0_250m,0_250m,"2017,2018,2019,2020,2021,2022,2023,2024,2025",undirected_osm_highway_utm31n
2016,ENTENÇA - DIPUTACIÓ (sentit muntanya),2.151166703,41.379197455,67.0,46.9,26.8,0_250m,0_250m,"2017,2018,2019,2020,2021,2022,2023",undirected_osm_highway_utm31n
3006,GRAN VIA - VILADOMAT  (sentit Besòs),2.15681723918066,41.3807773965116,78.2,124.0,42.6,0_250m,0_250m,"2017,2018,2019,2020,2021,2022,2023,2024,2025",undirected_osm_highway_utm31n
4079,ARAGÓ - BAILÈN (sentit Llobregat),2.17055853655275,41.3964247174287,85.7,108.6,16.4,0_250m,0_250m,"2017,2018,2019,2020,2021,2022,2023,2024,2025",undirected_osm_highway_utm31n
4025,AV. DIAGONAL - GIRONA (Baixada),2.167817154,41.398487563,91.8,179.2,33.5,0_250m,0_250m,"2017,2018,2019,2020",undirected_osm_highway_utm31n
4052,DIPUTACIÓ - BALMES,2.16371476116981,41.3878586296077,92.5,148.8,16.1,0_250m,0_250m,"2017,2018,2019,2020,2021,2022,2023,2024,2025",undirected_osm_highway_utm31n
4021,COMTE URGELL- DIPUTACIÓ  (sentit muntanya),2.15691662946976,41.3833604302786,97.3,116.4,17.1,0_250m,0_250m,"2017,2018,2019,2020,2021,2022,2023,2024,2025",undirected_osm_highway_utm31n
2008,AV. ROMA - CALÀBRIA  (sentit Llobregat),2.1497682341535,41.3832232168521,99.3,170.9,21.1,0_250m,0_250m,"2017,2018,2019,2020,2021,2022,2023,2024,2025",undirected_osm_highway_utm31n
4024,AV. DIAGONAL - BAILÉN (Pujada),2.167734164,41.398633454,106.4,195.6,26.1,0_250m,0_250m,"2017,2018,2019,2020",undirected_osm_highway_utm31n
4064,DIPUTACIÓ - BRUC,2.17019539209557,41.3927688423449,115.9,138.6,20.2,0_250m,0_250m,"2017,2019,2020,2021,2022,2023,2024,2025",undirected_osm_highway_utm31n
4098,PG. GRÀCIA - ARAGÓ (Baixada),2.16520071322411,41.3917338254457,120.3,232.7,5.4,0_250m,0_250m,"2017,2018,2019,2020,2021,2022,2023,2024,2025",undirected_osm_highway_utm31n
4029,ARAGÓ - MUNTANER (sentit Llobregat),2.15817038508185,41.3870958130359,126.7,208.6,10.8,0_250m,0_250m,"2017,2018,2019,2020,2021,2022,2023,2024,2025",undirected_osm_highway_utm31n
4080,BAILÈN - DIPUTACIÓ  (sentit mar),2.17390413431999,41.394451912494,127.2,144.0,20.4,0_250m,0_250m,"2017,2019,2020,2021,2022,2023,2024,2025",undirected_osm_highway_utm31n
4051,BALMES - DIPUTACIÓ (baixada),2.16449737832213,41.3879047272823,135.6,105.3,21.9,0_250m,0_250m,"2017,2018,2019,2020,2021,2022,2023,2024,2025",undirected_osm_highway_utm31n
2009,MALLORCA - CALÀBRIA  (sentit Llobregat),2.14904637422425,41.3836515144813,140.0,214.2,16.7,0_250m,0_250m,"2017,2018,2019,2020,2021,2022,2023,2024,2025",undirected_osm_highway_utm31n
3010,ENTENÇA - SEPÚLVEDA  (sentit muntanya),2.15377313964144,41.3772231725479,147.0,219.8,20.3,0_250m,0_250m,"2017,2018,2019,2020,2021,2022,2023,2024,2025",undirected_osm_highway_utm31n
4071,AV. ROMA - VILLARROEL  (sentit Llobregat),2.15551161492165,41.3857379536589,157.6,156.1,19.9,0_250m,0_250m,"2017,2018,2019,2020,2021,2022,2023,2024,2025",undirected_osm_highway_utm31n
4049,MALLORCA - BRUC,2.16605647059014,41.3964310585901,159.6,142.6,17.2,0_250m,0_250m,"2017,2018,2019,2020,2021,2022,2023,2024,2025",undirected_osm_highway_utm31n
2006,ARAGÓ - ENTENÇA (sentit Llobregat),2.14793621,41.381069189,161.1,160.4,2.8,0_250m,0_250m,"2017,2018,2019,2020,2021,2022,2023",undirected_osm_highway_utm31n
4053,ARAGÓ - RAMBLA DE CATALUNYA (sentit Llobregat),2.16298401194208,41.3907020230178,172.3,226.4,18.3,0_250m,0_250m,"2017,2018,2019,2020,2021,2022,2023,2024,2025",undirected_osm_highway_utm31n
3012,SEPÚLVEDA - COMTE BORRELL  (sentit Llobregat),2.15830635936938,41.3800228406693,184.4,419.4,23.9,250_500m,0_250m,"2017,2018,2019,2020,2021,2022,2023,2024,2025",undirected_osm_highway_utm31n
4084,NÀPOLS - DIPUTACIÓ  (sentit mar),2.17693989634649,41.397254200157,187.3,270.2,12.2,250_500m,0_250m,"2017,2018,2019,2020,2021,2022,2023,2024,2025",undirected_osm_highway_utm31n
4077,ARAGÓ - NÀPOLS (sentit Llobregat),2.17395160686523,41.3989680268534,195.5,271.7,18.0,250_500m,0_250m,"2017,2018,2019,2020,2021,2022,2023,2024,2025",undirected_osm_highway_utm31n
3003,GRAN VIA - VILAMARÍ  (sentit Besòs),2.15225172788928,41.3773556078136,196.8,197.0,17.5,0_250m,0_250m,"2017,2018,2019,2020,2021,2022,2023,2024,2025",undirected_osm_highway_utm31n
4090,ARIBAU - ARAGÓ  (sentit muntanya),2.15924172322705,41.3884915607715,223.6,210.1,12.3,0_250m,0_250m,"2017,2018,2019,2020,2021,2022,2023,2024,2025",undirected_osm_highway_utm31n
4010,PG. SANT JOAN - VALÈNCIA (Baixada),2.17128708260538,41.3980800150532,225.8,215.9,19.7,0_250m,0_250m,"2017,2018,2019,2020,2021,2022,2023,2024,2025",undirected_osm_highway_utm31n
4028,VALÈNCIA - CASANOVA,2.1569036942764,41.3878538166451,236.3,342.2,23.4,250_500m,0_250m,"2017,2018,2019,2020,2021,2022,2023,2024,2025",undirected_osm_highway_utm31n
4035,GRAN VIA - PL. UNIVERSITAT  (sentit Besòs),2.16441727131043,41.3865364803669,237.3,343.5,20.6,250_500m,0_250m,"2017,2018,2019,2020,2021,2022,2023,2024,2025",undirected_osm_highway_utm31n
3033,SEPULVEDA - ENTENÇA  (sentit Llobregat),2.15355004884416,41.3764072022776,239.3,353.6,30.3,250_500m,0_250m,"2017,2018,2019,2020,2021,2022,2023,2024,2025",undirected_osm_highway_utm31n
4062,GRAN VIA - PAU CLARIS (sentit Besós),2.17015825066685,41.390863780895,245.0,280.4,16.7,250_500m,0_250m,"2017,2018,2019,2020,2021,2022,2023,2024,2025",undirected_osm_highway_utm31n
4059,PAU CLARIS - VALÈNCIA  (sentit mar),2.16561839478567,41.3938500206669,258.4,229.2,13.9,0_250m,250_500m,"2017,2018,2019,2020,2021,2022,2023,2024,2025",undirected_osm_highway_utm31n
3031,FLORIDABLANCA - ROCAFORT  (sentit Besòs),2.15697555342451,41.3773211414533,262.9,317.3,10.2,250_500m,250_500m,"2017,2018,2019,2020,2021,2022,2023,2024,2025",undirected_osm_highway_utm31n
4065,ROGER DE LLÚRIA - CASP  (sentit muntanya),2.17191220851891,41.3908288785469,265.0,351.9,17.9,250_500m,250_500m,"2017,2018,2019,2020,2021,2022,2023,2024,2025",undirected_osm_highway_utm31n
4046,ROGER DE LLÚRIA - MALLORCA,2.16449119773735,41.3964376684823,265.6,354.9,13.2,250_500m,250_500m,"2017,2018,2019,2020,2021,2022,2023,2024,2025",undirected_osm_highway_utm31n
2014,TARRAGONA - CONSELL DE CENT (calçada Besòs),2.14733648474262,41.3770104507661,267.7,547.0,13.1,500_1000m,250_500m,"2017,2018,2019,2020,2021,2022,2023,2024,2025",undirected_osm_highway_utm31n
3018,COMTE URGELL- FLORIDABLANCA,2.16047984134544,41.3807267821097,284.4,398.8,12.5,250_500m,250_500m,"2017,2018,2019,2020,2021,2022,2023,2024,2025",undirected_osm_highway_utm31n
2015,TARRAGONA - CONSELL DE CENT (calçada Llobregat),2.147192326,41.376902176,284.7,547.0,20.9,500_1000m,250_500m,"2018,2019",undirected_osm_highway_utm31n
3013,VILLARROEL - GRAN VIA  (sentit mar),2.16051119824691,41.3823690318997,290.5,418.6,25.4,250_500m,250_500m,"2017,2018,2019,2020,2021,2022,2023,2024,2025",undirected_osm_highway_utm31n
4082,GRAN VIA - NÀPOLS (sentit Besós),2.17815149968645,41.3968351807915,293.1,426.7,21.3,250_500m,250_500m,"2017,2018,2019,2020,2021,2022,2023,2024,2025",undirected_osm_highway_utm31n
4063,VALÈNCIA - PAU CLARIS,2.1656298097779,41.394411551482,296.4,315.3,16.7,250_500m,250_500m,"2017,2018,2019,2020,2021,2022,2023,2024,2025",undirected_osm_highway_utm31n
4009,PG. SANT JOAN - CASP (Baixada),2.17714968432596,41.3936149393821,296.5,391.6,27.5,250_500m,250_500m,"2017,2018,2019,2020,2021,2022,2023,2024,2025",undirected_osm_highway_utm31n
4034,PL. UNIVERSITAT - PELAI (Llobregat),2.16425324979824,41.3856458791412,296.8,381.6,10.5,250_500m,250_500m,"2017,2018,2019,2020,2021,2022,2023,2024,2025",undirected_osm_highway_utm31n
4042,ROSSELLÓ - AV. DIAGONAL (sentit Besòs),2.16370570249842,41.3980821322155,305.1,379.9,2.6,250_500m,250_500m,"2017,2018,2019,2020,2021,2022,2023,2024,2025",undirected_osm_highway_utm31n
4073,VALÈNCIA - RAMBLA DE CATALUNYA,2.16273962226169,41.3922436021376,306.8,337.5,0.8,250_500m,250_500m,"2017,2018,2019,2020,2021,2022,2023,2024,2025",undirected_osm_highway_utm31n
4078,AV. DIAGONAL - VALÈNCIA (Baixada),2.173914881,41.40006393,313.8,416.0,25.0,250_500m,250_500m,"2017,2018,2019,2020",undirected_osm_highway_utm31n
4023,GRAN VIA - VILLARROEL (sentit Besòs),2.16016961309645,41.3833263269611,314.2,356.0,4.3,250_500m,250_500m,"2017,2018,2019,2020,2021,2022,2023,2024,2025",undirected_osm_highway_utm31n
4022,PG. SANT JOAN - PROVENÇA (Pujada),2.16832144526965,41.4004685521516,315.7,467.0,20.7,250_500m,250_500m,"2017,2018,2019,2020,2021,2022,2023,2024,2025",undirected_osm_highway_utm31n
4111,DIAGONAL - NÀPOLS (sentit Besòs),2.1737202246071,41.4000563952108,316.8,416.0,12.9,250_500m,250_500m,"2024,2025",undirected_osm_highway_utm31n
4060,PG. SANT JOAN - AUSIÀS MARC (Pujada),2.17765894487054,41.3933623241091,332.8,472.5,19.4,250_500m,250_500m,"2017,2018,2019,2020,2021,2022,2023,2024,2025",undirected_osm_highway_utm31n
4110,AV. DIAGONAL - SICILIA (sentit Llobregat),2.17388168169961,41.4003430692453,344.7,461.1,35.2,250_500m,250_500m,"2024,2025",undirected_osm_highway_utm31n
4097,PG. GRÀCIA - CASP (Pujada),2.16915384037869,41.3887585646416,347.0,486.0,2.4,250_500m,250_500m,"2017,2018,2019,2020,2021,2022,2023,2024,2025",undirected_osm_highway_utm31n
4027,MUNTANER - MALLORCA  (sentit mar),2.15649696883514,41.38881165047,347.4,424.6,11.3,250_500m,250_500m,"2017,2018,2019,2020,2021,2022,2023,2024,2025",undirected_osm_highway_utm31n
2005,ENTENÇA - PROVENÇA  (sentit muntanya),2.14534608547098,41.3836075007717,348.5,428.5,2.4,250_500m,250_500m,"2017,2018,2019,2020,2021,2022,2023,2024,2025",undirected_osm_highway_utm31n
2003,TARRAGONA - VALÈNCIA  (sentit mar),2.14530786309372,41.378572477309,351.6,468.3,15.3,250_500m,250_500m,"2017,2018,2019,2020,2021,2022,2023,2024,2025",undirected_osm_highway_utm31n
4008,MALLORCA - CASANOVA  (sentit Llobregat),2.15472723259061,41.3879004980236,356.9,394.7,19.7,250_500m,250_500m,"2017,2018,2019,2020,2021,2022,2023,2024,2025",undirected_osm_highway_utm31n
3015,CASANOVA - SEPÚLVEDA  (sentit muntanya),2.16165673159081,41.3832214330662,358.1,412.8,7.5,250_500m,250_500m,"2017,2018,2019,2020,2021,2022,2023,2024,2025",undirected_osm_highway_utm31n
3014,SEPÚLVEDA - CASANOVA  (sentit Llobregat),2.16147246025133,41.3824189800132,368.8,492.0,12.1,250_500m,250_500m,"2017,2018,2019,2020,2021,2022,2023,2024,2025",undirected_osm_highway_utm31n
5013,RONDA SANT PERE - GIRONA  (sentit Llobregat),2.17644635091381,41.3902823026524,372.5,415.1,11.2,250_500m,250_500m,"2017,2018,2019,2020,2021,2022,2025",undirected_osm_highway_utm31n
4103,ROGER DE FLOR - MALLORCA (sentit muntanya),2.17055082321167,41.4004330484368,390.8,448.8,16.9,250_500m,250_500m,"2022,2023,2024,2025",undirected_osm_highway_utm31n
4044,PAU CLARIS - PROVENÇA  (sentit mar),2.16347178849809,41.3954885003117,392.8,467.9,7.1,250_500m,250_500m,"2017,2018,2019,2020,2021,2022,2023,2024,2025",undirected_osm_highway_utm31n
4013,SARDENYA - CONSELL DE CENT  (sentit mar),2.17812842998448,41.3997627169729,396.1,458.8,26.7,250_500m,250_500m,"2017,2018,2019,2020,2021,2022,2023,2024,2025",undirected_osm_highway_utm31n
5011,RONDA UNIVERSITAT - PL. CATALUNYA  (sentit Llobregat),2.16788359152789,41.387125414742,398.2,479.2,8.4,250_500m,250_500m,"2017,2018,2019,2020,2021,2022,2023,2024,2025",undirected_osm_highway_utm31n
3020,AV. PARAL·LEL - LLEIDA (Baixada),2.15475489159659,41.3749336247802,404.7,570.9,17.0,500_1000m,250_500m,"2017,2018,2019,2020,2021,2022,2023,2024,2025",undirected_osm_highway_utm31n
4100,VILADOMAT - ROSSELLÓ (sentit mar),2.148490105,41.38623099,414.1,490.1,8.3,250_500m,250_500m,"2022,2023,2024,2025",undirected_osm_highway_utm31n
4091,PAU CLARIS - CASP (sentit mar),2.17155203437734,41.3893950147936,421.4,436.9,20.5,250_500m,250_500m,"2017,2020,2021,2022,2023,2024,2025",undirected_osm_highway_utm31n
4043,CÒRSEGA - BRUC  (sentit Llobregat),2.16253914686886,41.3989458639609,423.4,527.0,16.5,500_1000m,250_500m,"2017,2018,2019,2020,2021,2022,2023,2024,2025",undirected_osm_highway_utm31n
3024,ROCAFORT - TAMARIT (mar),2.15788193499247,41.3757853800346,433.1,420.1,18.5,250_500m,250_500m,"2017,2019,2020,2021,2022,2023,2024,2025",undirected_osm_highway_utm31n
3001,PG. MANUEL GIRONA - BENET I MATEU (sentit Llobregat),2.151344122,41.375071194,440.1,726.3,19.6,500_1000m,250_500m,"2017,2018,2019,2020,2021",undirected_osm_highway_utm31n
3026,AV. PARAL·LEL - ENTENÇA (Mar),2.156378628652,41.3749387606281,440.7,603.1,13.8,500_1000m,250_500m,"2017,2018,2019,2020,2021,2022,2023,2024,2025",undirected_osm_highway_utm31n
4069,MALLORCA - BALMES  (sentit Llobregat),2.15928875441747,41.3913375903375,442.2,478.0,13.9,250_500m,250_500m,"2017,2018,2019,2020,2021,2022,2023,2024,2025",undirected_osm_highway_utm31n
4102,ROGER DE FLOR - AUSIÀS MARC (sentit muntanya),2.178718473,41.39424292,442.2,486.5,20.4,250_500m,250_500m,"2022,2023,2024,2025",undirected_osm_highway_utm31n
4070,PELAI - RONDA UNIVERSITAT  (sentit Besòs),2.16682285923792,41.3857203495775,444.3,525.1,5.0,500_1000m,250_500m,"2017,2018,2019,2020,2021,2022,2023,2024,2025",undirected_osm_highway_utm31n
5019,TRAFALGAR - MENDEZ NÚÑEZ  (sentit Besòs),2.17786829912579,41.3902876037345,455.7,461.8,29.3,250_500m,250_500m,"2017,2018,2019,2020,2021,2022,2025",undirected_osm_highway_utm31n
3022,CREU COBERTA - PL. ESPANYA (Pujada),2.1467520255421,41.3752006812414,459.7,803.2,12.1,500_1000m,250_500m,"2017,2018,2019,2020,2021,2022,2023,2024,2025",undirected_osm_highway_utm31n
3021,CREU COBERTA - BÉJAR (Baixada),2.14676982982649,41.3751288229608,465.9,803.2,11.8,500_1000m,250_500m,"2017,2018,2019,2020,2021,2022,2023,2024,2025",undirected_osm_highway_utm31n
4099,BALMES - MALLORCA (baixada),2.15934927414176,41.3917902636396,473.8,480.6,1.9,250_500m,250_500m,"2017,2018,2019,2020,2021,2022,2023,2024,2025",undirected_osm_highway_utm31n
4092,ARIBAU - MALLORCA  (sentit muntanya),2.15699493900883,41.3901462977523,477.8,476.1,9.3,250_500m,250_500m,"2017,2018,2019,2020,2021,2022,2023,2024,2025",undirected_osm_highway_utm31n
4074,AV. DIAGONAL - MARINA (Pujada - Gir Aragó),2.177449769,41.401105544,481.0,584.5,59.8,500_1000m,250_500m,"2017,2018,2019,2020,2021",undirected_osm_highway_utm31n
4075,AV. DIAGONAL - MARINA (Pujada - Seguir a Av. Diagonal),2.177413174,41.401174682,486.3,584.5,57.6,500_1000m,250_500m,"2017,2018,2019,2020",undirected_osm_highway_utm31n
3005,RONDA SANT ANTONI - PL. PES DE LA PALLA (Sentit Urgell),2.163349079,41.380996415,514.2,855.8,31.3,500_1000m,500_1000m,2017,undirected_osm_highway_utm31n
4004,COMTE URGELL - ROSSELLÓ,2.14990520386567,41.3886720676745,515.3,907.7,60.6,500_1000m,500_1000m,"2017,2018,2019,2020,2021,2022,2023,2024",undirected_osm_highway_utm31n
5023,VIA LAIETANA - PL. URQUINAONA (Baixada),2.173148081,41.388176516,521.7,624.6,23.0,500_1000m,500_1000m,"2017,2018,2019,2020,2021",undirected_osm_highway_utm31n
6026,PG. SANT JOAN - INDÚSTRIA (Baixada),2.16549561683824,41.4022539572222,528.8,725.5,19.1,500_1000m,500_1000m,"2017,2018,2019,2020,2021,2022,2023,2024,2025",undirected_osm_highway_utm31n
4019,MARINA - DIPUTACIÓ (pujada),2.17953138379849,41.4004509378448,534.3,635.8,37.0,500_1000m,500_1000m,"2017,2018,2019,2020,2021,2022,2023,2024,2025",undirected_osm_highway_utm31n
4109,ARAGÓ - MARINA (sentit Llobregat),2.17747765111273,41.4017230342086,543.2,688.5,12.1,500_1000m,500_1000m,"2024,2025",undirected_osm_highway_utm31n
4032,VALÈNCIA - SARDENYA  (sentit Besòs),2.17592696473159,41.4021296117717,545.9,750.0,3.0,500_1000m,500_1000m,"2017,2018,2019,2020,2021,2022,2023,2024,2025",undirected_osm_highway_utm31n
4081,ROSSELLÓ - PG. DE GRÀCIA (sentit Besòs),2.16105455665482,41.3961020872117,547.7,643.2,35.5,500_1000m,500_1000m,"2017,2018,2019,2020,2021,2022,2023,2024,2025",undirected_osm_highway_utm31n
6021,MALLORCA - SARDENYA  (sentit Llobregat),2.17391122063067,41.4023331973147,562.7,732.9,6.3,500_1000m,500_1000m,"2017,2019,2020,2021,2022,2023,2024",undirected_osm_highway_utm31n
4050,PASSEIG DE GRÀCIA - PROVENÇA (Pujada),2.16128392270725,41.3951762991631,568.1,735.5,15.6,500_1000m,500_1000m,"2017,2019,2020,2021,2022,2023,2024,2025",undirected_osm_highway_utm31n
3016,GRAN VIA - MÈXIC (Lateral Entrada),2.14780545152451,41.3737883667861,572.6,783.9,7.4,500_1000m,500_1000m,"2017,2018,2019,2020,2021,2022,2023,2024",undirected_osm_highway_utm31n
4045,PASSEIG DE GRÀCIA - ROSSELLÓ (Baixada),2.16121790070137,41.3951049670639,576.6,735.5,17.0,500_1000m,500_1000m,"2017,2019,2020,2021,2022,2023,2024,2025",undirected_osm_highway_utm31n
4041,PROVENÇA - BALMES  (sentit Llobregat),2.15808497115376,41.3921622573913,578.1,617.6,14.0,500_1000m,500_1000m,"2017,2018,2019,2020,2021,2022,2023,2024,2025",undirected_osm_highway_utm31n
4015,MUNTANER - ROSSELLÓ  (sentit mar),2.1544218274295,41.3903713401314,581.5,634.3,24.6,500_1000m,500_1000m,"2017,2018,2019,2020,2021,2022,2023,2024,2025",undirected_osm_highway_utm31n
4038,SARDENYA - CASP  (sentit mar),2.18173768883239,41.3970756592755,588.9,801.5,18.7,500_1000m,500_1000m,"2017,2018,2019,2020,2021,2022,2023,2024,2025",undirected_osm_highway_utm31n
5033,VIA LAIETANA - RAMON MAS (pujada),2.17408730045201,41.3875440238147,592.0,753.3,6.0,500_1000m,500_1000m,"2024,2025",undirected_osm_highway_utm31n
5034,VIA LAIETANA - FONTANELLA (baixada),2.17403902069268,41.3874957276319,597.0,753.3,0.7,500_1000m,500_1000m,"2024,2025",undirected_osm_highway_utm31n
5014,PELAI - BALMES,2.16922932842103,41.3855471554975,601.3,626.1,4.5,500_1000m,500_1000m,"2017,2018,2019,2021,2022,2023,2024,2025",undirected_osm_highway_utm31n
4020,MARINA - GRAN VIA (Baixada),2.1817417074382,41.3986563805349,607.6,801.3,27.3,500_1000m,500_1000m,"2017,2018,2019,2020,2021,2022,2023,2024,2025",undirected_osm_highway_utm31n
6005,CÒRSEGA - NÀPOLS  (sentit Llobregat),2.16818331001933,41.4031772143077,611.6,843.3,9.9,500_1000m,500_1000m,"2017,2018,2019,2020,2021,2022,2023,2024,2025",undirected_osm_highway_utm31n
5012,FONTANELLA - PL. CATALUNYA,2.17174353946815,41.3872745114631,616.9,776.2,16.4,500_1000m,500_1000m,"2017,2018,2019,2020,2021,2022,2023,2024,2025",undirected_osm_highway_utm31n
4083,MARINA - CASP (Pujada),2.18183500793533,41.398739728411,617.5,801.3,25.9,500_1000m,500_1000m,"2017,2018,2019,2020,2021,2022,2023,2024,2025",undirected_osm_highway_utm31n
6004,ROSSELLÓ - NÀPOLS (sentit Besòs),2.17019732723134,41.4029424426241,622.8,832.7,9.8,500_1000m,500_1000m,"2017,2018,2019,2020,2021,2022,2023,2024,2025",undirected_osm_highway_utm31n
5022,VIA LAIETANA - COMTAL (Pujada),2.174518411,41.387268706,625.8,1009.5,14.0,1_2km,500_1000m,"2017,2019,2020,2021,2022",undirected_osm_highway_utm31n
3028,AV. PARAL·LEL -  JAUME FABRA (Pujada),2.16029419260348,41.375029348858,638.5,682.1,3.3,500_1000m,500_1000m,"2017,2019,2020,2021,2022,2023,2024,2025",undirected_osm_highway_utm31n
4040,BALMES - ROSSELLÓ (baixada),2.15768899888382,41.3930505058183,670.8,697.0,17.5,500_1000m,500_1000m,"2017,2018,2019,2020,2021,2022,2023,2024,2025",undirected_osm_highway_utm31n
5017,PG. LLUÍS COMPANYS - ALMOGÀVERS (Pujada),2.18142013340698,41.3910021306038,679.3,842.1,22.5,500_1000m,500_1000m,"2017,2018,2019,2020,2021,2022,2023,2024,2025",undirected_osm_highway_utm31n
4086,JARDINS SALVADOR ESPRIU -DIAGONAL  (sentit Llobregat),2.15920458873656,41.3970883113916,681.1,763.3,12.0,500_1000m,500_1000m,"2017,2018,2019,2020,2021,2022,2023,2024,2025",undirected_osm_highway_utm31n
4108,ALI BEI - SICILIA (sentit Llobregat),2.18183931724049,41.3942980429187,683.6,838.3,4.6,500_1000m,500_1000m,"2022,2023,2024,2025",undirected_osm_highway_utm31n
4054,LEPANT - DIPUTACIÓ  (sentit mar),2.18152930913028,41.4007236955616,685.9,785.1,16.7,500_1000m,500_1000m,"2017,2018,2019,2020,2021,2022,2023,2024,2025",undirected_osm_highway_utm31n
2001,PARÍS - VILADOMAT (sentit Besòs),2.1465047471315,41.3885296827205,691.7,815.2,29.2,500_1000m,500_1000m,"2017,2018,2019,2020,2021,2022,2023,2024,2025",undirected_osm_highway_utm31n
4096,ROSSELLÓ - ARIBAU (sentit Besòs),2.15547146519011,41.391862456137,694.9,736.8,19.5,500_1000m,500_1000m,"2017,2018,2019,2020,2021,2022,2023,2024,2025",undirected_osm_highway_utm31n
4039,ROSSELLÓ - BALMES (sentit Besòs),2.15782762359234,41.3936544186481,709.5,779.0,5.2,500_1000m,500_1000m,"2017,2018,2019,2020,2021,2022,2023,2024,2025",undirected_osm_highway_utm31n
5020,ALMOGÀVERS - ROGER DE FLOR  (sentit Llobregat),2.18214874228289,41.3912139162087,730.8,913.9,20.8,500_1000m,500_1000m,"2017,2018,2019,2020,2021,2022,2023,2024,2025",undirected_osm_highway_utm31n
4076,ARAGÓ - PADILLA (sentit Llobregat),2.17932605908427,41.4029586518706,737.7,863.9,11.6,500_1000m,500_1000m,"2017,2019,2020,2021,2022,2023,2024,2025",undirected_osm_highway_utm31n
3030,VILADOMAT - PARLAMENT  (sentit mar),2.16244637583804,41.3757914645701,744.2,869.0,21.2,500_1000m,500_1000m,"2017,2018,2019,2020,2021,2022,2023,2024,2025",undirected_osm_highway_utm31n
5032,VIA LAIETANA - PL. ANTONI MAURA (pujada),2.17577944628798,41.3862530741907,756.2,955.0,5.8,500_1000m,500_1000m,"2024,2025",undirected_osm_highway_utm31n
4006,PARÍS - VILLARROEL,2.14982266490774,41.3910511523403,758.2,933.0,20.6,500_1000m,500_1000m,"2017,2018,2019,2020,2021,2022,2023,2024,2025",undirected_osm_highway_utm31n
5031,VIA LAIETANA - DR. JOAQUIM POU (baixada),2.17572829566124,41.3862189614993,758.8,955.0,1.1,500_1000m,500_1000m,"2024,2025",undirected_osm_highway_utm31n
5018,PG. LLUÍS COMPANYS - REC COMTAL (Baixada),2.18177593556833,41.3896230949241,768.3,922.9,10.4,500_1000m,500_1000m,"2017,2018,2019,2020,2021,2022,2023,2024,2025",undirected_osm_highway_utm31n
6007,INDÚSTRIA - NÀPOLS  (sentit Besòs),2.16788571857009,41.404637037895,771.5,1065.6,15.1,1_2km,500_1000m,"2017,2018,2019,2020,2021,2022,2023,2024,2025",undirected_osm_highway_utm31n
6025,SARDENYA - ROSSELLÓ  (sentit Besòs),2.17242685787606,41.4040466489192,772.8,983.1,21.3,500_1000m,500_1000m,"2017,2018,2019,2020,2021,2022,2023,2024,2025",undirected_osm_highway_utm31n
4094,VILLARROEL - PARÍS  (sentit mar),2.14902608916375,41.3910706879931,785.8,936.7,18.1,500_1000m,500_1000m,"2017,2018,2019,2020,2021,2022,2023,2024,2025",undirected_osm_highway_utm31n
4037,GRAN VIA - LEPANT (Besòs),2.18315468669706,41.400525643884,792.3,966.8,11.2,500_1000m,500_1000m,"2017,2019,2020,2021,2022,2023,2024,2025",undirected_osm_highway_utm31n
3029,RONDA DE SANT PAU - MARQUES DE CAMPO SAGRADO  (sentit muntanya),2.1651407805836,41.3771536877082,818.2,949.4,6.8,500_1000m,500_1000m,"2017,2018,2019,2020,2021,2022,2023,2024,2025",undirected_osm_highway_utm31n
6020,TRAVESSERA DE GRÀCIA - BAILÉN (sentit Besòs),2.161334549,41.403533983,819.9,936.4,9.3,500_1000m,500_1000m,"2017,2018,2019,2020,2021,2022,2023",undirected_osm_highway_utm31n
4055,PADILLA - GRAN VIA  (sentit muntanya),2.18306888271222,41.4012229046827,824.1,994.7,15.2,500_1000m,500_1000m,"2017,2018,2019,2020,2021,2022,2023,2024,2025",undirected_osm_highway_utm31n
4007,AV. DIAGONAL - RAMBLA CATALUNYA (Baixada),2.15750682596104,41.3959672761549,839.3,874.9,29.8,500_1000m,500_1000m,"2017,2019,2020,2021,2022,2023,2024,2025",undirected_osm_highway_utm31n
4003,ARIBAU - CÒRSEGA  (sentit muntanya),2.15359903533125,41.3927377009934,844.8,870.2,19.2,500_1000m,500_1000m,"2017,2018,2019,2020,2021,2022,2023,2024,2025",undirected_osm_highway_utm31n
4011,CASANOVA - PARÍS  (sentit muntanya),2.15007571947828,41.3919934955964,850.8,938.2,34.6,500_1000m,500_1000m,"2017,2018,2019,2020,2021,2022,2023,2024,2025",undirected_osm_highway_utm31n
6003,LEPANT - PROVENÇA (sentit mar),2.176014712,41.404950423,856.5,1116.3,28.5,1_2km,500_1000m,"2017,2018,2019,2020,2021,2022,2023",undirected_osm_highway_utm31n
4012,LONDRES - CASANOVA,2.1490220490932,41.3921410662462,895.2,1075.5,24.7,1_2km,500_1000m,"2017,2018,2019,2020,2021,2022,2023,2024,2025",undirected_osm_highway_utm31n
3032,COMTE BORRELL- MARQUÈS DE CAMPO SAGRADO  (sentit mar),2.16475845609665,41.3757177171978,898.0,1131.1,3.0,1_2km,500_1000m,"2017,2018,2019,2020,2021,2022,2023,2024,2025",undirected_osm_highway_utm31n
6008,SANT ANTONI MARIA CLARET - SICÍLIA  (sentit Llobregat),2.16718733665132,41.4058213534936,901.8,1282.2,17.1,1_2km,500_1000m,"2017,2018,2019,2020,2021,2022,2023,2024,2025",undirected_osm_highway_utm31n
4001,URGELL - BUENOS AIRES  (sentit mar),2.14641817842831,41.3912813283886,918.1,1243.2,4.7,1_2km,500_1000m,"2017,2018,2019,2020,2021,2022,2023,2024,2025",undirected_osm_highway_utm31n
3007,GRAN VIA - FARELL (Sortida),2.14429511912127,41.3714598785271,922.6,1168.6,18.5,1_2km,500_1000m,"2017,2018,2019,2020,2021,2022,2023,2024,2025",undirected_osm_highway_utm31n
4005,AV. DIAGONAL - RAMBLA CATALUNYA (Pujada),2.15651996801086,41.3958138514847,923.5,1005.5,27.1,1_2km,500_1000m,"2017,2019,2020,2021,2022,2023,2024,2025",undirected_osm_highway_utm31n
4089,BÀLMES - PARÍS (baixada),2.1554440540201,41.3947839585255,939.6,946.6,2.4,500_1000m,500_1000m,"2017,2019,2020,2021,2022,2023,2024,2025",undirected_osm_highway_utm31n
4088,PARÍS - ARIBAU  (sentit Besòs),2.1532501090812,41.3936224740716,945.9,1043.5,17.0,1_2km,500_1000m,"2017,2018,2019,2020,2021,2022,2023,2024,2025",undirected_osm_highway_utm31n
4087,MUNTANER - LONDRES  (sentit mar),2.15089365575303,41.3930509929197,949.1,1070.2,7.6,1_2km,500_1000m,"2017,2018,2019,2020,2021,2022,2023,2025",undirected_osm_highway_utm31n
30002,TUNEL GLÒRIES SENTIT BESÒS - BOCA ENTRADA,2.18461096286774,41.4016019757999,956.3,1145.5,3.1,1_2km,500_1000m,"2022,2023,2024,2025",undirected_osm_highway_utm31n
5027,PG. PUJADES - WELLINGTON (Llobregat),2.18501329421997,41.3901733502094,993.4,1208.7,8.9,1_2km,500_1000m,"2017,2019,2020,2021,2022,2023,2024,2025",undirected_osm_highway_utm31n
3027,AV. PARAL·LEL - COMTE BORRELL (Muntanya),2.16545762827654,41.375002586274,995.7,1122.9,2.5,1_2km,500_1000m,"2017,2019,2020,2021,2022,2023,2024,2025",undirected_osm_highway_utm31n
5026,PG. PUJADES - ROGER DE FLOR (Besós),2.18510436978086,41.3901035183585,1003.1,1214.7,12.9,1_2km,1_2km,"2017,2018,2019,2020,2021,2022,2023,2024,2025",undirected_osm_highway_utm31n
2004,NUMÀNCIA - MARQUES DE SENTMENAT V (sentit mar),2.13747872461352,41.3847091760812,1012.5,1268.3,5.0,1_2km,1_2km,"2017,2018,2019,2020,2021,2022,2023,2024,2025",undirected_osm_highway_utm31n
4018,AV. MERIDIANA - LEPANT (Baixada),2.18674524208719,41.396298174752,1013.1,1442.5,17.0,1_2km,1_2km,"2017,2018,2019,2020,2021,2022,2023,2024,2025",undirected_osm_highway_utm31n
6002,PADILLA - PROVENÇA (sentit muntanya),2.176217811,41.406438095,1022.4,1398.5,19.9,1_2km,1_2km,"2017,2018,2019,2020,2021,2022,2023",undirected_osm_highway_utm31n
4056,CONSELL DE CENT - CASTILLEJOS,2.1830778515996,41.4040640465821,1026.9,1071.2,10.9,1_2km,1_2km,"2017,2018,2019,2020,2021,2022,2025",undirected_osm_highway_utm31n
1015,AV. SARRIÀ - AV. JOSEP TARRADELLAS,2.14307827376168,41.3905703600706,1041.6,1160.9,21.0,1_2km,1_2km,"2017,2018,2019,2020,2021,2022,2023,2024,2025",undirected_osm_highway_utm31n
2010,BERLÍN - COMTES DE BELL.LLOC (sentit Besòs),2.13659629573035,41.3821747514497,1053.5,1328.9,19.1,1_2km,1_2km,"2017,2020,2021,2024,2025",undirected_osm_highway_utm31n
4014,AV. DIAGONAL - MUNTANER (Baixada),2.15026113948453,41.3941742332562,1081.8,1312.5,16.4,1_2km,1_2km,"2017,2019,2020,2021,2022,2023,2024,2025",undirected_osm_highway_utm31n
4016,AV. MERIDIANA - CASTILLEJOS (Pujada),2.187033963,41.400338833,1084.9,1442.6,3.1,1_2km,1_2km,"2017,2018,2019,2021,2022,2023",undirected_osm_highway_utm31n
4017,AV. DIAGONAL - TUSET (Pujada),2.15267479025878,41.3948599364483,1090.7,1220.1,25.8,1_2km,1_2km,"2017,2019,2020,2021,2022,2023,2024,2025",undirected_osm_highway_utm31n
8039,VIA AUGUSTA - LA GRANADA DEL PENEDÉS (Baixada),2.15410931845948,41.3975124778552,1104.2,1290.3,11.2,1_2km,1_2km,"2017,2018,2019,2020,2021,2022,2023,2024,2025",undirected_osm_highway_utm31n
8038,VIA AUGUSTA - LUÍS ANTÚNEZ (Pujada),2.15401381751333,41.3978098948573,1112.1,1293.6,6.8,1_2km,1_2km,"2017,2018,2019,2020,2021,2022,2023,2024,2025",undirected_osm_highway_utm31n
6013,SARDENYA - PARE LAÍNEZ  (sentit mar),2.16732803370528,41.407913402577,1134.0,1571.8,25.3,1_2km,1_2km,"2017,2018,2019,2020,2021,2022,2023,2024,2025",undirected_osm_highway_utm31n
2018,PG. SANT ANTONI - ALCOLEA (Besòs),2.136317347654,41.3762008780484,1139.4,1331.5,16.0,1_2km,1_2km,"2017,2018,2019,2020,2021,2022,2023,2024,2025",undirected_osm_highway_utm31n
4093,ARIBAU - DIAGONAL  (sentit muntanya),2.15072212519473,41.394889827339,1152.6,1412.9,9.7,1_2km,1_2km,"2017,2018,2019,2020,2021,2022,2023,2024,2025",undirected_osm_highway_utm31n
6027,PI I MARGALL - SECRETARI COLOMA (Pujada),2.163726748,41.407948309,1177.4,1512.9,4.5,1_2km,1_2km,"2017,2018,2019,2020,2021,2022",undirected_osm_highway_utm31n
6028,PI I MARGALL - SECRETARI COLOMA (Baixada),2.163562383,41.407951744,1181.4,1512.9,9.6,1_2km,1_2km,"2017,2018,2019,2020,2021,2022",undirected_osm_highway_utm31n
3034,AV. PARAL·LEL - RONDA SANT PAU (Baixada),2.16831302975081,41.3748330708772,1185.4,1343.2,25.9,1_2km,1_2km,"2017,2018,2019,2020,2021,2022,2023,2024,2025",undirected_osm_highway_utm31n
4036,BALMES - LA GRANADA (baixada),2.15303677508137,41.396634928461,1199.1,1245.6,9.6,1_2km,1_2km,"2017,2018,2019,2020,2021,2022,2023,2024,2025",undirected_osm_highway_utm31n
3011,GRAN VIA - TRAJÀ (Entrada),2.14166976251838,41.3692427641998,1245.6,1499.0,1.7,1_2km,1_2km,"2017,2020,2021,2022,2023,2024,2025",undirected_osm_highway_utm31n
3036,AV. PARAL·LEL - ABAT SAFONT (Pujada),2.16948927505589,41.3749768556568,1254.6,1471.2,9.0,1_2km,1_2km,"2017,2018,2019,2020,2021,2022,2023,2024,2025",undirected_osm_highway_utm31n
8001,TRAVESSERA DE GRÀCIA - BALMES,2.15226502058198,41.3978316255444,1258.3,1422.9,4.6,1_2km,1_2km,"2017,2019,2020,2021,2022,2023,2024,2025",undirected_osm_highway_utm31n
2002,ENTENÇA - DEU I MATA  (sentit muntanya),2.13796914924406,41.3900018374214,1262.4,1391.6,22.8,1_2km,1_2km,"2017,2018,2019,2020,2021,2022,2023,2024,2025",undirected_osm_highway_utm31n
3008,GRAN VIA - MOIANÈS (Sortida),2.14132174763906,41.3691598112449,1268.9,1533.6,8.5,1_2km,1_2km,"2017,2018,2019,2020,2021,2022,2023,2024,2025",undirected_osm_highway_utm31n
1002,AV. DIAGONAL - AV. SARRIÀ (Entrada),2.13996624545115,41.3914833997392,1270.0,1576.4,7.4,1_2km,1_2km,"2017,2018,2019,2020,2021,2022,2023,2024,2025",undirected_osm_highway_utm31n
4085,VALÈNCIA - DOS DE MAIG  (sentit Besòs),2.18255362625234,41.4071224828227,1272.9,1458.7,10.9,1_2km,1_2km,"2017,2018,2019,2020,2021,2022,2023,2024,2025",undirected_osm_highway_utm31n
1005,AV. DIAGONAL - BEETHOVEN (Sortida),2.13989839005131,41.391564053921,1280.6,1576.4,9.0,1_2km,1_2km,"2017,2019,2020,2021,2022,2023,2024,2025",undirected_osm_highway_utm31n
6022,CÒRSEGA - CARTAGENA  (sentit Llobregat),2.1760050615462,41.4090226084192,1306.1,1744.9,29.9,1_2km,1_2km,"2017,2018,2019,2020,2021,2022,2023,2024,2025",undirected_osm_highway_utm31n
4057,ARAGÓ - INDEPENDÈNCIA (sentit Llobregat),2.18431180885805,41.4067177814795,1318.7,1417.1,7.0,1_2km,1_2km,"2017,2019,2020,2021,2022,2023,2024,2025",undirected_osm_highway_utm31n
6023,ROSSELLÓ - CASTILLEJOS (sentit Besòs),2.17812948884698,41.4089008487539,1319.5,1769.4,20.0,1_2km,1_2km,"2017,2018,2019,2020,2021,2022,2023,2024,2025",undirected_osm_highway_utm31n
8027,GRAN DE GRÀCIA - RAMBLA DEL PRAT (sentit muntanya),2.15271723555697,41.4023133243744,1324.5,1568.5,13.3,1_2km,1_2km,"2017,2018,2019,2020,2021,2022,2023,2024,2025",undirected_osm_highway_utm31n
8018,MUNTANER - AVENIR (sentit mar),2.14729341908372,41.3957928679685,1325.4,1533.7,28.0,1_2km,1_2km,"2017,2018,2019,2020,2021,2022,2023,2024,2025",undirected_osm_highway_utm31n
5016,AV. MARQUÉS DE L'ARGENTERA - COMERÇ (Besós),2.18515306818641,41.3846574778002,1327.2,1630.3,14.5,1_2km,1_2km,"2017,2018,2019,2020,2021,2022,2023,2025",undirected_osm_highway_utm31n
5015,AV. MARQUÉS DE L'ARGENTERA - COMERÇ (Llobregat),2.18466469757436,41.3841889492404,1335.3,1638.9,2.2,1_2km,1_2km,"2017,2018,2019,2020,2022,2023,2025",undirected_osm_highway_utm31n
4107,INDEPENDENCIA - CONSELL DE CENT (sentit muntanya),2.185349486,41.4062980115002,1338.1,1395.7,12.9,1_2km,1_2km,"2022,2024,2025",undirected_osm_highway_utm31n
2011,TRAVESSERA DE LES CORTS - VILAMUR (Llobregat),2.13371166810962,41.3860268567946,1355.7,1625.6,11.9,1_2km,1_2km,"2017,2018,2019,2020,2021,2022,2023,2024,2025",undirected_osm_highway_utm31n
5009,VIA LAIETANA - ANGEL BAIXERAS (Pujada),2.181309861,41.38206773,1360.9,1610.7,5.1,1_2km,1_2km,"2017,2018,2019,2020,2021,2022,2023",undirected_osm_highway_utm31n
5002,VIA LAIETANA - MANRESA (Baixada),2.18130466272832,41.3819915864222,1368.2,1616.6,1.4,1_2km,1_2km,"2017,2019,2020,2021,2022,2023,2024",undirected_osm_highway_utm31n
2026,C. DE SANTS - JOAN GÜELL (Sentit Hospitalet),2.13344096127324,41.3754717017484,1392.7,1620.3,4.0,1_2km,1_2km,"2017,2018,2019,2020,2021,2022,2023,2024,2025",undirected_osm_highway_utm31n
7007,AV. MERIDIANA - CONSELL DE CENT (Entrada),2.1866805713494,41.4063190756375,1416.2,1575.0,22.1,1_2km,1_2km,"2017,2018,2019,2020,2021,2022,2023,2024,2025",undirected_osm_highway_utm31n
6011,LEPANT - LLORENS I BARBA  (sentit mar),2.16879034684606,41.4104641697786,1422.0,2009.1,20.6,gt_2km_control,1_2km,"2017,2018,2019,2020,2021,2022,2023,2024,2025",undirected_osm_highway_utm31n
9004,LLULL- MARINA (sentit Besòs),2.19072664073008,41.3926226236707,1422.6,1848.7,15.1,1_2km,1_2km,"2017,2018,2019,2020,2021,2022,2023,2024,2025",undirected_osm_highway_utm31n
7017,AV. MERIDIANA - CLOT (Sortida),2.18706002103312,41.406326935864,1439.4,1605.8,8.7,1_2km,1_2km,"2017,2018,2019,2020,2021,2022,2023,2024,2025",undirected_osm_highway_utm31n
6032,PI I MARAGALL - SARDENYA (sentit muntanya),2.16438678246778,41.4104912433933,1441.6,1800.7,3.4,1_2km,1_2km,"2024,2025",undirected_osm_highway_utm31n
2027,C. DE SANTS - SANT MEDIR (Sentit Pl. Espanya),2.13281531900884,41.375427012794,1444.5,1682.7,8.2,1_2km,1_2km,"2017,2018,2019,2020,2021,2022,2023,2024,2025",undirected_osm_highway_utm31n
6033,PI I MARAGALL - RDA. GUINARDÓ (sentit mar),2.16431550408086,41.4105198426598,1445.7,1800.7,3.4,1_2km,1_2km,"2024,2025",undirected_osm_highway_utm31n
5005,PLA DE PALAU - PG. ISABEL II (Sentit Barceloneta),2.18378480321083,41.3822897274376,1450.3,1906.2,12.1,1_2km,1_2km,"2017,2018,2019,2020,2021,2022,2023,2024,2025",undirected_osm_highway_utm31n
2022,TRAV. DE LES CORTS - GALILEU (Besòs),2.13204774127371,41.3848966969433,1460.1,1761.2,11.6,1_2km,1_2km,"2017,2018,2019,2020,2021,2022,2023,2024,2025",undirected_osm_highway_utm31n
2013,NUMÀNCIA - ANGLESOLA  (sentit mar),2.13363873768197,41.3885020912706,1466.5,1721.3,17.4,1_2km,1_2km,"2017,2018,2019,2020,2021,2022,2023,2024,2025",undirected_osm_highway_utm31n
6012,PADILLA - ROSALIA DE CASTRO  (sentit muntanya),2.17056617665228,41.410725022038,1469.5,2032.8,2.0,gt_2km_control,1_2km,"2017,2018,2019,2020,2021,2022,2023,2024,2025",undirected_osm_highway_utm31n
2023,TRAV. DE LES CORTS - GALILEU (Llobregat),2.13156468172109,41.3846559474015,1495.1,1759.2,10.9,1_2km,1_2km,"2017,2018,2019,2020,2021,2022,2023,2024,2025",undirected_osm_highway_utm31n
9005,RAMON TRIAS FARGAS - DR. TRUETA (sentit mar),2.19126302621543,41.3898153718424,1507.7,1945.3,2.1,1_2km,1_2km,"2017,2018,2019,2020,2021,2022,2023,2024,2025",undirected_osm_highway_utm31n
1014,AV. SARRIÀ - DOCTOR FLEMING (pujada),2.1359160000107,41.3916298692755,1511.0,1613.8,18.0,1_2km,1_2km,"2017,2018,2019,2020,2021,2022,2023,2024,2025",undirected_osm_highway_utm31n
5010,PG. COLOM - PL. D’IDRISSA DAILO (Llobregat),2.18137804232241,41.3805492721174,1513.9,1821.0,5.1,1_2km,1_2km,"2017,2018,2019,2020,2021,2022,2023,2024,2025",undirected_osm_highway_utm31n
8020,AV.DE LA RIERA DE CASSOLES - VALLIRANA (Baixada),2.15035152730765,41.4024623783223,1514.4,1839.6,4.0,1_2km,1_2km,"2017,2018,2019,2020,2021,2022,2023,2024,2025",undirected_osm_highway_utm31n
5007,PL. PAU VILA - DOCTOR AIGUADER (Sentit Pla de Palau),2.18530039455833,41.3823228889574,1525.3,1941.2,7.6,1_2km,1_2km,"2017,2018,2019,2020,2021,2022,2023,2024,2025",undirected_osm_highway_utm31n
6001,MALLORCA - XIFRÉ (sentit Llobregat),2.183407444,41.409444124,1532.2,1784.2,23.9,1_2km,1_2km,"2017,2018,2019,2021",undirected_osm_highway_utm31n
2020,AV. MADRID - TENOR MASINI (Besòs),2.13105365778254,41.3803288751531,1533.3,1812.8,8.0,1_2km,1_2km,"2017,2018,2019,2020,2021,2022,2023,2024,2025",undirected_osm_highway_utm31n
2021,AV. MADRID - LLUÇÀ (Llobregat),2.13101466622061,41.380386227348,1535.7,1812.8,5.0,1_2km,1_2km,"2017,2018,2019,2020,2021,2022,2023,2024,2025",undirected_osm_highway_utm31n
8032,RIERA DE CASSOLES - LES CAROLINES (Pujada),2.15005680018936,41.4029648690438,1557.6,1902.4,3.0,1_2km,1_2km,"2017,2018,2019,2020,2021,2022,2023,2024,2025",undirected_osm_highway_utm31n
5004,PAS SOTA MURALLA - LLAUDER (Llobregat),2.18397743124051,41.3810969944889,1568.2,1893.2,3.0,1_2km,1_2km,"2017,2018,2019,2020,2021,2022,2023,2024,2025",undirected_osm_highway_utm31n
5003,PAS SOTA MURALLA - LLAUDER (Besòs),2.18403932544855,41.3810405336813,1576.3,1893.2,5.2,1_2km,1_2km,"2017,2018,2019,2020,2021,2022,2023,2024,2025",undirected_osm_highway_utm31n
5008,DOCTOR AIGUADER - PIZARRO (Llobregat),2.18738889851896,41.3829434202415,1593.9,2140.5,6.9,gt_2km_control,1_2km,"2017,2018,2019,2020,2021,2022,2023,2024,2025",undirected_osm_highway_utm31n
5001,PG. COLOM - SIMÓ OLLER (Besòs),2.18103833666584,41.3796065580548,1597.8,1965.7,21.5,1_2km,1_2km,"2017,2018,2019,2020,2021,2022,2023,2024,2025",undirected_osm_highway_utm31n
6016,RONDA DEL MIG - SARDENYA (Besòs),2.16347756506333,41.4119881154064,1619.0,2037.7,10.7,gt_2km_control,1_2km,"2017,2018,2019,2022,2023,2024,2025",undirected_osm_highway_utm31n
9007,JOAN MIRÓ - RAMON TURRÓ (sentit mar),2.19311216488342,41.3917826532277,1626.7,2114.2,33.1,gt_2km_control,1_2km,"2017,2018,2019,2020,2021,2022,2023,2024,2025",undirected_osm_highway_utm31n
6017,RONDA DEL MIG - PL. ALFONS X EL SAVI (Llobregat),2.16353512531538,41.4120931847174,1629.5,2049.5,1.7,gt_2km_control,1_2km,"2017,2018,2019,2020,2021,2022,2023,2024,2025",undirected_osm_highway_utm31n
9001,MARINA - DOCTOR TRUETA (Baixada),2.19298716682227,41.3901072108817,1641.7,2141.5,13.3,gt_2km_control,1_2km,"2017,2020,2021,2022,2023,2024,2025",undirected_osm_highway_utm31n
6024,CAMÈLIES - CA L'ALEGRE DE DALT,2.15951705918456,41.4112805581794,1643.8,1997.5,2.9,1_2km,1_2km,"2017,2019,2020,2021,2022,2023,2024,2025",undirected_osm_highway_utm31n
8019,ARIBAU - MADRAZO (sentit muntanya),2.14637791655911,41.3986366019623,1648.1,1900.4,32.2,1_2km,1_2km,"2017,2018,2019,2020,2021,2022,2023,2024,2025",undirected_osm_highway_utm31n
8022,TRAVESSERA DE DALT - MASSENS (Besòs),2.15558296051155,41.4097909899958,1664.1,1812.0,8.8,1_2km,1_2km,"2017,2018,2020,2021,2022,2023,2024,2025",undirected_osm_highway_utm31n
3017,GRAN VIA - QUÍMICA (Sortida),2.1377325012082,41.3664811613027,1683.8,1951.3,9.6,1_2km,1_2km,"2017,2018,2019,2020,2021,2022,2023,2024,2025",undirected_osm_highway_utm31n
3009,GRAN VIA - QUÍMICA (Entrada),2.13777851988968,41.3664402946205,1685.2,1952.4,9.0,1_2km,1_2km,"2017,2018,2020,2021,2022,2023,2024",undirected_osm_highway_utm31n
7038,MERIDIANA - VALÈNCIA (ENTRADA),2.18674458687986,41.4096142757266,1697.9,1772.1,30.1,1_2km,1_2km,"2019,2020,2021,2022,2023,2024,2025",undirected_osm_highway_utm31n
6006,SANT ANTONI MARIA CLARET - INDEPENDÈNCIA  (sentit Llobregat),2.17627370057039,41.4126333101318,1707.4,2347.5,14.9,gt_2km_control,1_2km,"2017,2019,2020,2021,2022,2023,2024,2025",undirected_osm_highway_utm31n
8021,TRAVESSERA DE DALT - GRANJA (Llobregat),2.15348018100593,41.4090348542492,1711.0,1779.3,5.2,1_2km,1_2km,"2017,2018,2019,2020,2021,2022,2023,2024,2025",undirected_osm_highway_utm31n
9010,RAMON TURRÓ - PAMPLONA (sentit Llobregat),2.19458565832871,41.3936008285249,1712.5,2337.5,28.7,gt_2km_control,1_2km,"2017,2018,2019,2020,2021,2022,2023,2024,2025",undirected_osm_highway_utm31n
6010,TÚNEL DE LA ROVIRA - BOCA SUD (Sentit Guinardó),2.16673197958124,41.413320003565,1735.0,2253.1,2.9,gt_2km_control,1_2km,"2017,2018,2019,2020,2021,2022,2023,2024,2025",undirected_osm_highway_utm31n
6009,TÚNEL DE LA ROVIRA - BOCA SUD (Sentit Horta),2.16703170907309,41.4133659841927,1739.5,2325.5,7.2,gt_2km_control,1_2km,"2017,2018,2019,2020,2021,2022,2023,2024",undirected_osm_highway_utm31n
10019,BADAJOZ - PUJADES (sentit muntanya),2.19543251945246,41.3987156768697,1740.3,2381.6,7.0,gt_2km_control,1_2km,"2017,2018,2019,2020,2021,2022,2023,2024,2025",undirected_osm_highway_utm31n
2024,C. DE SANTS - SANT FELIU DE GUÍXOLS (Sentit Hospitalet),2.12913358824874,41.3755675328357,1740.5,1989.0,4.6,1_2km,1_2km,"2017,2018,2019,2020,2021,2022,2023,2024,2025",undirected_osm_highway_utm31n
1032,GRAN VÍA CARLES III - TRAV. DE LES CORTS (Pujada),2.12817127446172,41.3829592063285,1758.8,2400.7,18.5,gt_2km_control,1_2km,"2017,2018,2019,2020,2021,2022,2023,2024,2025",undirected_osm_highway_utm31n
9002,AV. D'ICÀRIA - TRIAS FARGAS (Besòs),2.19387261397669,41.3884077997946,1759.0,2248.4,3.8,gt_2km_control,1_2km,"2017,2018,2019,2020,2021,2022,2023,2024,2025",undirected_osm_highway_utm31n
5006,PG. JOAN DE BORBÓ - MAQUINISTA (Sentit Pla de Palau),2.18709640644174,41.3806760096672,1761.9,2201.0,6.2,gt_2km_control,1_2km,"2017,2018,2019,2020,2021,2022,2023,2025",undirected_osm_highway_utm31n
1033,GRAN VÍA CARLES III - TRAV. DE LES CORTS (Baixada),2.12810394464394,41.3818510282584,1764.3,2172.3,2.5,gt_2km_control,1_2km,"2017,2018,2019,2020,2021,2022,2023,2024,2025",undirected_osm_highway_utm31n
8016,VIA AUGUSTA - AMIGÓ (Baixada),2.1415638908826,41.398140808461,1776.1,2042.3,5.6,gt_2km_control,1_2km,"2017,2018,2019,2020,2021,2022,2023,2024,2025",undirected_osm_highway_utm31n
5029,PG. JOSEP CARNER - PL. DRASSANES (Llobregat),2.17535164123023,41.3729417540004,1788.1,2099.6,16.3,gt_2km_control,1_2km,"2017,2018,2019,2020,2021,2022,2023,2025",undirected_osm_highway_utm31n
7037,MERIDIANA - VALÈNCIA (SORTIDA),2.186999,41.410514,1791.4,1905.1,4.1,1_2km,1_2km,"2019,2020,2021,2022,2023,2024,2025",undirected_osm_highway_utm31n
6030,SARDENYA - PL. SANLLEHY  (sentit mar),2.16156078355721,41.4132433960373,1792.2,2165.5,10.2,gt_2km_control,1_2km,"2017,2018,2019,2020,2021,2022,2023,2024,2025",undirected_osm_highway_utm31n
8031,CAN RÀBIA - RDA. GENERAL MITRE (Baixada),2.13395498754504,41.3938179666502,1797.5,1996.1,19.9,1_2km,1_2km,"2017,2018,2019,2020,2021,2022,2023,2024,2025",undirected_osm_highway_utm31n
5028,PG. JOSEP CARNER - VILÀ I VILÀ (Besòs),2.17553231553291,41.3729552170708,1800.1,2099.6,15.1,gt_2km_control,1_2km,"2017,2018,2019,2020,2021,2022,2023,2025",undirected_osm_highway_utm31n
5025,PG. JOSEP CARNER - PORTAL DE LA PAU (Llobregat),2.17712293367133,41.3751024071444,1808.3,2275.4,27.3,gt_2km_control,1_2km,"2017,2018,2019,2020,2021,2022,2023,2025",undirected_osm_highway_utm31n
6029,CAMÈLIES - ABD EL-KADER  (sentit Besòs),2.16429547778027,41.4139083426613,1817.5,2242.6,5.3,gt_2km_control,1_2km,"2017,2018,2019,2020,2021,2022,2023,2024,2025",undirected_osm_highway_utm31n
5024,PG. JOSEP CARNER - PL. DRASSANES (Besós),2.1773088671806,41.3750686445374,1824.0,2222.8,22.9,gt_2km_control,1_2km,"2017,2018,2019,2020,2021,2022,2023,2025",undirected_osm_highway_utm31n
8036,VIA AUGUSTA - ARIBAU (Sentit Pl. Molina),2.14547737379229,41.4002711868881,1844.4,2104.2,21.4,gt_2km_control,1_2km,"2017,2018,2019,2020,2021,2022,2023,2024,2025",undirected_osm_highway_utm31n
9006,MARINA - SALVADOR ESPRIU (Pujada),2.19509317609503,41.3887124684234,1848.1,2350.0,29.6,gt_2km_control,1_2km,"2017,2018,2019,2020,2021,2022,2023,2024,2025",undirected_osm_highway_utm31n
1011,AV. DIAGONAL - GANDESA (Entrada),2.12863069882455,41.3885945980044,1851.8,2196.2,12.5,gt_2km_control,1_2km,"2017,2018,2019,2020,2021,2022,2023,2024,2025",undirected_osm_highway_utm31n
8037,VIA AUGUSTA - BRUSI (Sentit Rda. General Mitre),2.14542034210574,41.4003389433751,1853.1,2104.2,20.5,gt_2km_control,1_2km,"2017,2018,2019,2020,2021,2022,2023,2024,2025",undirected_osm_highway_utm31n
1010,AV. DIAGONAL - GANDESA (Sortida),2.12857747808993,41.3886843678709,1859.7,2196.2,12.5,gt_2km_control,1_2km,"2017,2018,2019,2020,2021,2022,2023,2024,2025",undirected_osm_highway_utm31n
4030,AV. DIAGONAL - LLACUNA (Baixada),2.19457865442584,41.4050943577355,1873.6,2169.9,28.1,gt_2km_control,1_2km,"2017,2018,2019,2020,2021,2022,2023,2024,2025",undirected_osm_highway_utm31n
5030,GRAN VIA - RBLA. POBLENOU (Entrada),2.1924419,41.4077603,1883.7,2168.6,1.5,gt_2km_control,1_2km,"2017,2018",undirected_osm_highway_utm31n
9008,AV. D'ICÀRIA - ROSA SENSAT (Llobregat),2.19603384169054,41.3905067114966,1885.5,2499.1,1.2,gt_2km_control,1_2km,"2017,2018,2019,2020,2021,2023,2024,2025",undirected_osm_highway_utm31n
6031,AV. MARE DE DÉU DE MONTSERRAT - FRANÇA  (sentit Llobregat),2.16381938849337,41.4145445416464,1893.3,2333.4,9.6,gt_2km_control,1_2km,"2017,2018,2019,2020,2021,2022,2023,2024,2025",undirected_osm_highway_utm31n
7033,VALÈNCIA - TER  (sentit Besòs),2.18792226740502,41.4111647516047,1895.0,2025.9,12.0,gt_2km_control,1_2km,"2017,2018,2019,2020,2021,2022,2023,2024,2025",undirected_osm_highway_utm31n
8006,RDA. GENERAL MITRE - DR. FLEMING (Sentit Via Augusta),2.13390359783985,41.3950958433231,1903.2,2082.6,0.9,gt_2km_control,1_2km,"2017,2018,2020,2021,2022,2023,2024,2025",undirected_osm_highway_utm31n
8004,BALMES - COPÈRNIC (Baixada),2.14535372288956,41.4023599304821,1908.1,2138.3,12.4,gt_2km_control,1_2km,"2017,2018,2019,2020,2021,2022,2023,2024",undirected_osm_highway_utm31n
8002,GANDUXER - VALERO  (sentit muntanya),2.13622497403366,41.3967031150866,1923.2,2218.8,28.4,gt_2km_control,1_2km,"2017,2019,2020,2021,2022,2023,2024,2025",undirected_osm_highway_utm31n
2012,AV. MADRID - PORTBOU  (sentit Besòs),2.12645591588704,41.3778875629361,1929.9,2312.2,22.9,gt_2km_control,1_2km,"2017,2018,2019,2020,2021,2022,2023,2024,2025",undirected_osm_highway_utm31n
6014,RONDA GUINARDÓ - CARTAGENA (Besòs),2.17243227868356,41.414869691888,1950.9,2652.4,28.7,gt_2km_control,1_2km,"2017,2019,2020,2021,2022,2023,2024,2025",undirected_osm_highway_utm31n
2025,C. DE SANTS - SUGRANYES (Sentit Pl. Espanya),2.12637855996629,41.3755780639749,1966.3,2217.2,3.8,gt_2km_control,1_2km,"2017,2018,2019,2020,2021,2022,2023,2024,2025",undirected_osm_highway_utm31n
30005,TUNEL GLÒRIES SENTIT BESÒS - SORTIDA BILBAO,2.19337,41.408088,1967.3,2181.3,5.4,gt_2km_control,1_2km,"2022,2023,2024,2025",undirected_osm_highway_utm31n
8015,VIA AUGUSTA - MODOLELL (Pujada),2.13705166293246,41.3978177127565,1977.5,2288.0,11.0,gt_2km_control,1_2km,"2017,2018,2019,2020,2021,2022,2023,2024,2025",undirected_osm_highway_utm31n
8034,AV. REPÚBLICA ARGENTINA - BALLESTER,2.14767175700735,41.4079918510431,2002.0,2324.7,17.1,gt_2km_control,gt_2km_control,"2017,2018,2019,2020,2021,2022,2023,2024,2025",undirected_osm_highway_utm31n
6015,RONDA GUINARDÓ - SANT QUINTÍ (Llobregat),2.17265757568452,41.415369266056,2009.1,2787.9,27.6,gt_2km_control,gt_2km_control,"2017,2018,2019,2020,2021,2022,2023,2024,2025",undirected_osm_highway_utm31n
30001,TUNEL GLÒRIES SENTIT LLOBREGAT - BOCA ENTRADA,2.193663418293,41.4085436834747,2017.7,2269.6,9.8,gt_2km_control,gt_2km_control,"2022,2023,2024,2025",undirected_osm_highway_utm31n
8005,BALMES - COPÈRNIC (Pujada),2.14410203561557,41.4029602727686,2027.3,2274.6,2.6,gt_2km_control,gt_2km_control,"2017,2018,2019,2020,2021,2022,2023,2024,2025",undirected_osm_highway_utm31n
9009,SALVADOR ESPRIU - ROSA SENSAT (sentit Llobregat),2.19782134249268,41.3893807249814,2053.9,2721.8,22.9,gt_2km_control,gt_2km_control,"2017,2018,2019,2020,2021,2022,2023,2024,2025",undirected_osm_highway_utm31n
8017,MUNTANER - COPÈRNIC (sentit mar),2.14075512429096,41.4007021278479,2054.5,2316.1,27.8,gt_2km_control,gt_2km_control,"2017,2018,2019,2020,2021,2022,2023,2024,2025",undirected_osm_highway_utm31n
1008,CAPITÀ ARENAS - MANILA (baixada),2.12637832464327,41.3896380640375,2070.0,2492.2,13.6,gt_2km_control,gt_2km_control,"2017,2018,2019,2020,2021,2022,2023,2024,2025",undirected_osm_highway_utm31n
8011,RDA. GENERAL MITRE - BALLESTER (Llobregat),2.14489266330133,41.4056059073984,2070.8,2483.8,1.6,gt_2km_control,gt_2km_control,"2017,2018,2019,2020,2021,2022,2023,2024,2025",undirected_osm_highway_utm31n
10001,ARAGÓ - NAVAS (Llobregat),2.19073536914761,41.4116798138391,2084.6,2171.9,23.0,gt_2km_control,gt_2km_control,"2017,2018,2019,2020,2021,2022,2023,2024,2025",undirected_osm_highway_utm31n
1009,PG. MANUEL GIRONA - BENET I MATEU (sentit Llobregat),2.12763920293606,41.3919462558656,2090.9,2400.6,36.0,gt_2km_control,gt_2km_control,"2017,2019,2020,2021,2022,2023,2024,2025",undirected_osm_highway_utm31n
8003,RDA. GENERAL MITRE - SARAGOSSA (Besòs),2.14450736435098,41.4054395416092,2092.4,2517.9,11.5,gt_2km_control,gt_2km_control,"2017,2018,2019,2020,2021,2022,2023,2024,2025",undirected_osm_highway_utm31n
10015,BILBAO - CONCILI DE TRENTO (sentit mar),2.19214727380226,41.4112919076192,2130.8,2342.0,2.8,gt_2km_control,gt_2km_control,"2017,2018,2019,2020,2021,2022,2023,2024,2025",undirected_osm_highway_utm31n
8041,PG. SANT JOAN BOSCO - PL. PRAT DE LA RIBA (Pujada),2.1284071416532,41.3938242376625,2151.7,2350.8,20.4,gt_2km_control,gt_2km_control,"2017,2018,2019,2020,2021,2022,2023,2024,2025",undirected_osm_highway_utm31n
8035,PG. SANT JOAN BOSCO - F. CARBONELL (Baixada),2.1282769854829,41.3938262901109,2160.7,2350.8,12.0,gt_2km_control,gt_2km_control,"2017,2018,2019,2020,2021,2022,2023,2024,2025",undirected_osm_highway_utm31n
11033,AV. VALLCARCA - AGRAMUNT (Pujada),2.14728360572434,41.4100782574757,2167.8,2417.7,4.8,gt_2km_control,gt_2km_control,"2017,2018,2019,2020,2021,2022,2023,2024,2025",undirected_osm_highway_utm31n
7005,AV. MERIDIANA - NAVAS DE TOLOSA (Entrada),2.18683771975941,41.4147497996919,2186.9,2384.9,15.3,gt_2km_control,gt_2km_control,"2017,2018,2023,2024,2025",undirected_osm_highway_utm31n
11034,AV. VALLCARCA - AGRAMUNT (Baixada),2.14706311474828,41.410195605979,2190.4,2483.9,2.5,gt_2km_control,gt_2km_control,"2017,2018,2019,2020,2021,2022,2023,2024,2025",undirected_osm_highway_utm31n
1006,AV. DIAGONAL - PLAÇA PIUS XII (Entrada),2.12380055719989,41.387374634778,2193.8,2648.8,17.0,gt_2km_control,gt_2km_control,"2017,2018,2019,2020,2021,2022,2023,2024",undirected_osm_highway_utm31n
10005,ARAGÓ - BILBAO (Besòs),2.19188571810162,41.4122858738082,2198.1,2321.7,13.2,gt_2km_control,gt_2km_control,"2017,2018,2019,2020,2021,2022,2023,2024,2025",undirected_osm_highway_utm31n
1007,AV. DIAGONAL- DOCTOR FERRAN (Sortida),2.12373816821195,41.3874730063351,2201.7,2648.8,15.7,gt_2km_control,gt_2km_control,"2017,2018,2019,2020,2021,2022,2023,2024,2025",undirected_osm_highway_utm31n
6019,PG. MARAGALL - ESCORNALBOU (Sentit Horta),2.18043457545689,41.4170241932517,2241.7,2732.5,3.4,gt_2km_control,gt_2km_control,"2017,2018,2019,2020,2021,2022,2023,2024,2025",undirected_osm_highway_utm31n
6018,PG. MARAGALL - ESCORNALBOU (Sentit Eixample),2.18033774951808,41.4170757293736,2245.6,2740.6,5.2,gt_2km_control,gt_2km_control,"2017,2018,2019,2020,2021,2022,2023,2024,2025",undirected_osm_highway_utm31n
9003,AV. LITORAL - ARQUITECTE SERT (sentit mar),2.20050274423041,41.3904874381431,2256.1,2993.7,1.4,gt_2km_control,gt_2km_control,"2017,2018,2019,2020,2021,2022,2023,2024,2025",undirected_osm_highway_utm31n
7004,MALLORCA - BISCAIA,2.18982242141438,41.4142885384999,2270.5,2425.2,1.0,gt_2km_control,gt_2km_control,"2017,2018,2019,2020,2021,2022,2023,2024,2025",undirected_osm_highway_utm31n
8008,RDA. GENERAL MITRE - GANDUXER (Besòs),2.13459295713598,41.3997149392181,2271.6,2597.6,13.4,gt_2km_control,gt_2km_control,"2017,2018,2019,2020,2021,2022,2023,2024,2025",undirected_osm_highway_utm31n
1031,JOAN XXIII - MENÉNDEZ PELAYO (Besòs),2.12199741972438,41.3821472222222,2274.1,3179.8,18.8,gt_2km_control,gt_2km_control,"2017,2018,2019,2020,2021,2022,2023,2024,2025",undirected_osm_highway_utm31n
8009,RDA. GENERAL MITRE - TORRAS I PUJALT (Llobregat),2.13459554529033,41.3998658842146,2283.8,2597.6,5.1,gt_2km_control,gt_2km_control,"2017,2018,2019,2020,2021,2022,2023,2024,2025",undirected_osm_highway_utm31n
1030,JOAN XXIII - MARTÍ I FRANQUÉS (Llobregat),2.12184772928002,41.3821916666666,2286.5,3179.8,6.0,gt_2km_control,gt_2km_control,"2017,2018,2019,2020,2021,2022,2023,2024,2025",undirected_osm_highway_utm31n
2017,SANTS - RIERA BLANCA (sentit Hospitalet),2.12239111942769,41.3756480686338,2293.9,2541.5,6.5,gt_2km_control,gt_2km_control,"2017,2018,2019,2020,2021,2022,2023,2024,2025",undirected_osm_highway_utm31n
8026,VIA AUGUSTA - DOCTOR ROUX (Baixada),2.13069145701489,41.3977356750555,2300.7,2540.9,22.0,gt_2km_control,gt_2km_control,"2017,2018,2019,2020,2021,2022,2023,2024,2025",undirected_osm_highway_utm31n
7009,AV. MERIDIANA - NAVAS DE TOLOSA (Sortida),2.18699909733485,41.4160302031476,2319.7,2546.8,25.2,gt_2km_control,gt_2km_control,"2017,2018,2022,2023,2024,2025",undirected_osm_highway_utm31n
1027,DOCTOR FERRAN - PG. MANUEL GIRONA (baixada),2.1237037935422,41.3906592623485,2320.2,2772.8,9.4,gt_2km_control,gt_2km_control,"2017,2018,2019,2020,2021,2022,2023,2024,2025",undirected_osm_highway_utm31n
7021,NAVAS DE TOLOSA - JOSEP ESTIVILL  (sentit mar),2.18489734749009,41.4167849231015,2325.2,2650.8,13.5,gt_2km_control,gt_2km_control,"2017,2018,2019,2020,2021,2022,2023,2024,2025",undirected_osm_highway_utm31n
17005,AV. DIAGONAL - PERE IV (Pujada),2.20015975809711,41.4067401081025,2372.3,2660.1,30.2,gt_2km_control,gt_2km_control,"2017,2018,2019,2020,2021,2022,2023,2024,2025",undirected_osm_highway_utm31n
8028,VIA AUGUSTA - DOCTOR ROUX (Pujada),2.12952392983991,41.3978038708747,2372.9,2564.4,13.7,gt_2km_control,gt_2km_control,"2017,2018,2019,2020,2021,2022,2023,2024,2025",undirected_osm_highway_utm31n
8010,BALMES - PLAÇA J. FOLGUERA (Baixada),2.140153527,41.404725667,2401.7,2665.9,4.8,gt_2km_control,gt_2km_control,"2017,2018,2019,2020,2021,2022,2023",undirected_osm_highway_utm31n
8012,VIA AUGUSTA - VERGÓS (Baixada),2.12881738500021,41.3977497606527,2409.9,2634.9,5.5,gt_2km_control,gt_2km_control,"2017,2018,2019,2020,2021,2022,2023,2024,2025",undirected_osm_highway_utm31n
1029,ARISTIDES MAILLOL - CARDENAL REIG (Pujada),2.12026132638103,41.3789667368511,2445.4,2994.2,16.7,gt_2km_control,gt_2km_control,"2017,2018,2019,2020,2021,2022,2023,2024,2025",undirected_osm_highway_utm31n
1028,ARISTIDES MAILLOL - CARDENAL REIG (Baixada),2.12016648138265,41.3788618827201,2453.3,2994.2,5.8,gt_2km_control,gt_2km_control,"2017,2018,2019,2020,2021,2022,2025",undirected_osm_highway_utm31n
8033,VERGÓS - RAFAEL BATLLE (Besòs),2.12645980606712,41.3966273619804,2471.6,2772.5,3.2,gt_2km_control,gt_2km_control,"2017,2018,2019,2020,2021,2022,2023,2025",undirected_osm_highway_utm31n
8055,VERGÓS - PL. ARTÓS (Besòs),2.12634,41.396583,2476.2,2760.6,2.3,gt_2km_control,gt_2km_control,"2019,2020",undirected_osm_highway_utm31n
8040,VERGÒS - RAFAEL BATLLE (Llobregat),2.12639231598963,41.3966373783215,2476.7,2772.5,2.8,gt_2km_control,gt_2km_control,"2017,2018,2019,2020,2021,2022,2023,2024,2025",undirected_osm_highway_utm31n
11019,AV. REPÚBLICA ARGENTINA - VIADUCTE VALLCARCA (Baixada),2.14369728978358,41.4114146278194,2494.8,2777.8,15.7,gt_2km_control,gt_2km_control,"2017,2018,2019,2020,2021,2022,2023,2024,2025",undirected_osm_highway_utm31n
13005,RONDA GUINARDÓ - RUBIÓ I ORS,2.176743621,41.419854649,2509.9,3279.0,16.2,gt_2km_control,gt_2km_control,"2017,2018",undirected_osm_highway_utm31n
13019,RONDA GUINARDO - ART(sentit Llobregat),2.17674362129268,41.4198546486386,2509.9,3279.0,16.2,gt_2km_control,gt_2km_control,"2018,2019,2020,2021,2022,2023,2024,2025",undirected_osm_highway_utm31n
12001,PG. ZONA FRANCA - FOC (Pujada),2.1415185233005,41.3569852262125,2510.7,3052.4,15.0,gt_2km_control,gt_2km_control,2025,undirected_osm_highway_utm31n
8042,MUNTANER - ARIMON  (sentit mar),2.13670977051136,41.4038870055706,2532.1,2779.0,11.4,gt_2km_control,gt_2km_control,"2017,2018,2019,2020,2021,2022,2023,2024,2025",undirected_osm_highway_utm31n
12002,PG. ZONA FRANCA - ESTANY (Baixada),2.14143981416746,41.3567689108824,2535.6,3080.0,9.8,gt_2km_control,gt_2km_control,"2024,2025",undirected_osm_highway_utm31n
11031,VIADUCTE VALLCARCA - PL. MONS (sentit Llobregat),2.14341629773427,41.4117871333879,2538.7,2856.9,4.6,gt_2km_control,gt_2km_control,"2017,2018,2019,2020,2021,2022,2023,2024,2025",undirected_osm_highway_utm31n
1013,AV. PEDRALBES - PG. MANUEL GIRONA (Baixada),2.1200198822005,41.38923227805,2554.5,3038.9,0.3,gt_2km_control,gt_2km_control,"2017,2018,2019,2020,2021,2022,2023,2024,2025",undirected_osm_highway_utm31n
11018,AV. REPÚBLICA ARGENTINA - VIADUCTE VALLCARCA (Pujada),2.14291541285985,41.4115300088469,2554.5,2837.0,11.5,gt_2km_control,gt_2km_control,"2017,2018,2019,2020,2021,2022,2023,2024,2025",undirected_osm_highway_utm31n
10002,BAC DE RODA - BOLIVIA (Pujada),2.19898280387419,41.4113366439258,2559.0,2843.3,7.1,gt_2km_control,gt_2km_control,"2017,2018,2019,2020,2021,2022,2023,2024,2025",undirected_osm_highway_utm31n
11032,PG. MARE DE DÉU DEL COLL - PL. MONS (sentit Besòs),2.144823314,41.413590935,2580.0,3063.1,2.3,gt_2km_control,gt_2km_control,"2017,2018,2019,2020,2021,2022",undirected_osm_highway_utm31n
7006,SANT ANTONI MARIA CLARET - ESPRONCEDA  (sentit Llobregat),2.18530031005948,41.4193388069758,2602.3,2981.4,16.6,gt_2km_control,gt_2km_control,"2017,2019,2020,2021,2022,2023,2024,2025",undirected_osm_highway_utm31n
1022,AV. PEDRALBES - PG. MANUEL GIRONA (Pujada),2.11915017830002,41.3899967348895,2649.8,3140.8,4.7,gt_2km_control,gt_2km_control,"2017,2018,2019,2020,2021,2022,2023,2024,2025",undirected_osm_highway_utm31n
8053,BALMES - CASTANYER (Pujada),2.13826741814546,41.4075764369837,2665.4,2996.9,24.2,gt_2km_control,gt_2km_control,"2017,2018,2019,2020,2021,2022,2023,2025",undirected_osm_highway_utm31n
8056,BALMES - MORAGAS (sentit baixada),2.13818284578302,41.4074940289962,2668.1,2996.9,18.9,gt_2km_control,gt_2km_control,2025,undirected_osm_highway_utm31n
7010,AV. MERIDIANA - SANT ANTONI MARIA CLARET (Entrada),2.18684097776751,41.419855924451,2702.0,2944.8,15.7,gt_2km_control,gt_2km_control,"2017,2018,2020,2021,2022,2024,2025",undirected_osm_highway_utm31n
7040,AV. MERIDIANA - ESPRONCEDA (sortida),2.18700332530566,41.4198392256299,2705.5,2944.8,2.1,gt_2km_control,gt_2km_control,"2024,2025",undirected_osm_highway_utm31n
8054,EDUARDO CONDE - CARDENAL VIVES I TUTÓ (sentit muntanya),2.1210257358625,41.3946480013943,2719.6,3158.3,16.0,gt_2km_control,gt_2km_control,"2017,2018,2019,2020,2021,2022,2023,2024,2025",undirected_osm_highway_utm31n
7034,FELIP II - JOSEP ESTIVILL (sentit muntanya),2.18760966783871,41.4198803521817,2729.3,3031.3,34.5,gt_2km_control,gt_2km_control,"2017,2018,2020,2021,2022,2023,2024,2025",undirected_osm_highway_utm31n
8051,AV. J.V.FOIX - CARDENAL VIVES I TUTOR (Pujada),2.12070820366511,41.3945729221465,2738.5,3175.5,21.8,gt_2km_control,gt_2km_control,"2017,2018,2019,2020,2022,2023,2024,2025",undirected_osm_highway_utm31n
1003,AV. DIAGONAL - ADOLF FLORENSA (Entrada),2.11646676063538,41.385345761979,2755.9,3248.7,18.6,gt_2km_control,gt_2km_control,"2017,2019,2020,2021,2022,2023,2025",undirected_osm_highway_utm31n
1004,AV. DIAGONAL - PASCUAL VILA (Sortida),2.11625845637075,41.3855740484895,2776.3,3300.3,8.7,gt_2km_control,gt_2km_control,"2017,2018,2019,2020,2021,2022,2023,2025",undirected_osm_highway_utm31n
13006,RONDA GUINARDÓ - TORRE DELS PARDALS(sentit Besòs),2.17724758331142,41.4222445654758,2777.6,3557.3,6.8,gt_2km_control,gt_2km_control,"2017,2018,2019,2020,2021,2022,2023,2024,2025",undirected_osm_highway_utm31n
7035,FELIP II - AV. MERIDIANA  (sentit muntanya),2.18623522183881,41.4209248776034,2794.5,3095.8,17.4,gt_2km_control,gt_2km_control,"2017,2018,2019,2020,2021,2022,2023,2024,2025",undirected_osm_highway_utm31n
11024,ESTEVE TERRADES - JOSEP JOVER (Baixada),2.14094732742427,41.4133275465274,2806.6,3110.6,8.4,gt_2km_control,gt_2km_control,"2017,2018,2019,2020,2021,2022,2023,2024,2025",undirected_osm_highway_utm31n
11022,CRAYWINCKEL - AV. REPÚBLICA ARGENTINA (sentit Llobregat),2.13953949979911,41.4121269843752,2822.1,3134.1,22.4,gt_2km_control,gt_2km_control,"2017,2018,2019,2020,2022,2023,2024,2025",undirected_osm_highway_utm31n
13010,PG. MARAGALL - PINAR DEL RIO (Sentit Horta),2.17854604106588,41.4228633018248,2856.3,3421.6,19.2,gt_2km_control,gt_2km_control,"2017,2018,2019,2020,2021,2022,2023,2024,2025",undirected_osm_highway_utm31n
13011,PG. MARAGALL - ACÀCIES (Sentit Eixample),2.17840405922296,41.4228928720644,2858.2,3472.8,23.5,gt_2km_control,gt_2km_control,"2017,2018,2019,2020,2021,2022,2023,2024,2025",undirected_osm_highway_utm31n
12004,FOC - URANI (sentit Llobregat),2.13754319646512,41.3546580612467,2859.4,3475.1,13.7,gt_2km_control,gt_2km_control,"2024,2025",undirected_osm_highway_utm31n
12003,FOC - FERRO (sentit Besòs),2.13764236118537,41.3546161907408,2860.8,3475.1,5.9,gt_2km_control,gt_2km_control,"2024,2025",undirected_osm_highway_utm31n
11023,ESTEVE TERRADES - JOSEP JOVER (Pujada),2.14040694254619,41.4139797834488,2887.1,3185.0,4.9,gt_2km_control,gt_2km_control,"2017,2018,2019,2020,2021,2022,2023,2024,2025",undirected_osm_highway_utm31n
11026,AV. VALLCARCA - GUSTAVO BÈCQUER (Baixada),2.14222140513191,41.4156068443148,2891.8,3271.0,10.9,gt_2km_control,gt_2km_control,"2017,2018,2019,2020,2021,2022,2023,2024,2025",undirected_osm_highway_utm31n
8052,AV. DE PEDRALBES - C. DE BOSCH I GIMPERA (Pujada),2.11668114163942,41.3919235578205,2916.8,3420.9,13.0,gt_2km_control,gt_2km_control,"2017,2018,2019,2020,2021,2022,2023,2024,2025",undirected_osm_highway_utm31n
11030,AV. TIBIDABO - PG. SANT GERVASI (pujada),2.13678347788775,41.4106242123752,2929.2,3400.1,11.6,gt_2km_control,gt_2km_control,"2017,2018,2019,2020,2021,2022,2023,2024,2025",undirected_osm_highway_utm31n
8014,PG. BONANOVA - IRADIER (Besós),2.12716611621782,41.403110516765,2946.2,3147.9,30.2,gt_2km_control,gt_2km_control,"2017,2018,2019,2020,2021,2022,2023,2024,2025",undirected_osm_highway_utm31n
8013,PG. BONANOVA - IRADIER (Llobregat),2.12652103599924,41.402779293201,2952.0,3159.1,23.9,gt_2km_control,gt_2km_control,"2017,2018,2019,2020,2021,2022,2023,2024,2025",undirected_osm_highway_utm31n
8045,PG. SANT GERVASI - PL. BONANOVA (Besòs),2.1340414460214,41.4071207085061,2954.8,3275.2,7.4,gt_2km_control,gt_2km_control,"2017,2018,2019,2020,2021,2022,2023,2024,2025",undirected_osm_highway_utm31n
11025,AV. VALLCARCA - GUSTAVO BÈCQUER (Pujada),2.14191349787258,41.4162357214964,2958.7,3339.0,6.5,gt_2km_control,gt_2km_control,"2017,2018,2019,2020,2021,2022,2023,2024,2025",undirected_osm_highway_utm31n
8046,PG. SANT GERVASI - TEODORA LAMADRID (Llobregat),2.13397532502848,41.4071939922631,2964.6,3275.2,4.0,gt_2km_control,gt_2km_control,"2017,2018,2019,2020,2021,2022,2023,2024,2025",undirected_osm_highway_utm31n
8023,VIA AUGUSTA - PG. BONANOVA (Sortida),2.12309031397302,41.4005494594285,2970.6,3238.8,5.7,gt_2km_control,gt_2km_control,"2017,2018,2019,2020,2021,2022,2023,2024,2025",undirected_osm_highway_utm31n
8024,VIA AUGUSTA - PG. BONANOVA (Entrada),2.12303748736067,41.4005060366228,2970.6,3238.8,7.5,gt_2km_control,gt_2km_control,"2017,2018,2020,2021,2022,2025",undirected_osm_highway_utm31n
11021,PG. SANT GERVASI - GARCÍA MARIÑO (pujada),2.13790255158388,41.4129384515837,2985.9,3452.9,6.2,gt_2km_control,gt_2km_control,"2017,2018,2019,2020,2021,2022,2023,2025",undirected_osm_highway_utm31n
11008,TÚNEL DE LA ROVIRA - BOCA NORD (Sentit Horta),2.15838144072675,41.423738999396,2986.5,3690.8,0.9,gt_2km_control,gt_2km_control,"2017,2018,2019,2020,2021,2022,2023,2024",undirected_osm_highway_utm31n
11009,TÚNEL DE LA ROVIRA - BOCA NORD (Sentit Guinardó),2.15820319678061,41.4237056720282,2986.7,3637.5,1.6,gt_2km_control,gt_2km_control,"2017,2018,2019,2020,2021,2022,2023,2024,2025",undirected_osm_highway_utm31n
1017,AV. DOCTOR MARAÑÓN - BALDIRI REIXAC (Pujada),2.11305345803651,41.3827211329976,3022.0,3810.4,8.3,gt_2km_control,gt_2km_control,"2017,2020,2021,2022,2023,2024",undirected_osm_highway_utm31n
11020,AV. REPÚBLICA ARGENTINA - PL. ALFONSO COMÍN (baixada),2.13814411812842,41.4138256777568,3026.6,3346.4,20.2,gt_2km_control,gt_2km_control,"2017,2018,2019,2020,2021,2022,2023,2024,2025",undirected_osm_highway_utm31n
1019,AV. DOCTOR MARAÑÓN - PAU GARGALLO (Baixada),2.112958067,41.382553474,3029.8,3815.5,23.9,gt_2km_control,gt_2km_control,"2017,2020,2021,2022",undirected_osm_highway_utm31n
7016,CONCEPCIÓ ARENAL - CIENFUEGOS,2.18403425048882,41.4237442181239,3037.8,3481.6,11.6,gt_2km_control,gt_2km_control,"2017,2018,2019,2020,2021,2022,2023,2024,2025",undirected_osm_highway_utm31n
8043,PG. REINA ELISENDA - PARRÒQUIA (Besòs),2.12102580872942,41.3998044404832,3046.5,3280.3,8.5,gt_2km_control,gt_2km_control,"2017,2018,2019,2020,2021,2022,2023,2024,2025",undirected_osm_highway_utm31n
11005,PG. SANT GERVASI - PL. ALFONS COMÍN (sentit muntanya),2.13772155292881,41.4136942318135,3046.6,3389.6,14.6,gt_2km_control,gt_2km_control,"2017,2018,2019,2020,2021,2022,2023,2024,2025",undirected_osm_highway_utm31n
8044,PG. REINA ELISENDA - MAJOR DE SARRIÀ (Llobregat),2.12099352595748,41.3998514106913,3051.9,3280.3,9.4,gt_2km_control,gt_2km_control,"2017,2018,2019,2020,2021,2022,2023,2024,2025",undirected_osm_highway_utm31n
7008,AV. MERIDIANA - GARCILASO (Sortida),2.18701281753419,41.4233989454597,3074.9,3346.8,6.8,gt_2km_control,gt_2km_control,"2017,2018,2020,2021,2022,2023,2024,2025",undirected_osm_highway_utm31n
13007,RAMÓN ALBÓ - PG. MARAGALL (sentit muntanya),2.17734136943823,41.4250107991737,3084.5,3730.9,20.7,gt_2km_control,gt_2km_control,"2017,2018,2019,2020,2021,2022,2023,2024,2025",undirected_osm_highway_utm31n
11007,ESTEVE TERRADES - PL. ALFONS COMÍN (Pujada),2.13828231395387,41.4153164010651,3118.5,3460.6,1.4,gt_2km_control,gt_2km_control,"2017,2018,2019,2020,2021,2022,2023,2024",undirected_osm_highway_utm31n
17008,PG. VALL D'HEBRON - C. DE TICIÀ (LLOBREGAT),2.13846491209867,41.4165583078464,3195.3,3620.6,10.8,gt_2km_control,gt_2km_control,"2017,2018,2019,2020,2021,2022,2023,2024,2025",undirected_osm_highway_utm31n
1012,AV. DIAGONAL - TORRE MELINA (Lateral Entrada),2.11068541931338,41.3838466937179,3223.8,3771.1,7.5,gt_2km_control,gt_2km_control,"2017,2018,2019,2020,2021,2022,2023,2024,2025",undirected_osm_highway_utm31n
1021,GONZÁLEZ TABLAS - AV. EXÈRCIT (Baixada),2.11054763467226,41.3848607688299,3242.8,3808.4,5.9,gt_2km_control,gt_2km_control,"2017,2018,2019,2020,2021,2022,2023,2024,2025",undirected_osm_highway_utm31n
8047,AV. DE J.V. FOIX - MONESTIR (Mar),2.11735317281791,41.3991127003447,3245.1,3541.3,5.4,gt_2km_control,gt_2km_control,"2017,2018,2019,2020,2021,2022,2023,2024,2025",undirected_osm_highway_utm31n
8049,BISBE CATALÀ - BOSCH I GIMPERA (Besòs),2.11525368110666,41.3967089012416,3252.2,3691.2,20.9,gt_2km_control,gt_2km_control,"2017,2018,2019,2020,2021,2022,2023,2024,2025",undirected_osm_highway_utm31n
17009,RDA. DALT SORTIDA 6 LLOBREGAT,2.1382406632968,41.4171472520814,3252.5,3760.0,3.6,gt_2km_control,gt_2km_control,"2017,2018,2019,2020,2021,2022,2023,2024,2025",undirected_osm_highway_utm31n
8050,BISBE CATALÀ - BOSCH I GIMPERA (Llobregat),2.11441068045148,41.3961138675034,3282.7,3806.2,5.1,gt_2km_control,gt_2km_control,"2017,2018,2019,2020,2021,2022,2023,2024,2025",undirected_osm_highway_utm31n
13001,PG. MARAGALL - MOSSEN JOSEP BUNDÓ (Sentit Eixample),2.16821263086241,41.4274041222241,3298.7,4293.5,7.1,gt_2km_control,gt_2km_control,"2017,2018,2019,2020,2021,2022,2023,2024,2025",undirected_osm_highway_utm31n
13002,PG. MARAGALL - SABASTIDA (Sentit Horta),2.1682073708822,41.4274779481049,3306.9,4293.5,4.6,gt_2km_control,gt_2km_control,"2017,2018,2019,2020,2021,2022,2023,2024,2025",undirected_osm_highway_utm31n
11006,AV. VALLCARCA - CAPELLADES (Pujada),2.14075623218984,41.4197848756243,3309.5,3745.2,1.2,gt_2km_control,gt_2km_control,"2017,2018,2019,2020,2021,2022,2023,2024,2025",undirected_osm_highway_utm31n
8048,AV. DE J.V. FOIX - MONESTIR (Muntanya),2.11675614016347,41.3995018447573,3310.8,3620.9,10.1,gt_2km_control,gt_2km_control,"2017,2018,2019,2020,2021,2022,2023,2024,2025",undirected_osm_highway_utm31n
1001,AV. DIAGONAL - TORRE MELINA (Entrada),2.10952517290599,41.3837355108734,3320.1,3906.3,28.0,gt_2km_control,gt_2km_control,"2017,2018,2019,2020,2021,2022,2023,2024,2025",undirected_osm_highway_utm31n
10007,CANTÀBRIA - GUIPÚSCOA (Baixada),2.20189861094284,41.4192858604983,3335.7,3469.1,26.6,gt_2km_control,gt_2km_control,"2017,2018,2023,2024",undirected_osm_highway_utm31n
10008,CANTÀBRIA - GUIPÚSCOA (Pujada),2.20106339805483,41.4200433612197,3351.4,3465.0,11.1,gt_2km_control,gt_2km_control,"2017,2018,2019,2020,2021,2022,2023,2024,2025",undirected_osm_highway_utm31n
1016,AV. ESPLUGUES - SANTA CATERINA DE SIENA (Besós),2.11072370495595,41.3909736513673,3354.4,3936.6,40.3,gt_2km_control,gt_2km_control,"2017,2018,2019,2020,2022,2023,2024,2025",undirected_osm_highway_utm31n
7002,AV. MERIDIANA - CONCEPCIÓ ARENAL (Entrada),2.185561279,41.426418508,3357.9,3702.2,13.9,gt_2km_control,gt_2km_control,"2017,2018,2020",undirected_osm_highway_utm31n
1026,AV. ESPLUGUES - MIRET I SANS (Llobregat),2.11068650735979,41.3910102929535,3358.6,3936.6,40.2,gt_2km_control,gt_2km_control,"2017,2018,2020,2021,2022,2023,2024,2025",undirected_osm_highway_utm31n
7003,AV. MERIDIANA - CARDENAL TEDESCHINI (Sortida),2.18566528121516,41.4265046221932,3369.4,3714.8,7.3,gt_2km_control,gt_2km_control,"2017,2018,2020,2021,2022,2023,2024,2025",undirected_osm_highway_utm31n
1018,AV. DIAGONAL - TORRE MELINA (Sortida),2.10848537576114,41.3835833030717,3406.3,3973.4,7.6,gt_2km_control,gt_2km_control,"2017,2018,2019,2020,2021,2022,2023,2024,2025",undirected_osm_highway_utm31n
7001,ESCÒCIA - MALGRAT,2.18042256762778,41.4286703635269,3515.5,4156.1,29.6,gt_2km_control,gt_2km_control,"2017,2018,2019,2020,2021,2022,2023,2024,2025",undirected_osm_highway_utm31n
13008,ARNAU D'OMS - ESCÒCIA,2.17729717804244,41.4289867755557,3524.7,4129.1,23.1,gt_2km_control,gt_2km_control,"2017,2018,2019,2020,2021,2022,2023,2024,2025",undirected_osm_highway_utm31n
10009,GUIPÚSCOA - MARESME (Llobregat),2.20302142326192,41.4209259389645,3533.3,3651.7,24.5,gt_2km_control,gt_2km_control,"2017,2018,2019,2020,2021,2022,2023,2024,2025",undirected_osm_highway_utm31n
10010,GUIPÚSCOA - PUIGCERDÀ (Besós),2.20324041643966,41.4207915403937,3534.5,3651.7,7.8,gt_2km_control,gt_2km_control,"2017,2018,2019,2020,2021,2022,2023,2024,2025",undirected_osm_highway_utm31n
13012,AVINGUDA DELS QUINZE - JOAN ALCOVER,2.17437672893632,41.4293044872273,3553.4,4209.7,42.9,gt_2km_control,gt_2km_control,"2017,2018,2019,2020,2021,2022,2023,2024,2025",undirected_osm_highway_utm31n
13003,TAJO - BAIXADA MERCAT (Sentit Pg. Maragall),2.16096420627312,41.4295602825903,3577.3,,,outside_graph_control,gt_2km_control,"2017,2018,2019,2020,2021,2022,2023,2024,2025",undirected_osm_highway_utm31n
7036,DUBLÍN - CONCEPCIÓ ARENAL  (sentit Besòs),2.18526032658421,41.4286530385063,3591.1,3925.8,74.8,gt_2km_control,gt_2km_control,"2017,2018,2019,2020,2021,2022,2023,2024,2025",undirected_osm_highway_utm31n
11027,GENERAL VIVES - MAJOR DE SARRIÀ (Besòs),2.1169058220238,41.4037701460838,3594.1,3766.9,59.4,gt_2km_control,gt_2km_control,"2017,2018,2019,2020,2021,2022,2023,2024,2025",undirected_osm_highway_utm31n
13004,TAJO - BAIXADA MERCAT (Sentit Av. Estatut),2.1603666115488,41.4296796464981,3598.2,,,outside_graph_control,gt_2km_control,"2017,2018,2019,2020,2021,2022,2023,2024,2025",undirected_osm_highway_utm31n
11028,GENERAL VIVES - MAJOR DE SARRIÀ (Llobregat),2.11637707646396,41.4034530847319,3604.5,,,outside_graph_control,gt_2km_control,"2017,2018,2019,2020,2021,2022,2023,2024,2025",undirected_osm_highway_utm31n
11014,AV. VALLVIDRERA (Entrada),2.11692952257796,41.4043311996354,3634.0,,,outside_graph_control,gt_2km_control,"2017,2018,2019,2020,2021,2022,2023,2024,2025",undirected_osm_highway_utm31n
13014,PG. FABRA I PUIG - DAS (Sentit Sant Andreu),2.17130443156633,41.4303195871099,3636.3,,,outside_graph_control,gt_2km_control,"2017,2018,2019,2020,2021,2022,2023,2024,2025",undirected_osm_highway_utm31n
11015,AV. VALLVIDRERA (Sortida),2.11693965961916,41.4043781660851,3636.9,,,outside_graph_control,gt_2km_control,"2017,2018,2019,2020,2021,2022,2023,2024,2025",undirected_osm_highway_utm31n
13013,PG. FABRA I PUIG - AMÍLCAR (Sentit Horta),2.17121495096827,41.4304004361056,3644.6,,,outside_graph_control,gt_2km_control,"2017,2018,2019,2020,2021,2022,2023,2024,2025",undirected_osm_highway_utm31n
17007,JOSEP PLÀ - PG. TAULAT (sentit muntanya),2.21594447419887,41.4087451861361,3674.4,,,outside_graph_control,gt_2km_control,"2017,2018,2019,2020,2021,2022,2023,2024,2025",undirected_osm_highway_utm31n
11013,AV. ESPLUGUES - GONZÁLEZ TABLAS (Sortida),2.10555371036138,41.3866612935988,3679.4,,,outside_graph_control,gt_2km_control,"2017,2018,2019,2020,2021,2022,2023,2024,2025",undirected_osm_highway_utm31n
7020,PG. FABRA I PUIG - VÈLIA  (sentit muntanya),2.18044874195065,41.4302232004653,3686.7,,,outside_graph_control,gt_2km_control,"2017,2018,2019,2020,2021,2022,2023,2024,2025",undirected_osm_highway_utm31n
11012,AV. ESPLUGUES - JARDINS CERVANTES (Entrada),2.10533737568672,41.3860691651983,3689.5,,,outside_graph_control,gt_2km_control,"2017,2018,2019,2020,2021,2022,2023,2024,2025",undirected_osm_highway_utm31n
10011,RBLA. PRIM - CONCILI DE TRENTO (Baixada),2.20629082616235,41.4209026395824,3720.1,,,outside_graph_control,gt_2km_control,"2017,2018,2019,2020,2021,2022,2023,2024,2025",undirected_osm_highway_utm31n
7026,PG. FABRA I PUIG - CONCEPCIÓ ARENAL (sentit muntanya),2.18422824208619,41.4301803551681,3736.4,,,outside_graph_control,gt_2km_control,"2017,2018,2019,2020,2021,2022,2023,2024,2025",undirected_osm_highway_utm31n
17006,"SORTIDA 24, RONDA LITORAL (sentit Besòs)",2.21819681075447,41.4055540069911,3749.8,4712.8,56.5,gt_2km_control,gt_2km_control,"2017,2018,2019,2020,2021,2022,2023,2024,2025",undirected_osm_highway_utm31n
17004,AV. LITORAL - SELVA DE MAR (sentit Besòs),2.21826567709246,41.4054905072671,3753.6,4712.8,64.0,gt_2km_control,gt_2km_control,"2017,2018,2019,2020,2021,2022,2023,2024,2025",undirected_osm_highway_utm31n
17003,PG. GARCIA FARIA - JOSEP PLÀ (sentit Llobregat),2.21790107855386,41.4065939942215,3755.8,,,outside_graph_control,gt_2km_control,"2017,2018,2019,2020,2021,2022,2023,2024,2025",undirected_osm_highway_utm31n
10012,RBLA. PRIM - CONCILI DE TRENTO (Pujada),2.20582046709715,41.4217910120223,3762.9,,,outside_graph_control,gt_2km_control,"2017,2018,2019,2020,2021,2022,2023,2024,2025",undirected_osm_highway_utm31n
13016,DOCTOR PI I MOLIST - ALLOZA (carril Bus),2.17413983149495,41.4314529739963,3789.1,,,outside_graph_control,gt_2km_control,"2017,2018,2019,2020,2021,2022,2023,2024,2025",undirected_osm_highway_utm31n
11001,AV. ESTATUT- LISBOA (Pujada),2.15522900634285,41.4306514538133,3796.1,,,outside_graph_control,gt_2km_control,"2017,2018,2019,2020,2021,2022,2023,2024,2025",undirected_osm_highway_utm31n
13015,DOCTOR PI I MOLIST - ESCULTOR ORDOÑEZ (sentit mar),2.17408378594873,41.4316867290554,3814.1,,,outside_graph_control,gt_2km_control,"2017,2018,2019,2020,2021,2022,2023,2024,2025",undirected_osm_highway_utm31n
10013,RBLA. PRIM - CRISTÓBAL DE MOURA (Baixada),2.21346256192603,41.415434528203,3814.7,,,outside_graph_control,gt_2km_control,"2017,2018,2019,2020,2021,2022,2023,2024,2025",undirected_osm_highway_utm31n
17001,AV. DIAGONAL - LLULL (Baixada),2.21689026434743,41.4107128902073,3828.2,,,outside_graph_control,gt_2km_control,"2017,2018,2019,2020,2021,2022,2023,2024,2025",undirected_osm_highway_utm31n
10014,RBLA. PRIM - CRISTÓBAL DE MOURA (Pujada),2.2127448089634,41.416503515673,3828.6,,,outside_graph_control,gt_2km_control,"2017,2018,2019,2020,2021,2022,2023,2024,2025",undirected_osm_highway_utm31n
17002,AV. DIAGONAL - RAMBLA PRIM (Pujada),2.21680346713813,41.4108925544173,3829.3,,,outside_graph_control,gt_2km_control,"2017,2019,2020,2021,2022,2023,2024,2025",undirected_osm_highway_utm31n
11003,AV. ESTATUT - PL. CIUTADELLA (Pujada),2.15449840389739,41.4315644473508,3910.2,,,outside_graph_control,gt_2km_control,"2017,2018,2019,2020,2021,2022,2023,2024,2025",undirected_osm_highway_utm31n
11002,AV. ESTATUT - CAN TRAVI NOU (Baixada),2.15416783936624,41.431797826656,3942.7,,,outside_graph_control,gt_2km_control,"2017,2018,2019,2020,2021,2022,2023,2024,2025",undirected_osm_highway_utm31n
7031,FABRA I PUIG - CANIGÓ (Besòs),2.16351120837962,41.4341815807777,4063.0,,,outside_graph_control,gt_2km_control,"2017,2018,2019,2020,2021,2022,2023,2024,2025",undirected_osm_highway_utm31n
7032,FABRA I PUIG - CANIGÓ (Llobregat),2.16342285344408,41.4341947880258,4065.1,,,outside_graph_control,gt_2km_control,"2017,2018,2019,2020,2021,2022,2023,2024,2025",undirected_osm_highway_utm31n
10017,RBLA. GUIPÚSCOA - EXTREMADURA (Entrada),2.20842324538341,41.4249817109825,4170.1,,,outside_graph_control,gt_2km_control,"2017,2018,2019,2020,2021,2022,2023,2024,2025",undirected_osm_highway_utm31n
10018,RBLA. GUIPÚSCOA - CAMÍ DE LA VERNEDA (Sortida),2.20866893012187,41.4248191757687,4170.8,,,outside_graph_control,gt_2km_control,"2017,2019,2020,2021,2022,2023,2024,2025",undirected_osm_highway_utm31n
13009,AV. RIO DE JANEIRO - PINTOR ALSAMORA (sentit Besòs),2.1799243098505,41.4353182023915,4243.5,,,outside_graph_control,gt_2km_control,"2017,2018,2019,2020,2021,2022,2023,2024,2025",undirected_osm_highway_utm31n
11004,AV. ESTATUT - PG. VALLDAURA (Baixada),2.15343747453683,41.4359420769539,4402.1,,,outside_graph_control,gt_2km_control,"2017,2018,2019,2020,2021,2022,2023,2024,2025",undirected_osm_highway_utm31n
7011,AV. MERIDIANA  - ROSSELLÓ I PORCEL (Sortida),2.18435802147206,41.436297355113,4404.2,,,outside_graph_control,gt_2km_control,"2017,2018,2019,2020,2021,2022,2023,2024,2025",undirected_osm_highway_utm31n
10031,SANTANDER - CANEM (sentit Llobregat),2.204336,41.43027,4419.7,,,outside_graph_control,gt_2km_control,"2024,2025",undirected_osm_highway_utm31n
7039,AV. MERIDIANA - ROSSELLÓ I PORCEL (sentit Llobregat),2.184249,41.436573,4432.7,,,outside_graph_control,gt_2km_control,"2019,2020,2021,2022,2023,2024,2025",undirected_osm_highway_utm31n
10032,SANTANDER - CANEM (sentit Besòs),2.204702,41.43027,4436.9,,,outside_graph_control,gt_2km_control,"2024,2025",undirected_osm_highway_utm31n
7012,AV. MERIDIANA - ROSSELLÓ I PORCEL (Entrada),2.184265272,41.43662588,4438.7,,,outside_graph_control,gt_2km_control,"2017,2018",undirected_osm_highway_utm31n
11010,CTRA. D'HORTA A CERDANYOLA - RONDA DE DALT (Entrada),2.15342694147954,41.4371872086848,4535.8,,,outside_graph_control,gt_2km_control,"2017,2018,2019,2020,2021,2022,2023,2024,2025",undirected_osm_highway_utm31n
11011,CTRA. D'HORTA A CERDANYOLA - AV. ESTATUT (Sortida),2.15350250879794,41.4372114000455,4536.8,,,outside_graph_control,gt_2km_control,"2017,2018,2019,2020,2021,2022,2023,2024,2025",undirected_osm_highway_utm31n
13018,PG. VALLDAURA - GASELA (Baixada),2.16985328571021,41.4388404413877,4572.4,,,outside_graph_control,gt_2km_control,"2017,2018,2019,2020,2021,2022,2023,2024,2025",undirected_osm_highway_utm31n
13017,PG. VALLDAURA - ISARD (Pujada),2.17000178264723,41.438915647615,4581.3,,,outside_graph_control,gt_2km_control,"2017,2018,2019,2020,2021,2022,2023,2024,2025",undirected_osm_highway_utm31n
16004,SANT ADRIÀ - PG. L'HAVANA (Sentit Torras i Bages),2.19543659774195,41.4355378293433,4585.4,,,outside_graph_control,gt_2km_control,"2017,2018,2019,2020,2021,2022,2023,2024,2025",undirected_osm_highway_utm31n
7025,PG. VALLDAURA - ESCULTOR ORDOÑEZ (Baixada),2.17976824691788,41.4389892706886,4647.9,,,outside_graph_control,gt_2km_control,"2017,2018,2019,2020,2021,2022,2023,2024,2025",undirected_osm_highway_utm31n
7024,PG. VALLDAURA - SANT FRANCESC XAVIER (Pujada),2.179324,41.439067,4653.2,,,outside_graph_control,gt_2km_control,"2017,2018,2019,2020,2021,2022,2023,2024,2025",undirected_osm_highway_utm31n
7014,AV. RIO JANEIRO - ARGULLÓS (Llobregat),2.18285449286069,41.4402352832474,4815.3,,,outside_graph_control,gt_2km_control,"2017,2018,2019,2020,2021,2022,2023,2024,2025",undirected_osm_highway_utm31n
7028,PG. TORRAS I BAGES - RESIDÈNCIA (Llobregat),2.19091250206101,41.4403054581178,4963.2,,,outside_graph_control,gt_2km_control,"2017,2018,2019,2020,2021,2022,2023,2024,2025",undirected_osm_highway_utm31n
7027,PG. TORRAS I BAGES - RESIDÈNCIA (Besòs),2.19101844747515,41.4403222023756,4967.4,,,outside_graph_control,gt_2km_control,"2017,2018,2019,2020,2021,2022,2023,2024,2025",undirected_osm_highway_utm31n
7015,AV. RIO JANEIRO - JOAQUIM VALLS (Besós),2.1844969664331,41.4414843505667,4973.4,,,outside_graph_control,gt_2km_control,"2017,2018,2019,2020,2021,2022,2023,2024,2025",undirected_osm_highway_utm31n
7029,VIA JÚLIA - FRANCESC XAVIER  (sentit muntanya),2.17837466735042,41.4427399703874,5054.3,,,outside_graph_control,gt_2km_control,"2017,2018,2019,2020,2021,2022,2023,2024,2025",undirected_osm_highway_utm31n
7022,AV. MERIDIANA - RIO DE JANEIRO (Entrada),2.18606065513342,41.4420708545338,5060.5,,,outside_graph_control,gt_2km_control,"2017,2018,2019,2020,2021,2022,2023,2024,2025",undirected_osm_highway_utm31n
7030,VIA JÚLIA - BATLLORI  (sentit mar),2.1780638682536,41.4429273415817,5073.5,,,outside_graph_control,gt_2km_control,"2017,2018,2019,2020,2021,2022,2023,2024,2025",undirected_osm_highway_utm31n
16003,FERRAN JUNOY - SAO PAULO,2.19660020974202,41.4420396242204,5293.6,,,outside_graph_control,gt_2km_control,"2017,2018,2019,2020,2021,2022,2023,2024,2025",undirected_osm_highway_utm31n
16002,POTOSÍ - FERRAN JUNOY (Sentit Santa Coloma),2.19764185172385,41.4425552099912,5377.8,,,outside_graph_control,gt_2km_control,"2017,2018,2019,2020,2021,2022,2023,2024,2025",undirected_osm_highway_utm31n
16001,POTOSÍ - CIUTAT D'ASUNCIÓN (Sentit Torras i Bages),2.19762242636993,41.4427067719695,5392.9,,,outside_graph_control,gt_2km_control,"2017,2018,2019,2020,2021,2022,2023,2024,2025",undirected_osm_highway_utm31n
7023,AV. MERIDIANA - PG. SANTA COLOMA (Sortida),2.18719181690707,41.4450823605518,5406.7,,,outside_graph_control,gt_2km_control,"2017,2018,2019,2020,2021,2022,2023,2024,2025",undirected_osm_highway_utm31n
7019,PG. SANTA COLOMA - CTRA. DE RIBES (Besòs),2.18968658758166,41.4449161583602,5432.9,,,outside_graph_control,gt_2km_control,"2017,2018,2019,2020,2021,2022,2023,2024,2025",undirected_osm_highway_utm31n
7018,PG. SANTA COLOMA - PG. TORRAS I BAGES (Llobregat) ,2.18962140461431,41.4449541900293,5435.7,,,outside_graph_control,gt_2km_control,"2017,2018,2019,2020,2021,2022,2023,2024,2025",undirected_osm_highway_utm31n
16006,PG. SANTA COLOMA - C. TIANA (Sentit Llobregat) ,2.19806376689669,41.4479426516473,5951.9,,,outside_graph_control,gt_2km_control,"2017,2018,2019,2020,2021,2022,2023,2024,2025",undirected_osm_highway_utm31n
16007,PG. SANTA COLOMA - C. TIANA (Sentit Besós) ,2.2001276189647,41.4485694283737,6075.8,,,outside_graph_control,gt_2km_control,"2017,2018,2019,2020,2021,2022,2023,2024,2025",undirected_osm_highway_utm31n
