station_id,desc,did_bin,q_pre,q_post,delta_q,edge_i,snap_m,is_tac2020_other,q_assigned_pre,q_assigned_fixed,delta_q_simulated_fixed,delta_q_residual
4002,MUNTANER - CONSELL DE CENT  (sentit mar),on_or_immediate,20103.285714285717,18295.36842105263,-1807.917293233084,55366,0.2,False,17738.659843376492,26038.630955233457,8299.971111856965,-10107.888405090049
4061,PAU CLARIS - CONSELL DE CENT  (sentit mar),on_or_immediate,16768.14285714286,14022.375,-2745.7678571428587,43036,1.5,True,11776.192930289028,11776.192930289028,0.0,-2745.7678571428587
4072,CASANOVA - CONSELL DE CENT  (sentit muntanya),on_or_immediate,5041.571428571428,4936.583333333333,-104.9880952380954,37756,0.9,False,5430.950934310942,364.2515419977701,-5066.699392313172,4961.711297075077
4033,ARIBAU - DIPUTACIÓ  (sentit muntanya),on_or_immediate,20696.285714285717,18140.70833333333,-2555.5773809523816,44482,0.5,False,3419.776684205132,0.0,-3419.776684205132,864.1993032527503
4068,GRAN VIA - GIRONA,on_or_immediate,44997.0,47729.04166666666,2732.041666666664,55904,3.1,True,29768.82311158542,34783.241011851445,5014.417900266024,-2282.37623359936
4095,VILLARROEL - ARAGÓ  (sentit mar),on_or_immediate,10142.285714285714,10802.333333333334,660.0476190476202,55279,0.0,False,16788.359487499518,5750.517541046344,-11037.841946453173,11697.889565500793
4047,VALÈNCIA - GIRONA,0_250m,21367.14285714286,19260.416666666668,-2106.726190476191,31164,0.8,True,49052.714710093795,49120.37349350449,67.65878341069765,-2174.3849738868885
3004,GRAN VIA - ROCAFORT  (sentit Besòs),on_or_immediate,43444.142857142855,41094.31818181818,-2349.8246753246717,40562,2.8,True,45367.572119973665,48743.72537021096,3376.153250237294,-5725.977925561965
4026,PG. SANT JOAN - DIPUTACIÓ (Pujada),on_or_immediate,6533.428571428572,8963.478260869566,2430.0496894409944,28461,3.4,False,0.0,0.0,0.0,2430.0496894409944
4058,PASSEIG DE GRÀCIA - DIPUTACIÓ (Pujada),0_250m,7626.4,9381.0,1754.6000000000004,53432,5.9,False,0.0,20958.891525893316,20958.891525893316,-19204.291525893314
3006,GRAN VIA - VILADOMAT  (sentit Besòs),0_250m,45864.857142857145,43730.125,-2134.732142857145,55630,22.2,True,21142.97314614514,0.0,-21142.97314614514,19008.241003287996
4079,ARAGÓ - BAILÈN (sentit Llobregat),0_250m,62632.71428571428,58505.04347826087,-4127.670807453411,59145,1.9,True,47039.41107536218,17679.1504796722,-29360.26059568998,25232.589788236568
4052,DIPUTACIÓ - BALMES,0_250m,11535.285714285714,10661.0,-874.2857142857138,44120,0.4,False,12144.377304574095,0.0,-12144.377304574095,11270.09159028838
4021,COMTE URGELL- DIPUTACIÓ  (sentit muntanya),0_250m,16839.571428571428,12484.7,-4354.871428571427,55293,2.7,False,3777.2562674455803,11.06193635937025,-3766.1943310862102,-588.6770974852166
2008,AV. ROMA - CALÀBRIA  (sentit Llobregat),0_250m,1167.857142857143,1369.909090909091,202.0519480519481,23832,8.6,False,11901.865625045992,11863.263092427242,-38.60253261875005,240.65448067069815
4064,DIPUTACIÓ - BRUC,0_250m,10025.714285714286,9956.208333333334,-69.5059523809523,44083,0.9,False,15833.967922151853,20122.62595899508,4288.658036843226,-4358.163989224178
4098,PG. GRÀCIA - ARAGÓ (Baixada),0_250m,3596.0,5060.4,1464.3999999999996,37541,0.4,False,0.0,0.0,0.0,1464.3999999999996
4029,ARAGÓ - MUNTANER (sentit Llobregat),0_250m,60629.0,54929.708333333336,-5699.291666666664,59202,1.9,True,47829.31613858633,49065.65611833309,1236.3399797467646,-6935.631646413429
4080,BAILÈN - DIPUTACIÓ  (sentit mar),0_250m,5421.857142857143,5323.521739130435,-98.33540372670814,42955,0.8,False,367.3593408394806,367.3593408394806,0.0,-98.33540372670814
4051,BALMES - DIPUTACIÓ (baixada),0_250m,26120.42857142857,24509.58333333333,-1610.8452380952403,58048,0.0,False,17171.559548356003,4390.4633589998575,-12781.096189356145,11170.250951260905
2009,MALLORCA - CALÀBRIA  (sentit Llobregat),0_250m,14410.666666666666,10877.304347826086,-3533.36231884058,53177,1.9,False,22434.257661847572,13574.218576566087,-8860.039085281485,5326.676766440905
3010,ENTENÇA - SEPÚLVEDA  (sentit muntanya),0_250m,18759.0,17789.409090909092,-969.590909090908,30427,1.4,False,15912.799461652437,15912.799461652437,0.0,-969.590909090908
4071,AV. ROMA - VILLARROEL  (sentit Llobregat),0_250m,29252.571428571428,20247.5,-9005.071428571428,37724,1.9,False,0.0,0.0,0.0,-9005.071428571428
4049,MALLORCA - BRUC,0_250m,24009.0,16060.0,-7949.0,31155,2.9,False,18251.343238735444,32414.962092889327,14163.618854153883,-22112.618854153883
4053,ARAGÓ - RAMBLA DE CATALUNYA (sentit Llobregat),0_250m,56372.857142857145,51552.22727272727,-4820.629870129873,59183,4.3,True,27860.978499403016,28537.250505725246,676.2720063222296,-5496.901876452102
3012,SEPÚLVEDA - COMTE BORRELL  (sentit Llobregat),250_500m,18193.85714285714,20893.95833333333,2700.101190476191,33147,2.9,False,17976.841598613304,47419.78585661541,29442.944258002106,-26742.843067525915
4084,NÀPOLS - DIPUTACIÓ  (sentit mar),250_500m,4139.714285714285,4680.04347826087,540.3291925465846,49086,0.3,False,698.0529287320982,698.0529287320982,0.0,540.3291925465846
4077,ARAGÓ - NÀPOLS (sentit Llobregat),250_500m,43033.71428571428,47775.79166666666,4742.077380952382,59129,2.1,True,49813.56770529504,27961.873142620978,-21851.694562674063,26593.771943626445
3003,GRAN VIA - VILAMARÍ  (sentit Besòs),0_250m,41579.71428571428,44961.05263157895,3381.338345864664,29730,0.6,True,51768.48090261664,48743.72537021096,-3024.755532405681,6406.093878270345
4090,ARIBAU - ARAGÓ  (sentit muntanya),0_250m,18540.85714285714,19242.291666666668,701.4345238095266,60223,1.3,False,4069.457073196153,4194.887333230037,125.43026003388422,576.0042637756424
4010,PG. SANT JOAN - VALÈNCIA (Baixada),0_250m,5846.0,5924.041666666667,78.04166666666697,38978,7.5,False,736.3460774020301,1282.4664489507138,546.1203715486837,-468.0787048820167
4028,VALÈNCIA - CASANOVA,250_500m,15489.166666666666,16477.81818181818,988.651515151514,58245,2.2,True,2305.9701664483023,2305.9701664483023,0.0,988.651515151514
4035,GRAN VIA - PL. UNIVERSITAT  (sentit Besòs),250_500m,53780.57142857143,48858.181818181816,-4922.389610389611,47127,12.3,True,3375.5527563130263,14843.658054564892,11468.105298251867,-16390.494908641478
3033,SEPULVEDA - ENTENÇA  (sentit Llobregat),250_500m,12238.857142857143,13612.826086956522,1373.9689440993789,59996,5.6,False,28077.132145442298,28077.132145442298,0.0,1373.9689440993789
4062,GRAN VIA - PAU CLARIS (sentit Besós),250_500m,51764.142857142855,53395.29166666666,1631.1488095238092,44183,1.9,True,58508.19726264595,58508.19726264595,0.0,1631.1488095238092
3031,FLORIDABLANCA - ROCAFORT  (sentit Besòs),250_500m,7802.285714285715,7740.95652173913,-61.32919254658464,31228,0.1,False,30065.833151344767,30065.833151344767,0.0,-61.32919254658464
4065,ROGER DE LLÚRIA - CASP  (sentit muntanya),250_500m,15439.42857142857,10981.708333333334,-4457.720238095237,47004,0.8,True,12477.28144583995,12544.940229250644,67.65878341069401,-4525.379021505931
2014,TARRAGONA - CONSELL DE CENT (calçada Besòs),500_1000m,25912.714285714286,23427.869565217392,-2484.8447204968943,33250,0.6,False,36998.25423980292,36998.25423980292,0.0,-2484.8447204968943
3018,COMTE URGELL- FLORIDABLANCA,250_500m,13264.857142857143,10563.0,-2701.857142857143,30308,1.8,False,587.9794042456821,587.9794042456821,0.0,-2701.857142857143
3013,VILLARROEL - GRAN VIA  (sentit mar),250_500m,7746.666666666667,9282.95652173913,1536.289855072463,29076,1.1,False,6395.8867504897635,5750.517541046344,-645.3692094434191,2181.659064515882
4082,GRAN VIA - NÀPOLS (sentit Besós),250_500m,47159.0,45577.545454545456,-1581.454545454544,14748,19.1,True,0.0,0.0,0.0,-1581.454545454544
4063,VALÈNCIA - PAU CLARIS,250_500m,26823.0,26552.875,-270.125,30090,1.1,True,15986.926822574937,15986.926822574937,0.0,-270.125
4009,PG. SANT JOAN - CASP (Baixada),250_500m,8892.0,10145.791666666666,1253.791666666666,57886,10.3,False,736.3460774020301,1282.4664489507138,546.1203715486837,707.6712951179824
4042,ROSSELLÓ - AV. DIAGONAL (sentit Besòs),250_500m,17729.166666666668,16556.5,-1172.666666666668,1156,2.4,False,3062.4327796706275,3062.4327796706275,0.0,-1172.666666666668
4073,VALÈNCIA - RAMBLA DE CATALUNYA,250_500m,28240.85714285714,26879.70833333333,-1361.1488095238092,32183,0.6,True,19438.132963954424,19438.132963954424,0.0,-1361.1488095238092
4023,GRAN VIA - VILLARROEL (sentit Besòs),250_500m,46801.4,44731.65217391304,-2069.747826086961,40779,1.2,True,35244.37291569305,35244.37291569305,0.0,-2069.747826086961
4060,PG. SANT JOAN - AUSIÀS MARC (Pujada),250_500m,2742.428571428572,4064.7916666666665,1322.363095238095,40864,10.5,False,535.2060727826944,535.2060727826944,0.0,1322.363095238095
4097,PG. GRÀCIA - CASP (Pujada),250_500m,5709.0,7324.761904761905,1615.7619047619046,23401,2.4,False,0.0,0.0,0.0,1615.7619047619046
4027,MUNTANER - MALLORCA  (sentit mar),250_500m,19132.0,14804.869565217392,-4327.130434782608,43007,2.5,False,31572.700411069192,40432.739496350696,8860.039085281504,-13187.169520064112
2005,ENTENÇA - PROVENÇA  (sentit muntanya),250_500m,14695.285714285714,13690.833333333334,-1004.4523809523798,55028,0.6,False,16947.873923259427,16947.873923259427,0.0,-1004.4523809523798
2003,TARRAGONA - VALÈNCIA  (sentit mar),250_500m,8888.0,8512.095238095239,-375.9047619047615,51930,2.8,False,16132.468298209993,16132.468298209993,0.0,-375.9047619047615
4008,MALLORCA - CASANOVA  (sentit Llobregat),250_500m,24596.85714285714,13383.111111111111,-11213.74603174603,47393,2.7,False,22434.257661847572,13574.218576566087,-8860.039085281485,-2353.7069464645447
3015,CASANOVA - SEPÚLVEDA  (sentit muntanya),250_500m,5281.333333333333,5407.733333333334,126.40000000000056,42015,0.3,False,159.97746504604797,159.97746504604797,0.0,126.40000000000056
3014,SEPÚLVEDA - CASANOVA  (sentit Llobregat),250_500m,17571.5,19828.636363636364,2257.136363636364,5199,0.1,False,24356.36932179608,53799.31357979816,29442.94425800208,-27185.807894365716
4044,PAU CLARIS - PROVENÇA  (sentit mar),250_500m,18347.85714285714,16477.25,-1870.6071428571413,51289,0.8,True,27576.89016924837,35194.56391222653,7617.673742978157,-9488.280885835298
4013,SARDENYA - CONSELL DE CENT  (sentit mar),250_500m,7456.666666666667,6312.105263157895,-1144.561403508772,40278,1.7,False,4595.910652594587,4595.910652594587,0.0,-1144.561403508772
5011,RONDA UNIVERSITAT - PL. CATALUNYA  (sentit Llobregat),250_500m,24209.571428571428,23030.727272727272,-1178.8441558441557,6301,1.7,True,20253.443644595856,20253.443644595856,0.0,-1178.8441558441557
3020,AV. PARAL·LEL - LLEIDA (Baixada),500_1000m,10783.714285714286,12382.666666666666,1598.9523809523798,44831,15.7,False,5713.87250427643,5713.87250427643,0.0,1598.9523809523798
4091,PAU CLARIS - CASP (sentit mar),250_500m,15073.57142857143,9879.75,-5193.821428571429,49148,0.2,True,11776.192930289028,11776.192930289028,0.0,-5193.821428571429
3024,ROCAFORT - TAMARIT (mar),250_500m,4450.857142857143,3310.7916666666665,-1140.0654761904766,51906,3.0,False,4188.7518716147015,4188.7518716147015,0.0,-1140.0654761904766
3026,AV. PARAL·LEL - ENTENÇA (Mar),500_1000m,13376.333333333334,12648.91304347826,-727.4202898550739,33574,0.2,False,0.0,0.0,0.0,-727.4202898550739
4069,MALLORCA - BALMES  (sentit Llobregat),250_500m,15692.714285714286,15978.25,285.53571428571377,54920,3.1,False,26596.12782739363,26596.12782739363,0.0,285.53571428571377
4070,PELAI - RONDA UNIVERSITAT  (sentit Besòs),500_1000m,8124.0,8596.458333333334,472.45833333333394,37792,4.2,True,13418.191132801045,13418.191132801045,0.0,472.45833333333394
5019,TRAFALGAR - MENDEZ NÚÑEZ  (sentit Besòs),250_500m,4600.285714285715,8157.888888888889,3557.603174603174,54536,0.6,False,5839.502390883321,5839.502390883321,0.0,3557.603174603174
3022,CREU COBERTA - PL. ESPANYA (Pujada),500_1000m,7225.857142857143,7134.95,-90.9071428571433,33279,2.0,False,11031.245764675483,11031.245764675483,0.0,-90.9071428571433
3021,CREU COBERTA - BÉJAR (Baixada),500_1000m,6847.142857142857,6375.875,-471.2678571428569,33279,5.9,False,11031.245764675483,11031.245764675483,0.0,-471.2678571428569
4099,BALMES - MALLORCA (baixada),250_500m,31958.14285714286,29048.625,-2909.5178571428587,54917,0.6,False,4390.4633589998575,4390.4633589998575,0.0,-2909.5178571428587
6026,PG. SANT JOAN - INDÚSTRIA (Baixada),500_1000m,9964.0,9173.875,-790.125,51690,1.1,False,15315.563455373076,17968.82770540408,2653.264250031005,-3443.389250031005
4019,MARINA - DIPUTACIÓ (pujada),500_1000m,32338.285714285717,27500.272727272728,-4838.012987012986,29292,2.2,False,16992.922121968393,22007.34002223442,5014.417900266028,-9852.430887279013
4032,VALÈNCIA - SARDENYA  (sentit Besòs),500_1000m,15365.6,15073.136363636364,-292.4636363636364,50657,2.6,True,11196.1376655447,11196.1376655447,0.0,-292.4636363636364
4081,ROSSELLÓ - PG. DE GRÀCIA (sentit Besòs),500_1000m,9209.0,8684.916666666666,-524.0833333333339,43495,1.6,False,2265.8272740898587,2265.8272740898587,0.0,-524.0833333333339
4050,PASSEIG DE GRÀCIA - PROVENÇA (Pujada),500_1000m,13082.714285714286,13745.217391304348,662.5031055900618,53373,5.6,False,0.0,0.0,0.0,662.5031055900618
4045,PASSEIG DE GRÀCIA - ROSSELLÓ (Baixada),500_1000m,5114.142857142857,4645.166666666667,-468.9761904761899,53373,3.8,False,0.0,0.0,0.0,-468.9761904761899
4041,PROVENÇA - BALMES  (sentit Llobregat),500_1000m,8702.142857142857,8124.347826086957,-577.7950310558999,37527,0.4,False,19798.36370482495,19798.36370482495,0.0,-577.7950310558999
4038,SARDENYA - CASP  (sentit mar),500_1000m,8052.285714285715,7663.75,-388.5357142857147,47009,3.4,False,0.0,0.0,0.0,-388.5357142857147
5014,PELAI - BALMES,500_1000m,26759.285714285717,20846.809523809523,-5912.476190476191,5174,1.6,True,13418.191132801045,13418.191132801045,0.0,-5912.476190476191
6005,CÒRSEGA - NÀPOLS  (sentit Llobregat),500_1000m,14161.285714285714,16748.375,2587.0892857142862,46716,2.0,False,3924.6908231236516,4670.844244769592,746.1534216459399,1840.9358640683463
5012,FONTANELLA - PL. CATALUNYA,500_1000m,11373.833333333334,11221.916666666666,-151.91666666666788,24780,0.2,False,16506.284187891855,16506.284187891855,0.0,-151.91666666666788
4083,MARINA - CASP (Pujada),500_1000m,18198.0,17085.75,-1112.25,44437,5.2,False,0.0,0.0,0.0,-1112.25
6004,ROSSELLÓ - NÀPOLS (sentit Besòs),500_1000m,23899.14285714286,23150.590909090908,-748.5519480519506,39208,4.1,False,5007.717056993077,5007.717056993077,0.0,-748.5519480519506
3028,AV. PARAL·LEL -  JAUME FABRA (Pujada),500_1000m,14431.142857142857,13615.75,-815.3928571428569,47697,2.8,False,8015.908788464103,8015.908788464103,0.0,-815.3928571428569
4040,BALMES - ROSSELLÓ (baixada),500_1000m,31046.85714285714,29274.466666666667,-1772.390476190474,53048,0.1,False,9690.575573795228,9690.575573795228,0.0,-1772.390476190474
5017,PG. LLUÍS COMPANYS - ALMOGÀVERS (Pujada),500_1000m,8221.166666666666,12216.0,3994.833333333334,28785,2.7,False,7637.086590442952,8183.206961991635,546.1203715486827,3448.7129617846513
4086,JARDINS SALVADOR ESPRIU -DIAGONAL  (sentit Llobregat),500_1000m,11641.0,10222.347826086956,-1418.652173913044,56553,9.3,False,19521.41914421293,19521.41914421293,0.0,-1418.652173913044
4054,LEPANT - DIPUTACIÓ  (sentit mar),500_1000m,18614.714285714286,18081.35,-533.3642857142877,29270,1.4,False,22989.77141324787,22989.77141324787,0.0,-533.3642857142877
2001,PARÍS - VILADOMAT (sentit Besòs),500_1000m,9399.0,11521.91304347826,2122.91304347826,658,0.7,False,152.99804822538482,441.659723683682,288.66167545829717,1834.251368019963
4096,ROSSELLÓ - ARIBAU (sentit Besòs),500_1000m,7768.142857142857,7560.541666666667,-207.6011904761899,1140,4.5,False,6828.87272693517,6828.87272693517,0.0,-207.6011904761899
4039,ROSSELLÓ - BALMES (sentit Besòs),500_1000m,14054.857142857143,13764.375,-290.4821428571431,53038,0.9,False,6828.87272693517,6828.87272693517,0.0,-290.4821428571431
5020,ALMOGÀVERS - ROGER DE FLOR  (sentit Llobregat),500_1000m,3798.857142857143,3744.7391304347834,-54.11801242236015,28782,2.4,False,3800.8058084654344,3800.8058084654344,0.0,-54.11801242236015
4076,ARAGÓ - PADILLA (sentit Llobregat),500_1000m,41140.142857142855,33760.181818181816,-7379.961038961039,52919,5.2,True,44071.52012154443,39782.8620847012,-4288.658036843233,-3091.3030021178056
3030,VILADOMAT - PARLAMENT  (sentit mar),500_1000m,7359.142857142857,10332.2,2973.057142857144,33654,1.3,False,6736.832831431647,6736.832831431647,0.0,2973.057142857144
4006,PARÍS - VILLARROEL,500_1000m,11630.285714285714,28201.041666666668,16570.755952380954,31924,0.7,False,152.99804822538482,441.659723683682,288.66167545829717,16282.094276922657
5018,PG. LLUÍS COMPANYS - REC COMTAL (Baixada),500_1000m,14789.4,15855.0,1065.6000000000004,31002,0.6,False,0.0,0.0,0.0,1065.6000000000004
6007,INDÚSTRIA - NÀPOLS  (sentit Besòs),1_2km,4229.0,3806.1666666666665,-422.8333333333335,46214,0.8,True,0.0,0.0,0.0,-422.8333333333335
4094,VILLARROEL - PARÍS  (sentit mar),500_1000m,10887.57142857143,11060.583333333334,173.0119047619046,33355,2.3,False,8488.38837564256,8488.38837564256,0.0,173.0119047619046
4037,GRAN VIA - LEPANT (Besòs),500_1000m,36152.57142857143,38782.65217391304,2630.080745341613,38952,1.9,True,33274.40344823639,33274.40344823639,0.0,2630.080745341613
3029,RONDA DE SANT PAU - MARQUES DE CAMPO SAGRADO  (sentit muntanya),500_1000m,13699.0,12991.916666666666,-707.0833333333339,30151,0.2,False,0.0,0.0,0.0,-707.0833333333339
4055,PADILLA - GRAN VIA  (sentit muntanya),500_1000m,11948.142857142857,17094.0,5145.857142857143,56121,1.0,False,13900.848427027964,13900.848427027964,0.0,5145.857142857143
4007,AV. DIAGONAL - RAMBLA CATALUNYA (Baixada),500_1000m,16851.0,16558.25,-292.75,30217,20.2,False,19940.107301611766,19940.107301611766,0.0,-292.75
4003,ARIBAU - CÒRSEGA  (sentit muntanya),500_1000m,19737.0,22039.434782608696,2302.434782608696,32464,0.1,False,0.0,0.0,0.0,2302.434782608696
4011,CASANOVA - PARÍS  (sentit muntanya),500_1000m,16509.285714285714,14872.666666666666,-1636.6190476190477,714,0.1,False,8258.360545424479,8258.360545424479,0.0,-1636.6190476190477
4012,LONDRES - CASANOVA,1_2km,4394.6,4377.958333333333,-16.641666666667334,30558,3.2,False,0.0,0.0,0.0,-16.641666666667334
3032,COMTE BORRELL- MARQUÈS DE CAMPO SAGRADO  (sentit mar),1_2km,2914.8571428571427,3043.0,128.14285714285734,45610,0.2,False,0.0,0.0,0.0,128.14285714285734
6008,SANT ANTONI MARIA CLARET - SICÍLIA  (sentit Llobregat),1_2km,21402.33333333333,21970.13333333333,567.8000000000029,59798,0.6,False,5160.327338348732,7813.59158837974,2653.2642500310076,-2085.4642500310047
4001,URGELL - BUENOS AIRES  (sentit mar),1_2km,9491.0,6040.826086956522,-3450.173913043478,60079,1.4,False,0.0,0.0,0.0,-3450.173913043478
3007,GRAN VIA - FARELL (Sortida),1_2km,45696.28571428572,42433.17391304348,-3263.1118012422376,56606,18.5,True,48707.21137885364,45643.853313829204,-3063.358065024433,-199.75373621780454
4005,AV. DIAGONAL - RAMBLA CATALUNYA (Pujada),1_2km,11380.285714285714,12500.625,1120.3392857142862,30219,10.3,False,19940.107301611766,19940.107301611766,0.0,1120.3392857142862
4089,BÀLMES - PARÍS (baixada),500_1000m,27766.166666666668,25285.875,-2480.291666666668,32466,1.6,False,9690.575573795228,9690.575573795228,0.0,-2480.291666666668
4088,PARÍS - ARIBAU  (sentit Besòs),1_2km,12399.42857142857,10907.958333333334,-1491.4702380952367,31561,2.1,False,0.0,0.0,0.0,-1491.4702380952367
4087,MUNTANER - LONDRES  (sentit mar),1_2km,12639.142857142857,9160.625,-3478.517857142857,21564,1.8,False,5318.829682270801,5318.829682270801,0.0,-3478.517857142857
5027,PG. PUJADES - WELLINGTON (Llobregat),1_2km,2132.0,2209.478260869565,77.47826086956502,61327,0.2,False,4350.079216417891,4350.079216417891,0.0,77.47826086956502
3027,AV. PARAL·LEL - COMTE BORRELL (Muntanya),1_2km,11445.0,10380.944444444443,-1064.0555555555547,43765,1.7,False,0.0,0.0,0.0,-1064.0555555555547
5026,PG. PUJADES - ROGER DE FLOR (Besós),1_2km,4824.0,3661.55,-1162.4499999999998,46678,0.5,False,9104.005496876774,9104.005496876774,0.0,-1162.4499999999998
2004,NUMÀNCIA - MARQUES DE SENTMENAT V (sentit mar),1_2km,23720.0,24701.09523809524,981.0952380952368,31357,0.3,False,10658.616774529663,10658.616774529663,0.0,981.0952380952368
4018,AV. MERIDIANA - LEPANT (Baixada),1_2km,4901.428571428572,5761.041666666667,859.6130952380954,40799,0.3,False,10737.864417025874,10737.864417025874,0.0,859.6130952380954
4056,CONSELL DE CENT - CASTILLEJOS,1_2km,7866.285714285715,8570.125,703.8392857142853,32122,2.6,False,9013.388072154406,9013.388072154406,0.0,703.8392857142853
1015,AV. SARRIÀ - AV. JOSEP TARRADELLAS,1_2km,36414.57142857143,25947.5,-10467.071428571428,29762,0.9,False,19616.11534876487,19616.11534876487,0.0,-10467.071428571428
4014,AV. DIAGONAL - MUNTANER (Baixada),1_2km,10620.857142857143,10562.375,-58.48214285714312,53138,15.5,False,19940.107301611766,19940.107301611766,0.0,-58.48214285714312
8039,VIA AUGUSTA - LA GRANADA DEL PENEDÉS (Baixada),1_2km,6499.142857142857,5995.285714285715,-503.8571428571422,37152,0.6,False,8415.071134344927,8415.071134344927,0.0,-503.8571428571422
8038,VIA AUGUSTA - LUÍS ANTÚNEZ (Pujada),1_2km,5755.857142857143,4210.958333333333,-1544.89880952381,61044,0.4,False,0.0,0.0,0.0,-1544.89880952381
2018,PG. SANT ANTONI - ALCOLEA (Besòs),1_2km,3570.2,4302.583333333333,732.3833333333332,13643,7.6,False,7546.314188328179,7546.314188328179,0.0,732.3833333333332
4093,ARIBAU - DIAGONAL  (sentit muntanya),1_2km,14914.285714285714,14936.083333333334,21.797619047620174,16354,0.5,False,0.0,0.0,0.0,21.797619047620174
3034,AV. PARAL·LEL - RONDA SANT PAU (Baixada),1_2km,13929.285714285714,17899.25,3969.9642857142862,21062,8.8,False,16873.03312453068,16873.03312453068,0.0,3969.9642857142862
4036,BALMES - LA GRANADA (baixada),1_2km,28424.14285714286,26208.33333333333,-2215.8095238095266,30447,0.2,False,7022.936248146349,7022.936248146349,0.0,-2215.8095238095266
3011,GRAN VIA - TRAJÀ (Entrada),1_2km,39323.0,37067.782608695656,-2255.2173913043443,56598,0.2,True,41492.59340345748,38429.23533843305,-3063.358065024433,808.1406737200887
3036,AV. PARAL·LEL - ABAT SAFONT (Pujada),1_2km,22014.42857142857,19335.130434782608,-2679.2981366459644,21062,7.3,False,16873.03312453068,16873.03312453068,0.0,-2679.2981366459644
8001,TRAVESSERA DE GRÀCIA - BALMES,1_2km,16401.6,11688.42857142857,-4713.171428571428,45879,0.7,False,18489.010234587877,18489.010234587877,0.0,-4713.171428571428
2002,ENTENÇA - DEU I MATA  (sentit muntanya),1_2km,21646.42857142857,23501.5,1855.0714285714275,51952,0.9,False,21570.50125467256,21570.50125467256,0.0,1855.0714285714275
3008,GRAN VIA - MOIANÈS (Sortida),1_2km,34576.57142857143,34739.34782608696,162.77639751553215,36893,1.2,True,0.0,0.0,0.0,162.77639751553215
1002,AV. DIAGONAL - AV. SARRIÀ (Entrada),1_2km,15584.42857142857,14341.0,-1243.4285714285706,7393,5.3,False,15377.22276468987,15377.22276468987,0.0,-1243.4285714285706
4085,VALÈNCIA - DOS DE MAIG  (sentit Besòs),1_2km,13226.857142857143,12733.181818181818,-493.6753246753251,49256,1.0,True,16548.676551032142,16548.676551032142,0.0,-493.6753246753251
1005,AV. DIAGONAL - BEETHOVEN (Sortida),1_2km,13290.57142857143,20064.416666666668,6773.845238095239,7393,5.0,False,15377.22276468987,15377.22276468987,0.0,6773.845238095239
6022,CÒRSEGA - CARTAGENA  (sentit Llobregat),1_2km,9401.2,8284.78947368421,-1116.4105263157908,3028,2.5,False,5809.188317859999,5809.188317859999,0.0,-1116.4105263157908
4057,ARAGÓ - INDEPENDÈNCIA (sentit Llobregat),1_2km,37049.16666666666,34584.857142857145,-2464.3095238095198,49807,2.3,True,48091.368379083215,43802.71034223999,-4288.658036843226,1824.3485130337062
6023,ROSSELLÓ - CASTILLEJOS (sentit Besòs),1_2km,20444.571428571428,16546.916666666668,-3897.65476190476,44868,0.8,False,14681.190920889643,14681.190920889643,0.0,-3897.65476190476
8027,GRAN DE GRÀCIA - RAMBLA DEL PRAT (sentit muntanya),1_2km,10756.42857142857,10244.708333333334,-511.7202380952367,51819,2.2,False,8278.467874034186,8278.467874034186,0.0,-511.7202380952367
8018,MUNTANER - AVENIR (sentit mar),1_2km,13818.857142857143,12617.0,-1201.8571428571431,2625,0.6,False,20846.498054525073,20846.498054525073,0.0,-1201.8571428571431
5016,AV. MARQUÉS DE L'ARGENTERA - COMERÇ (Besós),1_2km,12212.42857142857,17546.85714285714,5334.428571428571,61412,4.8,False,4927.469257670241,4927.469257670241,0.0,5334.428571428571
5015,AV. MARQUÉS DE L'ARGENTERA - COMERÇ (Llobregat),1_2km,2481.1428571428573,3485.8571428571427,1004.7142857142852,57900,1.0,False,411.9556755572763,411.9556755572763,0.0,1004.7142857142852
2011,TRAVESSERA DE LES CORTS - VILAMUR (Llobregat),1_2km,14382.166666666666,15870.52380952381,1488.3571428571431,59049,0.2,False,13567.763662439002,13567.763662439002,0.0,1488.3571428571431
5002,VIA LAIETANA - MANRESA (Baixada),1_2km,16827.85714285714,10930.375,-5897.482142857141,31033,0.8,False,5638.206449046183,5638.206449046183,0.0,-5897.482142857141
7007,AV. MERIDIANA - CONSELL DE CENT (Entrada),1_2km,1604.142857142857,1585.3333333333333,-18.809523809523853,49595,3.3,False,395.15649298308534,395.15649298308534,0.0,-18.809523809523853
6011,LEPANT - LLORENS I BARBA  (sentit mar),control_gt2km,27462.285714285717,26776.066666666666,-686.2190476190481,1252,0.9,False,11141.811208042815,11141.811208042815,0.0,-686.2190476190481
9004,LLULL- MARINA (sentit Besòs),1_2km,3651.285714285714,3456.913043478261,-194.37267080745323,43678,0.7,False,3892.0230563040377,3892.0230563040377,0.0,-194.37267080745323
7017,AV. MERIDIANA - CLOT (Sortida),1_2km,5272.285714285715,3323.875,-1948.410714285715,34150,2.3,False,3766.0943259506384,3766.0943259506384,0.0,-1948.410714285715
2027,C. DE SANTS - SANT MEDIR (Sentit Pl. Espanya),1_2km,6043.714285714285,5219.958333333333,-823.7559523809523,37485,3.6,False,10755.531573717835,10755.531573717835,0.0,-823.7559523809523
2022,TRAV. DE LES CORTS - GALILEU (Besòs),1_2km,3295.285714285714,2964.375,-330.9107142857142,46144,5.0,False,15544.082367434412,15544.082367434412,0.0,-330.9107142857142
2013,NUMÀNCIA - ANGLESOLA  (sentit mar),1_2km,29737.0,21836.555555555555,-7900.444444444445,59012,1.3,False,12766.197186543566,12766.197186543566,0.0,-7900.444444444445
6012,PADILLA - ROSALIA DE CASTRO  (sentit muntanya),control_gt2km,17754.0,15599.083333333334,-2154.916666666666,59704,0.4,False,21001.676805033527,21001.676805033527,0.0,-2154.916666666666
2023,TRAV. DE LES CORTS - GALILEU (Llobregat),1_2km,12231.57142857143,10760.291666666666,-1471.2797619047633,45778,1.3,False,5744.435417357881,5744.435417357881,0.0,-1471.2797619047633
9005,RAMON TRIAS FARGAS - DR. TRUETA (sentit mar),1_2km,7930.571428571428,6720.045454545455,-1210.5259740259737,6520,0.7,False,10584.16192011462,10584.16192011462,0.0,-1210.5259740259737
1014,AV. SARRIÀ - DOCTOR FLEMING (pujada),1_2km,12248.6,11891.125,-357.4750000000004,32419,5.6,False,1838.1936503874215,1838.1936503874215,0.0,-357.4750000000004
5010,PG. COLOM - PL. D’IDRISSA DAILO (Llobregat),1_2km,20017.85714285714,18522.8,-1495.057142857142,33695,2.8,False,21955.491266216897,21955.491266216897,0.0,-1495.057142857142
8020,AV.DE LA RIERA DE CASSOLES - VALLIRANA (Baixada),1_2km,14060.42857142857,12887.09090909091,-1173.3376623376607,37038,4.0,False,3997.603310860679,3997.603310860679,0.0,-1173.3376623376607
5007,PL. PAU VILA - DOCTOR AIGUADER (Sentit Pla de Palau),1_2km,13436.0,13683.833333333334,247.83333333333397,29979,1.7,False,5339.424933227518,5339.424933227518,0.0,247.83333333333397
2020,AV. MADRID - TENOR MASINI (Besòs),1_2km,13804.142857142857,14815.78947368421,1011.6466165413532,32546,6.0,False,0.0,0.0,0.0,1011.6466165413532
2021,AV. MADRID - LLUÇÀ (Llobregat),1_2km,3935.571428571429,4871.1578947368425,935.586466165414,32546,1.1,False,0.0,0.0,0.0,935.586466165414
8032,RIERA DE CASSOLES - LES CAROLINES (Pujada),1_2km,2948.285714285714,5963.590909090909,3015.305194805195,61630,2.5,False,15926.273480116894,15926.273480116894,0.0,3015.305194805195
5004,PAS SOTA MURALLA - LLAUDER (Llobregat),1_2km,7041.142857142857,3461.7272727272725,-3579.4155844155844,33715,2.9,False,18299.007044683225,18299.007044683225,0.0,-3579.4155844155844
5003,PAS SOTA MURALLA - LLAUDER (Besòs),1_2km,25620.285714285717,22731.78947368421,-2888.496240601504,29942,4.6,False,17974.544892025082,17974.544892025082,0.0,-2888.496240601504
5008,DOCTOR AIGUADER - PIZARRO (Llobregat),control_gt2km,17017.285714285714,14549.42857142857,-2467.857142857143,36193,1.7,False,0.0,0.0,0.0,-2467.857142857143
5001,PG. COLOM - SIMÓ OLLER (Besòs),1_2km,16372.857142857143,15549.260869565218,-823.5962732919252,44001,0.7,False,0.0,0.0,0.0,-823.5962732919252
6017,RONDA DEL MIG - PL. ALFONS X EL SAVI (Llobregat),control_gt2km,11165.0,10290.826086956522,-874.173913043478,36709,1.3,False,18465.568702883407,18465.568702883407,0.0,-874.173913043478
9001,MARINA - DOCTOR TRUETA (Baixada),control_gt2km,8171.571428571428,9046.222222222224,874.6507936507942,54096,12.4,False,0.0,0.0,0.0,874.6507936507942
6024,CAMÈLIES - CA L'ALEGRE DE DALT,1_2km,4414.428571428572,4185.875,-228.5535714285716,18194,1.7,False,0.0,0.0,0.0,-228.5535714285716
8019,ARIBAU - MADRAZO (sentit muntanya),1_2km,10060.57142857143,11724.833333333334,1664.2619047619046,11688,0.2,False,3552.1487091488584,3552.1487091488584,0.0,1664.2619047619046
8022,TRAVESSERA DE DALT - MASSENS (Besòs),1_2km,31048.85714285714,31281.95833333333,233.1011904761908,32301,2.5,False,20457.97096100017,20457.97096100017,0.0,233.1011904761908
3017,GRAN VIA - QUÍMICA (Sortida),1_2km,15225.857142857143,35939.57142857143,20713.714285714283,45355,9.5,True,18142.969820600683,18142.969820600683,0.0,20713.714285714283
7038,MERIDIANA - VALÈNCIA (ENTRADA),1_2km,27676.571428571428,15629.833333333334,-12046.738095238094,58582,1.4,False,25747.435787205093,25747.435787205093,0.0,-12046.738095238094
6006,SANT ANTONI MARIA CLARET - INDEPENDÈNCIA  (sentit Llobregat),control_gt2km,28607.285714285717,26402.625,-2204.6607142857138,29207,1.7,False,20014.578314226987,20014.578314226987,0.0,-2204.6607142857138
8021,TRAVESSERA DE DALT - GRANJA (Llobregat),1_2km,28708.285714285717,27783.70833333333,-924.5773809523816,35246,2.5,False,30365.16376891212,30365.16376891212,0.0,-924.5773809523816
9010,RAMON TURRÓ - PAMPLONA (sentit Llobregat),control_gt2km,2022.7142857142856,1783.5416666666667,-239.17261904761904,25483,3.5,False,0.0,0.0,0.0,-239.17261904761904
6010,TÚNEL DE LA ROVIRA - BOCA SUD (Sentit Guinardó),control_gt2km,19867.285714285717,20119.53846153846,252.2527472527472,10356,2.9,False,4732.540465058625,4732.540465058625,0.0,252.2527472527472
10019,BADAJOZ - PUJADES (sentit muntanya),control_gt2km,4834.142857142857,5762.782608695652,928.6397515527952,43899,6.8,False,0.0,0.0,0.0,928.6397515527952
1032,GRAN VÍA CARLES III - TRAV. DE LES CORTS (Pujada),control_gt2km,16848.714285714286,16364.458333333334,-484.2559523809523,58890,17.0,True,0.0,0.0,0.0,-484.2559523809523
9002,AV. D'ICÀRIA - TRIAS FARGAS (Besòs),control_gt2km,1330.8333333333333,1385.0434782608695,54.21014492753625,29116,1.5,False,727.3449579086225,727.3449579086225,0.0,54.21014492753625
5006,PG. JOAN DE BORBÓ - MAQUINISTA (Sentit Pla de Palau),control_gt2km,7628.2,8900.2,1272.000000000001,60568,1.1,False,0.0,0.0,0.0,1272.000000000001
1033,GRAN VÍA CARLES III - TRAV. DE LES CORTS (Baixada),control_gt2km,19123.714285714286,18613.571428571428,-510.1428571428587,31937,0.3,True,7188.6126024729565,7188.6126024729565,0.0,-510.1428571428587
8016,VIA AUGUSTA - AMIGÓ (Baixada),control_gt2km,16972.714285714286,12967.391304347826,-4005.32298136646,29167,5.1,False,15604.589818679471,15604.589818679471,0.0,-4005.32298136646
7037,MERIDIANA - VALÈNCIA (SORTIDA),1_2km,19001.571428571428,10377.521739130434,-8624.049689440993,40041,0.4,False,18057.472529916184,18057.472529916184,0.0,-8624.049689440993
6030,SARDENYA - PL. SANLLEHY  (sentit mar),control_gt2km,6489.714285714285,7440.04347826087,950.3291925465846,11074,2.4,False,6817.591175154192,6817.591175154192,0.0,950.3291925465846
8031,CAN RÀBIA - RDA. GENERAL MITRE (Baixada),1_2km,5871.428571428572,6010.708333333333,139.27976190476147,22901,1.1,False,4971.138970317603,4971.138970317603,0.0,139.27976190476147
5028,PG. JOSEP CARNER - VILÀ I VILÀ (Besòs),control_gt2km,17661.14285714286,19011.0,1349.8571428571413,5865,13.3,False,0.0,0.0,0.0,1349.8571428571413
6029,CAMÈLIES - ABD EL-KADER  (sentit Besòs),control_gt2km,1771.142857142857,2296.782608695652,525.6397515527949,51741,4.7,False,0.0,0.0,0.0,525.6397515527949
8036,VIA AUGUSTA - ARIBAU (Sentit Pl. Molina),control_gt2km,18260.42857142857,11812.052631578948,-6448.375939849626,55920,3.8,False,6164.982332447932,6164.982332447932,0.0,-6448.375939849626
9006,MARINA - SALVADOR ESPRIU (Pujada),control_gt2km,15370.42857142857,15246.23076923077,-124.19780219780114,26847,2.1,False,4745.722267429738,4745.722267429738,0.0,-124.19780219780114
1011,AV. DIAGONAL - GANDESA (Entrada),control_gt2km,29213.85714285714,27823.5,-1390.3571428571413,46200,6.5,False,18067.33121916369,18067.33121916369,0.0,-1390.3571428571413
8037,VIA AUGUSTA - BRUSI (Sentit Rda. General Mitre),control_gt2km,11699.57142857143,9688.05,-2011.52142857143,55920,5.0,False,6164.982332447932,6164.982332447932,0.0,-2011.52142857143
4030,AV. DIAGONAL - LLACUNA (Baixada),control_gt2km,3159.833333333333,2389.9565217391305,-769.876811594203,15360,28.0,False,0.0,0.0,0.0,-769.876811594203
6031,AV. MARE DE DÉU DE MONTSERRAT - FRANÇA  (sentit Llobregat),control_gt2km,10177.42857142857,11382.791666666666,1205.3630952380954,38046,1.4,False,10540.690713014796,10540.690713014796,0.0,1205.3630952380954
7033,VALÈNCIA - TER  (sentit Besòs),control_gt2km,8978.142857142857,8466.434782608696,-511.7080745341609,21849,0.8,True,8576.357021768978,8576.357021768978,0.0,-511.7080745341609
8006,RDA. GENERAL MITRE - DR. FLEMING (Sentit Via Augusta),control_gt2km,14804.0,12912.416666666666,-1891.583333333334,45988,0.9,False,1641.0020270320774,1641.0020270320774,0.0,-1891.583333333334
8004,BALMES - COPÈRNIC (Baixada),control_gt2km,14623.285714285714,12518.833333333334,-2104.45238095238,37088,5.9,False,2874.9200392755606,2874.9200392755606,0.0,-2104.45238095238
8002,GANDUXER - VALERO  (sentit muntanya),control_gt2km,20101.0,16148.318181818182,-3952.681818181818,16537,1.4,False,0.0,0.0,0.0,-3952.681818181818
2012,AV. MADRID - PORTBOU  (sentit Besòs),control_gt2km,11725.42857142857,11731.15,5.721428571428987,1482,1.4,False,2271.520025572119,2271.520025572119,0.0,5.721428571428987
6014,RONDA GUINARDÓ - CARTAGENA (Besòs),control_gt2km,17288.5,15582.217391304348,-1706.282608695652,46067,1.2,False,15146.909625634127,15146.909625634127,0.0,-1706.282608695652
2025,C. DE SANTS - SUGRANYES (Sentit Pl. Espanya),control_gt2km,3514.428571428572,2897.75,-616.6785714285716,15152,2.1,False,6825.927996564981,6825.927996564981,0.0,-616.6785714285716
8015,VIA AUGUSTA - MODOLELL (Pujada),control_gt2km,23002.14285714286,16714.375,-6287.767857142859,39022,2.7,False,19375.429963923187,19375.429963923187,0.0,-6287.767857142859
8034,AV. REPÚBLICA ARGENTINA - BALLESTER,control_gt2km,25015.714285714286,18055.33333333333,-6960.380952380954,36418,2.7,False,16669.543243585744,16669.543243585744,0.0,-6960.380952380954
6015,RONDA GUINARDÓ - SANT QUINTÍ (Llobregat),control_gt2km,2919.714285714286,3009.285714285714,89.57142857142844,52824,1.0,False,5085.31900960999,5085.31900960999,0.0,89.57142857142844
8005,BALMES - COPÈRNIC (Pujada),control_gt2km,17482.428571428572,15458.823529411764,-2023.6050420168085,59570,2.5,False,7022.936248146349,7022.936248146349,0.0,-2023.6050420168085
9009,SALVADOR ESPRIU - ROSA SENSAT (sentit Llobregat),control_gt2km,16624.571428571428,17458.75,834.1785714285725,8063,1.3,False,1206.55577872208,1206.55577872208,0.0,834.1785714285725
8017,MUNTANER - COPÈRNIC (sentit mar),control_gt2km,8920.714285714286,13050.708333333334,4129.994047619048,3454,27.6,False,0.0,0.0,0.0,4129.994047619048
1008,CAPITÀ ARENAS - MANILA (baixada),control_gt2km,8976.5,8421.125,-555.375,30750,0.6,False,3302.8734802260024,3302.8734802260024,0.0,-555.375
8011,RDA. GENERAL MITRE - BALLESTER (Llobregat),control_gt2km,25067.85714285714,24885.041666666668,-182.81547619047345,36945,0.5,False,9971.695653270068,9971.695653270068,0.0,-182.81547619047345
1009,PG. MANUEL GIRONA - BENET I MATEU (sentit Llobregat),control_gt2km,11247.57142857143,10589.166666666666,-658.4047619047633,26349,1.5,False,1838.1936503874215,1838.1936503874215,0.0,-658.4047619047633
8003,RDA. GENERAL MITRE - SARAGOSSA (Besòs),control_gt2km,28905.0,29272.666666666668,367.6666666666679,36947,11.2,False,9971.695653270068,9971.695653270068,0.0,367.6666666666679
10015,BILBAO - CONCILI DE TRENTO (sentit mar),control_gt2km,14402.42857142857,14338.375,-64.05357142857065,30648,2.8,False,20757.797597844197,20757.797597844197,0.0,-64.05357142857065
8041,PG. SANT JOAN BOSCO - PL. PRAT DE LA RIBA (Pujada),control_gt2km,10092.857142857143,10112.041666666666,19.184523809522943,27832,5.6,False,14910.004802964555,14910.004802964555,0.0,19.184523809522943
8035,PG. SANT JOAN BOSCO - F. CARBONELL (Baixada),control_gt2km,4022.714285714286,3946.1666666666665,-76.54761904761926,27832,2.0,False,14910.004802964555,14910.004802964555,0.0,-76.54761904761926
11033,AV. VALLCARCA - AGRAMUNT (Pujada),control_gt2km,13756.714285714286,15857.541666666666,2100.82738095238,48305,4.2,False,0.0,0.0,0.0,2100.82738095238
11034,AV. VALLCARCA - AGRAMUNT (Baixada),control_gt2km,4790.2,4743.277777777777,-46.922222222222445,55927,1.2,False,4961.590655468167,4961.590655468167,0.0,-46.922222222222445
1006,AV. DIAGONAL - PLAÇA PIUS XII (Entrada),control_gt2km,20957.285714285717,21093.571428571428,136.28571428571377,36826,5.9,False,3845.3544072568216,3845.3544072568216,0.0,136.28571428571377
10005,ARAGÓ - BILBAO (Besòs),control_gt2km,6709.857142857143,4924.875,-1784.9821428571431,15476,1.0,True,5669.318678152638,5669.318678152638,0.0,-1784.9821428571431
1007,AV. DIAGONAL- DOCTOR FERRAN (Sortida),control_gt2km,36924.28571428572,38906.769230769234,1982.4835164835167,36826,6.1,False,3845.3544072568216,3845.3544072568216,0.0,1982.4835164835167
6019,PG. MARAGALL - ESCORNALBOU (Sentit Horta),control_gt2km,12341.142857142857,5541.238095238095,-6799.9047619047615,38773,3.4,False,12852.342578403379,12852.342578403379,0.0,-6799.9047619047615
6018,PG. MARAGALL - ESCORNALBOU (Sentit Eixample),control_gt2km,11014.142857142857,9089.5,-1924.6428571428569,38769,4.7,False,12852.342578403379,12852.342578403379,0.0,-1924.6428571428569
9003,AV. LITORAL - ARQUITECTE SERT (sentit mar),control_gt2km,12077.714285714286,11292.857142857143,-784.8571428571431,48421,1.4,False,356.0096774629661,356.0096774629661,0.0,-784.8571428571431
7004,MALLORCA - BISCAIA,control_gt2km,11156.285714285714,7864.041666666667,-3292.244047619047,48230,0.5,False,1415.6266415824816,1415.6266415824816,0.0,-3292.244047619047
8008,RDA. GENERAL MITRE - GANDUXER (Besòs),control_gt2km,23090.42857142857,22654.08333333333,-436.3452380952404,29203,10.4,False,38023.87392694421,38023.87392694421,0.0,-436.3452380952404
1031,JOAN XXIII - MENÉNDEZ PELAYO (Besòs),control_gt2km,2374.285714285714,2226.5,-147.78571428571422,54867,18.7,False,8158.4340765159795,8158.4340765159795,0.0,-147.78571428571422
8009,RDA. GENERAL MITRE - TORRAS I PUJALT (Llobregat),control_gt2km,20320.571428571428,18025.83333333333,-2294.7380952380954,29202,0.4,False,38023.87392694421,38023.87392694421,0.0,-2294.7380952380954
2017,SANTS - RIERA BLANCA (sentit Hospitalet),control_gt2km,13398.166666666666,14911.666666666666,1513.5,36210,2.5,False,10793.822172052676,10793.822172052676,0.0,1513.5
1027,DOCTOR FERRAN - PG. MANUEL GIRONA (baixada),control_gt2km,10424.142857142857,10595.684210526317,171.54135338345804,47369,0.8,False,0.0,0.0,0.0,171.54135338345804
7021,NAVAS DE TOLOSA - JOSEP ESTIVILL  (sentit mar),control_gt2km,10556.857142857143,9322.166666666666,-1234.690476190477,46258,0.2,False,16287.838395291805,16287.838395291805,0.0,-1234.690476190477
17005,AV. DIAGONAL - PERE IV (Pujada),control_gt2km,5721.285714285715,6790.25,1068.964285714285,40774,3.1,False,3704.4761124904508,3704.4761124904508,0.0,1068.964285714285
8028,VIA AUGUSTA - DOCTOR ROUX (Pujada),control_gt2km,27831.571428571428,15647.454545454546,-12184.116883116882,27867,13.6,False,4801.383951633934,4801.383951633934,0.0,-12184.116883116882
8012,VIA AUGUSTA - VERGÓS (Baixada),control_gt2km,25921.33333333333,20581.58333333333,-5339.75,38991,1.6,False,1817.9151373237853,1817.9151373237853,0.0,-5339.75
1029,ARISTIDES MAILLOL - CARDENAL REIG (Pujada),control_gt2km,7805.428571428572,8608.42857142857,802.9999999999991,34446,15.8,False,16029.448192579577,16029.448192579577,0.0,802.9999999999991
1028,ARISTIDES MAILLOL - CARDENAL REIG (Baixada),control_gt2km,10888.142857142857,10604.583333333334,-283.55952380952294,34446,1.7,False,16029.448192579577,16029.448192579577,0.0,-283.55952380952294
8033,VERGÓS - RAFAEL BATLLE (Besòs),control_gt2km,13403.714285714286,19493.81818181818,6090.103896103894,61225,3.0,False,2204.352380224744,2204.352380224744,0.0,6090.103896103894
8040,VERGÒS - RAFAEL BATLLE (Llobregat),control_gt2km,4007.428571428572,4218.681818181818,211.2532467532465,61226,1.6,False,13733.199348360075,13733.199348360075,0.0,211.2532467532465
11019,AV. REPÚBLICA ARGENTINA - VIADUCTE VALLCARCA (Baixada),control_gt2km,5947.857142857143,6214.625,266.7678571428569,30489,3.0,False,9814.54183649398,9814.54183649398,0.0,266.7678571428569
13019,RONDA GUINARDO - ART(sentit Llobregat),control_gt2km,975.0,1326.7083333333333,351.70833333333326,57185,0.2,False,1514.0267995653314,1514.0267995653314,0.0,351.70833333333326
8042,MUNTANER - ARIMON  (sentit mar),control_gt2km,13834.857142857143,14639.695652173914,804.8385093167708,699,0.4,False,11699.078334082433,11699.078334082433,0.0,804.8385093167708
1013,AV. PEDRALBES - PG. MANUEL GIRONA (Baixada),control_gt2km,6492.0,6388.782608695652,-103.21739130434798,52088,0.2,False,0.0,0.0,0.0,-103.21739130434798
11018,AV. REPÚBLICA ARGENTINA - VIADUCTE VALLCARCA (Pujada),control_gt2km,16494.14285714286,16677.904761904763,183.7619047619046,49445,11.4,False,527.1434624663343,527.1434624663343,0.0,183.7619047619046
10002,BAC DE RODA - BOLIVIA (Pujada),control_gt2km,17059.14285714286,21895.272727272728,4836.129870129869,16038,1.2,False,8761.765255092541,8761.765255092541,0.0,4836.129870129869
7006,SANT ANTONI MARIA CLARET - ESPRONCEDA  (sentit Llobregat),control_gt2km,13234.5,10402.272727272728,-2832.227272727272,28659,1.0,False,13218.823260125353,13218.823260125353,0.0,-2832.227272727272
1022,AV. PEDRALBES - PG. MANUEL GIRONA (Pujada),control_gt2km,3914.571428571429,4009.272727272728,94.70129870129904,54722,1.4,False,4082.0013073624445,4082.0013073624445,0.0,94.70129870129904
8053,BALMES - CASTANYER (Pujada),control_gt2km,15413.57142857143,15703.0,289.42857142857065,15084,3.4,False,14044.88235175474,14044.88235175474,0.0,289.42857142857065
7010,AV. MERIDIANA - SANT ANTONI MARIA CLARET (Entrada),control_gt2km,21766.571428571428,15332.15,-6434.421428571428,55701,15.6,False,18240.77522600479,18240.77522600479,0.0,-6434.421428571428
8054,EDUARDO CONDE - CARDENAL VIVES I TUTÓ (sentit muntanya),control_gt2km,8392.857142857143,8098.761904761905,-294.0952380952385,9113,2.2,False,0.0,0.0,0.0,-294.0952380952385
7034,FELIP II - JOSEP ESTIVILL (sentit muntanya),control_gt2km,14749.57142857143,14122.652173913044,-626.9192546583854,54801,0.9,False,5460.328052961943,5460.328052961943,0.0,-626.9192546583854
8051,AV. J.V.FOIX - CARDENAL VIVES I TUTOR (Pujada),control_gt2km,3457.714285714286,3064.6666666666665,-393.04761904761926,54693,3.8,False,0.0,0.0,0.0,-393.04761904761926
1003,AV. DIAGONAL - ADOLF FLORENSA (Entrada),control_gt2km,18328.14285714286,18056.75,-271.3928571428587,12298,2.3,False,0.0,0.0,0.0,-271.3928571428587
1004,AV. DIAGONAL - PASCUAL VILA (Sortida),control_gt2km,38320.0,39274.71428571428,954.7142857142826,41894,6.1,False,0.0,0.0,0.0,954.7142857142826
7035,FELIP II - AV. MERIDIANA  (sentit muntanya),control_gt2km,7433.0,8078.347826086957,645.347826086957,59911,0.7,False,16116.27266461889,16116.27266461889,0.0,645.347826086957
11024,ESTEVE TERRADES - JOSEP JOVER (Baixada),control_gt2km,15043.285714285714,14815.384615384615,-227.9010989010985,49985,1.4,False,13605.195036123447,13605.195036123447,0.0,-227.9010989010985
11022,CRAYWINCKEL - AV. REPÚBLICA ARGENTINA (sentit Llobregat),control_gt2km,7333.0,7228.708333333333,-104.29166666666696,1816,1.3,False,6993.55051914403,6993.55051914403,0.0,-104.29166666666696
13011,PG. MARAGALL - ACÀCIES (Sentit Eixample),control_gt2km,9499.0,12316.952380952382,2817.9523809523816,30606,3.7,False,8448.573819421788,8448.573819421788,0.0,2817.9523809523816
11023,ESTEVE TERRADES - JOSEP JOVER (Pujada),control_gt2km,4605.5,3891.478260869565,-714.021739130435,48047,0.4,False,10379.588939091866,10379.588939091866,0.0,-714.021739130435
11026,AV. VALLCARCA - GUSTAVO BÈCQUER (Baixada),control_gt2km,4334.428571428572,4256.25,-78.17857142857156,24131,3.4,False,0.0,0.0,0.0,-78.17857142857156
8052,AV. DE PEDRALBES - C. DE BOSCH I GIMPERA (Pujada),control_gt2km,8091.142857142857,5157.454545454545,-2933.688311688312,52108,2.4,False,0.0,0.0,0.0,-2933.688311688312
11030,AV. TIBIDABO - PG. SANT GERVASI (pujada),control_gt2km,3010.428571428572,2584.5,-425.9285714285716,47280,9.4,False,0.0,0.0,0.0,-425.9285714285716
8014,PG. BONANOVA - IRADIER (Besós),control_gt2km,13514.57142857143,13756.652173913044,242.0807453416146,15031,0.2,False,0.0,0.0,0.0,242.0807453416146
8013,PG. BONANOVA - IRADIER (Llobregat),control_gt2km,5990.571428571428,5716.391304347826,-274.18012422360243,39584,1.8,False,0.0,0.0,0.0,-274.18012422360243
8045,PG. SANT GERVASI - PL. BONANOVA (Besòs),control_gt2km,9794.285714285714,9533.454545454546,-260.8311688311678,8857,4.6,False,3967.5412476981273,3967.5412476981273,0.0,-260.8311688311678
11025,AV. VALLCARCA - GUSTAVO BÈCQUER (Pujada),control_gt2km,4096.571428571428,3760.652173913044,-335.91925465838494,24641,4.9,False,4812.973242412003,4812.973242412003,0.0,-335.91925465838494
8046,PG. SANT GERVASI - TEODORA LAMADRID (Llobregat),control_gt2km,11479.714285714286,11396.416666666666,-83.29761904762017,8857,3.9,False,3967.5412476981273,3967.5412476981273,0.0,-83.29761904762017
8023,VIA AUGUSTA - PG. BONANOVA (Sortida),control_gt2km,18356.571428571428,13784.842105263158,-4571.729323308269,15326,2.2,False,0.0,0.0,0.0,-4571.729323308269
11021,PG. SANT GERVASI - GARCÍA MARIÑO (pujada),control_gt2km,14727.857142857143,14967.666666666666,239.80952380952291,18446,2.0,False,7105.683252543617,7105.683252543617,0.0,239.80952380952291
11008,TÚNEL DE LA ROVIRA - BOCA NORD (Sentit Horta),control_gt2km,17279.428571428572,16772.833333333332,-506.5952380952404,9536,0.9,False,3668.366458394424,3668.366458394424,0.0,-506.5952380952404
11009,TÚNEL DE LA ROVIRA - BOCA NORD (Sentit Guinardó),control_gt2km,18529.714285714286,16789.6,-1740.1142857142877,35064,1.0,False,4732.540465058625,4732.540465058625,0.0,-1740.1142857142877
11020,AV. REPÚBLICA ARGENTINA - PL. ALFONSO COMÍN (baixada),control_gt2km,12412.714285714286,14965.8,2553.085714285713,12820,0.3,False,1280.0156729112796,1280.0156729112796,0.0,2553.085714285713
7016,CONCEPCIÓ ARENAL - CIENFUEGOS,control_gt2km,5048.142857142857,5538.952380952381,490.8095238095239,36750,0.9,False,0.0,0.0,0.0,490.8095238095239
8043,PG. REINA ELISENDA - PARRÒQUIA (Besòs),control_gt2km,5993.428571428572,7589.583333333333,1596.1547619047617,25106,2.1,False,1087.122926150227,1087.122926150227,0.0,1596.1547619047617
11005,PG. SANT GERVASI - PL. ALFONS COMÍN (sentit muntanya),control_gt2km,7952.285714285715,7991.083333333333,38.79761904761836,18446,0.5,False,7105.683252543617,7105.683252543617,0.0,38.79761904761836
8044,PG. REINA ELISENDA - MAJOR DE SARRIÀ (Llobregat),control_gt2km,9745.833333333334,9026.826086956522,-719.007246376812,25106,3.7,False,1087.122926150227,1087.122926150227,0.0,-719.007246376812
7008,AV. MERIDIANA - GARCILASO (Sortida),control_gt2km,19193.285714285717,18108.0625,-1085.2232142857138,34373,0.1,False,0.0,0.0,0.0,-1085.2232142857138
13007,RAMÓN ALBÓ - PG. MARAGALL (sentit muntanya),control_gt2km,17830.571428571428,12345.318181818182,-5485.253246753246,13359,0.7,False,0.0,0.0,0.0,-5485.253246753246
11007,ESTEVE TERRADES - PL. ALFONS COMÍN (Pujada),control_gt2km,12803.42857142857,12393.333333333334,-410.0952380952367,24151,1.3,False,17713.009902726317,17713.009902726317,0.0,-410.0952380952367
17008,PG. VALL D'HEBRON - C. DE TICIÀ (LLOBREGAT),control_gt2km,10354.2,10614.125,259.9249999999993,11365,6.2,False,0.0,0.0,0.0,259.9249999999993
1012,AV. DIAGONAL - TORRE MELINA (Lateral Entrada),control_gt2km,17025.14285714286,16004.681818181818,-1020.4610389610408,41038,1.1,False,0.0,0.0,0.0,-1020.4610389610408
1021,GONZÁLEZ TABLAS - AV. EXÈRCIT (Baixada),control_gt2km,3988.285714285714,3604.4166666666665,-383.8690476190477,29462,3.0,False,923.3310662177036,923.3310662177036,0.0,-383.8690476190477
8047,AV. DE J.V. FOIX - MONESTIR (Mar),control_gt2km,8274.42857142857,8249.708333333334,-24.72023809523671,47988,3.6,False,0.0,0.0,0.0,-24.72023809523671
8049,BISBE CATALÀ - BOSCH I GIMPERA (Besòs),control_gt2km,5741.0,5609.25,-131.75,32220,5.2,False,1087.122926150227,1087.122926150227,0.0,-131.75
17009,RDA. DALT SORTIDA 6 LLOBREGAT,control_gt2km,13314.857142857143,12224.416666666666,-1090.440476190477,16326,2.9,False,8224.04540931882,8224.04540931882,0.0,-1090.440476190477
8050,BISBE CATALÀ - BOSCH I GIMPERA (Llobregat),control_gt2km,4452.714285714285,3997.375,-455.3392857142853,45115,4.9,False,1087.122926150227,1087.122926150227,0.0,-455.3392857142853
13001,PG. MARAGALL - MOSSEN JOSEP BUNDÓ (Sentit Eixample),control_gt2km,6817.428571428572,8555.545454545454,1738.1168831168825,42817,4.8,False,10790.05774819179,10790.05774819179,0.0,1738.1168831168825
13002,PG. MARAGALL - SABASTIDA (Sentit Horta),control_gt2km,8798.142857142857,7053.5,-1744.6428571428569,42817,3.2,False,10790.05774819179,10790.05774819179,0.0,-1744.6428571428569
11006,AV. VALLCARCA - CAPELLADES (Pujada),control_gt2km,4327.571428571428,4068.9166666666665,-258.6547619047619,47880,0.2,False,0.0,0.0,0.0,-258.6547619047619
8048,AV. DE J.V. FOIX - MONESTIR (Muntanya),control_gt2km,6463.142857142857,5976.25,-486.8928571428569,17868,2.7,False,0.0,0.0,0.0,-486.8928571428569
1001,AV. DIAGONAL - TORRE MELINA (Entrada),control_gt2km,32952.142857142855,31866.869565217392,-1085.2732919254631,22737,7.4,False,0.0,0.0,0.0,-1085.2732919254631
10008,CANTÀBRIA - GUIPÚSCOA (Pujada),control_gt2km,3612.857142857143,4337.64705882353,724.7899159663871,57808,5.4,False,3092.2991521264776,3092.2991521264776,0.0,724.7899159663871
1016,AV. ESPLUGUES - SANTA CATERINA DE SIENA (Besós),control_gt2km,5465.571428571428,5220.083333333333,-245.4880952380954,51069,1.2,False,7557.952066828542,7557.952066828542,0.0,-245.4880952380954
1026,AV. ESPLUGUES - MIRET I SANS (Llobregat),control_gt2km,6056.8,5337.791666666667,-719.0083333333332,51069,3.9,False,7557.952066828542,7557.952066828542,0.0,-719.0083333333332
7003,AV. MERIDIANA - CARDENAL TEDESCHINI (Sortida),control_gt2km,21708.83333333333,20431.714285714286,-1277.119047619046,51993,2.0,False,0.0,0.0,0.0,-1277.119047619046
7001,ESCÒCIA - MALGRAT,control_gt2km,9652.285714285714,8080.25,-1572.0357142857138,46809,29.6,False,0.0,0.0,0.0,-1572.0357142857138
13008,ARNAU D'OMS - ESCÒCIA,control_gt2km,12415.6,10835.727272727272,-1579.8727272727283,44546,23.1,False,0.0,0.0,0.0,-1579.8727272727283
10009,GUIPÚSCOA - MARESME (Llobregat),control_gt2km,6250.571428571428,8358.958333333334,2108.386904761905,37649,22.3,False,0.0,0.0,0.0,2108.386904761905
10010,GUIPÚSCOA - PUIGCERDÀ (Besós),control_gt2km,9772.142857142857,10770.272727272728,998.129870129871,37649,1.2,False,0.0,0.0,0.0,998.129870129871
13012,AVINGUDA DELS QUINZE - JOAN ALCOVER,control_gt2km,11147.714285714286,11273.809523809525,126.09523809523672,45543,42.9,False,0.0,0.0,0.0,126.09523809523672
7036,DUBLÍN - CONCEPCIÓ ARENAL  (sentit Besòs),control_gt2km,4723.142857142857,4683.666666666667,-39.47619047618991,51997,74.8,False,0.0,0.0,0.0,-39.47619047618991
11027,GENERAL VIVES - MAJOR DE SARRIÀ (Besòs),control_gt2km,13860.166666666666,12865.09090909091,-995.075757575756,27762,59.4,False,0.0,0.0,0.0,-995.075757575756
17006,"SORTIDA 24, RONDA LITORAL (sentit Besòs)",control_gt2km,6217.0,6110.416666666667,-106.58333333333304,40129,56.5,False,0.0,0.0,0.0,-106.58333333333304
17004,AV. LITORAL - SELVA DE MAR (sentit Besòs),control_gt2km,3979.142857142857,4162.869565217391,183.7267080745337,40129,64.0,False,0.0,0.0,0.0,183.7267080745337
